fecha_boletin;accion;tipo;fecha_vencimiento;strike;spot;volatilidad_cierre;delta_cierre;volumen_contratos;posicion_abierta
28/09/26;MINI IBEX-35;CALL;Oct-26;17.000;19600.3;27,90;0,99;;5
28/09/26;MINI IBEX-35;CALL;Oct-26;18.000;19600.3;23,30;0,95;;3
28/09/26;MINI IBEX-35;CALL;Oct-26;18.100;19600.3;22,84;0,95;;3
28/09/26;MINI IBEX-35;CALL;Oct-26;18.600;19600.3;20,54;0,88;;3
28/09/26;MINI IBEX-35;CALL;Oct-26;19.000;19600.3;18,69;0,79;;4
28/09/26;MINI IBEX-35;CALL;Oct-26;19.050;19600.3;18,46;0,77;;1
28/09/26;MINI IBEX-35;CALL;Oct-26;19.150;19600.3;18,00;0,74;;1
28/09/26;MINI IBEX-35;CALL;Oct-26;19.200;19600.3;17,77;0,72;;3
28/09/26;MINI IBEX-35;CALL;Oct-26;19.300;19600.3;17,31;0,68;;3
28/09/26;MINI IBEX-35;CALL;Oct-26;19.400;19600.3;16,85;0,63;;5
28/09/26;MINI IBEX-35;CALL;Oct-26;19.450;19600.3;16,62;0,60;2;12
28/09/26;MINI IBEX-35;CALL;Oct-26;19.500;19600.3;16,39;0,58;;2
28/09/26;MINI IBEX-35;CALL;Oct-26;19.550;19600.3;16,16;0,55;;11
28/09/26;MINI IBEX-35;CALL;Oct-26;19.600;19600.3;15,93;0,52;;8
28/09/26;MINI IBEX-35;CALL;Oct-26;19.650;19600.3;15,75;0,50;;7
28/09/26;MINI IBEX-35;CALL;Oct-26;19.700;19600.3;15,65;0,47;;5
28/09/26;MINI IBEX-35;CALL;Oct-26;19.750;19600.3;15,55;0,44;10;10
28/09/26;MINI IBEX-35;CALL;Oct-26;19.800;19600.3;15,44;0,41;1;111
28/09/26;MINI IBEX-35;CALL;Oct-26;19.850;19600.3;15,34;0,38;;1
28/09/26;MINI IBEX-35;CALL;Oct-26;19.900;19600.3;15,24;0,35;;11
28/09/26;MINI IBEX-35;CALL;Oct-26;19.950;19600.3;15,14;0,32;;3
28/09/26;MINI IBEX-35;CALL;Oct-26;20.000;19600.3;15,03;0,30;10;36
28/09/26;MINI IBEX-35;CALL;Oct-26;20.050;19600.3;14,93;0,27;1;101
28/09/26;MINI IBEX-35;CALL;Oct-26;20.100;19600.3;14,83;0,24;2;105
28/09/26;MINI IBEX-35;CALL;Oct-26;20.150;19600.3;14,72;0,22;;12
28/09/26;MINI IBEX-35;CALL;Oct-26;20.200;19600.3;14,62;0,20;5;118
28/09/26;MINI IBEX-35;CALL;Oct-26;20.250;19600.3;14,52;0,17;;12
28/09/26;MINI IBEX-35;CALL;Oct-26;20.300;19600.3;14,42;0,15;;8
28/09/26;MINI IBEX-35;CALL;Oct-26;20.350;19600.3;14,31;0,13;;1
28/09/26;MINI IBEX-35;CALL;Oct-26;20.400;19600.3;14,21;0,12;;3
28/09/26;MINI IBEX-35;CALL;Oct-26;20.450;19600.3;14,11;0,10;;2
28/09/26;MINI IBEX-35;CALL;Oct-26;20.500;19600.3;14,01;0,09;;15
28/09/26;MINI IBEX-35;CALL;Oct-26;20.550;19600.3;13,90;0,07;;1
28/09/26;MINI IBEX-35;CALL;Oct-26;20.600;19600.3;13,80;0,06;;106
28/09/26;MINI IBEX-35;CALL;Oct-26;20.650;19600.3;13,70;0,05;;106
28/09/26;MINI IBEX-35;CALL;Oct-26;20.700;19600.3;13,59;0,04;10;125
28/09/26;MINI IBEX-35;CALL;Oct-26;20.750;19600.3;13,49;0,03;1;101
28/09/26;MINI IBEX-35;CALL;Oct-26;20.800;19600.3;13,39;0,03;;12
28/09/26;MINI IBEX-35;CALL;Oct-26;20.900;19600.3;13,18;0,02;;1
28/09/26;MINI IBEX-35;CALL;Oct-26;21.000;19600.3;12,98;0,01;;11
28/09/26;MINI IBEX-35;CALL;Oct-26;21.100;19600.3;12,77;0,01;;4
28/09/26;MINI IBEX-35;CALL;Oct-26;21.200;19600.3;12,57;;;1
28/09/26;MINI IBEX-35;CALL;Oct-26;21.300;19600.3;12,36;;;5
28/09/26;MINI IBEX-35;CALL;Oct-26;21.400;19600.3;12,16;;;2
28/09/26;MINI IBEX-35;CALL;Oct-26;21.600;19600.3;11,75;;;2
28/09/26;MINI IBEX-35;CALL;Nov-26;19.200;19600.3;17,30;0,64;;1
28/09/26;MINI IBEX-35;CALL;Nov-26;19.300;19600.3;16,92;0,61;;1
28/09/26;MINI IBEX-35;CALL;Nov-26;19.500;19600.3;16,16;0,55;;1
28/09/26;MINI IBEX-35;CALL;Nov-26;19.700;19600.3;15,58;0,48;;4
28/09/26;MINI IBEX-35;CALL;Nov-26;19.800;19600.3;15,40;0,45;100;100
28/09/26;MINI IBEX-35;CALL;Nov-26;19.900;19600.3;15,22;0,41;;2
28/09/26;MINI IBEX-35;CALL;Nov-26;19.950;19600.3;15,13;0,39;;3
28/09/26;MINI IBEX-35;CALL;Nov-26;20.000;19600.3;15,04;0,38;3;13
28/09/26;MINI IBEX-35;CALL;Nov-26;20.100;19600.3;14,86;0,34;;1
28/09/26;MINI IBEX-35;CALL;Nov-26;20.150;19600.3;14,77;0,32;;5
28/09/26;MINI IBEX-35;CALL;Nov-26;20.200;19600.3;14,68;0,31;;3
28/09/26;MINI IBEX-35;CALL;Nov-26;20.300;19600.3;14,50;0,28;;4
28/09/26;MINI IBEX-35;CALL;Nov-26;20.400;19600.3;14,32;0,24;;2
28/09/26;MINI IBEX-35;CALL;Nov-26;20.500;19600.3;14,14;0,21;;1
28/09/26;MINI IBEX-35;CALL;Nov-26;20.600;19600.3;13,96;0,19;;6
28/09/26;MINI IBEX-35;CALL;Nov-26;20.700;19600.3;13,78;0,16;;11
28/09/26;MINI IBEX-35;CALL;Nov-26;20.800;19600.3;13,60;0,13;;20
28/09/26;MINI IBEX-35;CALL;Nov-26;20.900;19600.3;13,42;0,11;;3
28/09/26;MINI IBEX-35;CALL;Nov-26;21.000;19600.3;13,24;0,09;;12
28/09/26;MINI IBEX-35;CALL;Nov-26;21.200;19600.3;12,88;0,06;1;3
28/09/26;MINI IBEX-35;CALL;Nov-26;21.250;19600.3;12,79;0,05;;1
28/09/26;MINI IBEX-35;CALL;Nov-26;21.400;19600.3;12,51;0,04;;1
28/09/26;MINI IBEX-35;CALL;Nov-26;22.100;19600.3;11,25;;;1
28/09/26;MINI IBEX-35;CALL;Dic-26;7.500;19600.3;55,50;0,99;;3
28/09/26;MINI IBEX-35;CALL;Dic-26;8.300;19600.3;52,90;0,99;;655
28/09/26;MINI IBEX-35;CALL;Dic-26;8.600;19600.3;51,93;0,99;;1.250
28/09/26;MINI IBEX-35;CALL;Dic-26;10.500;19600.3;45,76;0,99;;30
28/09/26;MINI IBEX-35;CALL;Dic-26;12.000;19600.3;40,89;0,99;;12
28/09/26;MINI IBEX-35;CALL;Dic-26;12.200;19600.3;40,24;0,99;;32
28/09/26;MINI IBEX-35;CALL;Dic-26;13.000;19600.3;37,65;0,99;;1
28/09/26;MINI IBEX-35;CALL;Dic-26;14.800;19600.3;31,80;0,97;;32
28/09/26;MINI IBEX-35;CALL;Dic-26;15.000;19600.3;31,15;0,97;;2
28/09/26;MINI IBEX-35;CALL;Dic-26;15.300;19600.3;30,18;0,96;;1
28/09/26;MINI IBEX-35;CALL;Dic-26;16.000;19600.3;27,91;0,94;;10
28/09/26;MINI IBEX-35;CALL;Dic-26;16.400;19600.3;26,61;0,93;;6.000
28/09/26;MINI IBEX-35;CALL;Dic-26;16.700;19600.3;25,64;0,91;;1.500
28/09/26;MINI IBEX-35;CALL;Dic-26;16.900;19600.3;24,99;0,90;;5
28/09/26;MINI IBEX-35;CALL;Dic-26;17.000;19600.3;24,66;0,89;;19
28/09/26;MINI IBEX-35;CALL;Dic-26;17.100;19600.3;24,34;0,89;;5
28/09/26;MINI IBEX-35;CALL;Dic-26;17.200;19600.3;24,01;0,88;;1
28/09/26;MINI IBEX-35;CALL;Dic-26;17.300;19600.3;23,69;0,87;;1
28/09/26;MINI IBEX-35;CALL;Dic-26;17.400;19600.3;23,36;0,87;;8
28/09/26;MINI IBEX-35;CALL;Dic-26;17.500;19600.3;23,04;0,86;;1.006
28/09/26;MINI IBEX-35;CALL;Dic-26;17.600;19600.3;22,71;0,85;;11
28/09/26;MINI IBEX-35;CALL;Dic-26;17.700;19600.3;22,39;0,84;;5.007
28/09/26;MINI IBEX-35;CALL;Dic-26;17.800;19600.3;22,07;0,83;;93
28/09/26;MINI IBEX-35;CALL;Dic-26;17.900;19600.3;21,74;0,82;;5.004
28/09/26;MINI IBEX-35;CALL;Dic-26;18.000;19600.3;21,42;0,81;;7
28/09/26;MINI IBEX-35;CALL;Dic-26;18.100;19600.3;21,09;0,80;;1
28/09/26;MINI IBEX-35;CALL;Dic-26;18.200;19600.3;20,77;0,79;;1
28/09/26;MINI IBEX-35;CALL;Dic-26;18.300;19600.3;20,44;0,77;;5
28/09/26;MINI IBEX-35;CALL;Dic-26;18.400;19600.3;20,12;0,76;;2
28/09/26;MINI IBEX-35;CALL;Dic-26;18.500;19600.3;19,79;0,74;;6.004
28/09/26;MINI IBEX-35;CALL;Dic-26;18.600;19600.3;19,47;0,73;;1
28/09/26;MINI IBEX-35;CALL;Dic-26;18.800;19600.3;18,82;0,69;;1
28/09/26;MINI IBEX-35;CALL;Dic-26;18.900;19600.3;18,49;0,68;;1
28/09/26;MINI IBEX-35;CALL;Dic-26;19.000;19600.3;18,17;0,66;;3
28/09/26;MINI IBEX-35;CALL;Dic-26;19.100;19600.3;17,85;0,64;;1
28/09/26;MINI IBEX-35;CALL;Dic-26;19.200;19600.3;17,52;0,61;;4
28/09/26;MINI IBEX-35;CALL;Dic-26;19.300;19600.3;17,20;0,59;;2
28/09/26;MINI IBEX-35;CALL;Dic-26;19.500;19600.3;16,55;0,54;;4.704
28/09/26;MINI IBEX-35;CALL;Dic-26;19.600;19600.3;16,22;0,52;;3
28/09/26;MINI IBEX-35;CALL;Dic-26;19.700;19600.3;16,04;0,49;;2
28/09/26;MINI IBEX-35;CALL;Dic-26;19.800;19600.3;15,88;0,46;;4
28/09/26;MINI IBEX-35;CALL;Dic-26;19.900;19600.3;15,73;0,43;;6
28/09/26;MINI IBEX-35;CALL;Dic-26;20.000;19600.3;15,57;0,41;;20
28/09/26;MINI IBEX-35;CALL;Dic-26;20.100;19600.3;15,41;0,38;;12
28/09/26;MINI IBEX-35;CALL;Dic-26;20.200;19600.3;15,25;0,35;;11
28/09/26;MINI IBEX-35;CALL;Dic-26;20.300;19600.3;15,09;0,33;;4
28/09/26;MINI IBEX-35;CALL;Dic-26;20.400;19600.3;14,94;0,30;;9
28/09/26;MINI IBEX-35;CALL;Dic-26;20.500;19600.3;14,78;0,27;1;6.005
28/09/26;MINI IBEX-35;CALL;Dic-26;20.550;19600.3;14,70;0,26;;1
28/09/26;MINI IBEX-35;CALL;Dic-26;20.600;19600.3;14,62;0,25;1;24
28/09/26;MINI IBEX-35;CALL;Dic-26;20.700;19600.3;14,46;0,22;;2
28/09/26;MINI IBEX-35;CALL;Dic-26;20.800;19600.3;14,30;0,20;1;2
28/09/26;MINI IBEX-35;CALL;Dic-26;20.900;19600.3;14,15;0,18;1;2
28/09/26;MINI IBEX-35;CALL;Dic-26;21.000;19600.3;13,99;0,16;;5.198
28/09/26;MINI IBEX-35;CALL;Dic-26;21.100;19600.3;13,83;0,14;;2
28/09/26;MINI IBEX-35;CALL;Dic-26;21.200;19600.3;13,67;0,12;;6
28/09/26;MINI IBEX-35;CALL;Dic-26;21.300;19600.3;13,51;0,10;;11
28/09/26;MINI IBEX-35;CALL;Dic-26;21.700;19600.3;12,88;0,05;;2
28/09/26;MINI IBEX-35;CALL;Dic-26;21.900;19600.3;12,57;0,03;;1
28/09/26;MINI IBEX-35;CALL;Dic-26;22.000;19600.3;12,41;0,03;;3
28/09/26;MINI IBEX-35;CALL;Dic-26;22.200;19600.3;12,09;0,02;;4
28/09/26;MINI IBEX-35;CALL;Dic-26;22.300;19600.3;11,93;0,01;;2
28/09/26;MINI IBEX-35;CALL;Mar-27;12.600;19600.3;33,79;0,97;;1
28/09/26;MINI IBEX-35;CALL;Mar-27;13.000;19600.3;32,81;0,96;;2
28/09/26;MINI IBEX-35;CALL;Mar-27;13.500;19600.3;31,59;0,95;;3
28/09/26;MINI IBEX-35;CALL;Mar-27;13.900;19600.3;30,62;0,95;;3
28/09/26;MINI IBEX-35;CALL;Mar-27;14.000;19600.3;30,37;0,95;;1
28/09/26;MINI IBEX-35;CALL;Mar-27;14.100;19600.3;30,13;0,94;;1
28/09/26;MINI IBEX-35;CALL;Mar-27;15.000;19600.3;27,93;0,92;;5.000
28/09/26;MINI IBEX-35;CALL;Mar-27;15.300;19600.3;27,20;0,91;;3
28/09/26;MINI IBEX-35;CALL;Mar-27;17.000;19600.3;23,05;0,83;;2
28/09/26;MINI IBEX-35;CALL;Mar-27;17.900;19600.3;20,86;0,76;;1
28/09/26;MINI IBEX-35;CALL;Mar-27;18.000;19600.3;20,61;0,75;;750
28/09/26;MINI IBEX-35;CALL;Mar-27;18.500;19600.3;19,39;0,69;;2
28/09/26;MINI IBEX-35;CALL;Mar-27;18.800;19600.3;18,66;0,65;;2
28/09/26;MINI IBEX-35;CALL;Mar-27;18.900;19600.3;18,42;0,64;;2
28/09/26;MINI IBEX-35;CALL;Mar-27;19.000;19600.3;18,17;0,62;;1
28/09/26;MINI IBEX-35;CALL;Mar-27;19.300;19600.3;17,44;0,58;;4
28/09/26;MINI IBEX-35;CALL;Mar-27;19.800;19600.3;16,37;0,49;;5
28/09/26;MINI IBEX-35;CALL;Mar-27;20.000;19600.3;16,10;0,46;;1
28/09/26;MINI IBEX-35;CALL;Mar-27;20.100;19600.3;15,97;0,44;;1
28/09/26;MINI IBEX-35;CALL;Mar-27;20.500;19600.3;15,44;0,36;;1
28/09/26;MINI IBEX-35;CALL;Mar-27;20.600;19600.3;15,31;0,35;;1
28/09/26;MINI IBEX-35;CALL;Mar-27;20.700;19600.3;15,18;0,33;;1
28/09/26;MINI IBEX-35;CALL;Mar-27;20.800;19600.3;15,04;0,31;;1
28/09/26;MINI IBEX-35;CALL;Mar-27;21.000;19600.3;14,78;0,27;;1
28/09/26;MINI IBEX-35;CALL;Mar-27;21.600;19600.3;13,99;0,18;;1
28/09/26;MINI IBEX-35;CALL;Mar-27;21.700;19600.3;13,86;0,16;;1
28/09/26;MINI IBEX-35;CALL;Mar-27;22.000;19600.3;13,46;0,12;;3
28/09/26;MINI IBEX-35;CALL;Mar-27;22.400;19600.3;12,93;0,08;;1
28/09/26;MINI IBEX-35;CALL;Mar-27;25.000;19600.3;9,49;;;5.000
28/09/26;MINI IBEX-35;CALL;Jun-27;18.500;19600.3;19,62;0,65;;2
28/09/26;MINI IBEX-35;CALL;Jun-27;19.000;19600.3;18,50;0,59;;2
28/09/26;MINI IBEX-35;CALL;Jun-27;19.200;19600.3;18,05;0,57;;6
28/09/26;MINI IBEX-35;CALL;Jun-27;19.500;19600.3;17,39;0,53;;1
28/09/26;MINI IBEX-35;CALL;Jun-27;20.100;19600.3;16,60;0,44;1;1
28/09/26;MINI IBEX-35;CALL;Jun-27;22.000;19600.3;14,30;0,18;;1
28/09/26;MINI IBEX-35;CALL;Jun-27;24.000;19600.3;11,88;0,02;;3
28/09/26;MINI IBEX-35;CALL;Sep-27;19.800;19600.3;17,65;0,49;;1
28/09/26;MINI IBEX-35;CALL;Sep-27;23.000;19600.3;13,94;0,13;;3
28/09/26;MINI IBEX-35;CALL;Dic-27;14.000;19600.3;28,67;0,85;;2
28/09/26;MINI IBEX-35;CALL;Dic-27;16.200;19600.3;24,69;0,77;;32
28/09/26;MINI IBEX-35;CALL;Dic-27;16.300;19600.3;24,51;0,76;;96
28/09/26;MINI IBEX-35;CALL;Dic-27;16.400;19600.3;24,33;0,76;;32
28/09/26;MINI IBEX-35;CALL;Dic-27;16.500;19600.3;24,14;0,75;;32
28/09/26;MINI IBEX-35;CALL;Dic-27;16.700;19600.3;23,78;0,74;;32
28/09/26;MINI IBEX-35;CALL;Dic-27;17.600;19600.3;22,15;0,68;;32
28/09/26;MINI IBEX-35;CALL;Dic-27;19.400;19600.3;18,90;0,53;;6.750
28/09/26;MINI IBEX-35;CALL;Dic-27;19.500;19600.3;18,72;0,52;;4
28/09/26;MINI IBEX-35;CALL;Dic-27;20.500;19600.3;17,50;0,42;;1
28/09/26;MINI IBEX-35;CALL;Mar-28;18.400;19600.3;20,74;0,62;;32
28/09/26;MINI IBEX-35;CALL;Mar-28;18.500;19600.3;20,57;0,61;;32
28/09/26;MINI IBEX-35;CALL;Mar-28;18.600;19600.3;20,40;0,60;;32
28/09/26;MINI IBEX-35;CALL;Dic-28;16.800;19600.3;22,98;0,68;;1.800
28/09/26;MINI IBEX-35;CALL;Dic-29;20.600;19600.3;20,01;0,45;;1
28/09/26;MINI IBEX-35;PUT;Oct-26;16.400;19600.3;30,66;;;20
28/09/26;MINI IBEX-35;PUT;Oct-26;16.500;19600.3;30,20;;;121
28/09/26;MINI IBEX-35;PUT;Oct-26;16.900;19600.3;28,36;-0,01;;190
28/09/26;MINI IBEX-35;PUT;Oct-26;17.000;19600.3;27,90;-0,01;;1
28/09/26;MINI IBEX-35;PUT;Oct-26;17.300;19600.3;26,52;-0,02;;1
28/09/26;MINI IBEX-35;PUT;Oct-26;17.500;19600.3;25,60;-0,02;;2
28/09/26;MINI IBEX-35;PUT;Oct-26;17.600;19600.3;25,14;-0,02;;1
28/09/26;MINI IBEX-35;PUT;Oct-26;17.700;19600.3;24,68;-0,03;;2
28/09/26;MINI IBEX-35;PUT;Oct-26;17.800;19600.3;24,22;-0,03;;1
28/09/26;MINI IBEX-35;PUT;Oct-26;17.900;19600.3;23,76;-0,04;10;12
28/09/26;MINI IBEX-35;PUT;Oct-26;17.950;19600.3;23,53;-0,04;;1
28/09/26;MINI IBEX-35;PUT;Oct-26;18.000;19600.3;23,30;-0,05;;33
28/09/26;MINI IBEX-35;PUT;Oct-26;18.200;19600.3;22,38;-0,06;;3
28/09/26;MINI IBEX-35;PUT;Oct-26;18.250;19600.3;22,15;-0,07;;2
28/09/26;MINI IBEX-35;PUT;Oct-26;18.300;19600.3;21,92;-0,07;;1
28/09/26;MINI IBEX-35;PUT;Oct-26;18.350;19600.3;21,69;-0,08;;1
28/09/26;MINI IBEX-35;PUT;Oct-26;18.400;19600.3;21,46;-0,08;;25
28/09/26;MINI IBEX-35;PUT;Oct-26;18.450;19600.3;21,23;-0,09;;1
28/09/26;MINI IBEX-35;PUT;Oct-26;18.500;19600.3;21,00;-0,10;1;33
28/09/26;MINI IBEX-35;PUT;Oct-26;18.550;19600.3;20,77;-0,11;;1
28/09/26;MINI IBEX-35;PUT;Oct-26;18.600;19600.3;20,54;-0,12;;11
28/09/26;MINI IBEX-35;PUT;Oct-26;18.650;19600.3;20,31;-0,12;;2
28/09/26;MINI IBEX-35;PUT;Oct-26;18.700;19600.3;20,08;-0,13;;2
28/09/26;MINI IBEX-35;PUT;Oct-26;18.750;19600.3;19,85;-0,15;;1
28/09/26;MINI IBEX-35;PUT;Oct-26;18.800;19600.3;19,62;-0,16;;6
28/09/26;MINI IBEX-35;PUT;Oct-26;18.900;19600.3;19,16;-0,18;;9
28/09/26;MINI IBEX-35;PUT;Oct-26;18.950;19600.3;18,92;-0,20;;8
28/09/26;MINI IBEX-35;PUT;Oct-26;19.000;19600.3;18,69;-0,21;2;63
28/09/26;MINI IBEX-35;PUT;Oct-26;19.050;19600.3;18,46;-0,23;;1
28/09/26;MINI IBEX-35;PUT;Oct-26;19.100;19600.3;18,23;-0,24;1;20
28/09/26;MINI IBEX-35;PUT;Oct-26;19.150;19600.3;18,00;-0,26;;5
28/09/26;MINI IBEX-35;PUT;Oct-26;19.200;19600.3;17,77;-0,28;;3
28/09/26;MINI IBEX-35;PUT;Oct-26;19.250;19600.3;17,54;-0,30;10;22
28/09/26;MINI IBEX-35;PUT;Oct-26;19.300;19600.3;17,31;-0,32;6;12
28/09/26;MINI IBEX-35;PUT;Oct-26;19.350;19600.3;17,08;-0,35;;12
28/09/26;MINI IBEX-35;PUT;Oct-26;19.400;19600.3;16,85;-0,37;;13
28/09/26;MINI IBEX-35;PUT;Oct-26;19.450;19600.3;16,62;-0,39;1;2
28/09/26;MINI IBEX-35;PUT;Oct-26;19.500;19600.3;16,39;-0,42;14;887
28/09/26;MINI IBEX-35;PUT;Oct-26;19.550;19600.3;16,16;-0,45;;101
28/09/26;MINI IBEX-35;PUT;Oct-26;19.600;19600.3;15,93;-0,47;;10
28/09/26;MINI IBEX-35;PUT;Oct-26;19.650;19600.3;15,75;-0,50;;3
28/09/26;MINI IBEX-35;PUT;Oct-26;19.700;19600.3;15,65;-0,53;;107
28/09/26;MINI IBEX-35;PUT;Oct-26;19.750;19600.3;15,55;-0,56;;100
28/09/26;MINI IBEX-35;PUT;Oct-26;19.800;19600.3;15,44;-0,59;2;14
28/09/26;MINI IBEX-35;PUT;Oct-26;19.850;19600.3;15,34;-0,62;;4
28/09/26;MINI IBEX-35;PUT;Oct-26;19.900;19600.3;15,24;-0,65;;28
28/09/26;MINI IBEX-35;PUT;Oct-26;19.950;19600.3;15,14;-0,68;;3
28/09/26;MINI IBEX-35;PUT;Oct-26;20.000;19600.3;15,03;-0,70;;26
28/09/26;MINI IBEX-35;PUT;Oct-26;20.100;19600.3;14,83;-0,76;;1
28/09/26;MINI IBEX-35;PUT;Oct-26;20.150;19600.3;14,72;-0,78;;8
28/09/26;MINI IBEX-35;PUT;Oct-26;20.200;19600.3;14,62;-0,80;;2
28/09/26;MINI IBEX-35;PUT;Oct-26;20.300;19600.3;14,42;-0,85;;1
28/09/26;MINI IBEX-35;PUT;Oct-26;20.500;19600.3;14,01;-0,91;;2
28/09/26;MINI IBEX-35;PUT;Oct-26;20.700;19600.3;13,59;-0,96;;1
28/09/26;MINI IBEX-35;PUT;Oct-26;20.750;19600.3;13,49;-0,96;1;1
28/09/26;MINI IBEX-35;PUT;Nov-26;16.600;19600.3;26,61;-0,05;;6
28/09/26;MINI IBEX-35;PUT;Nov-26;17.000;19600.3;25,09;-0,06;;2
28/09/26;MINI IBEX-35;PUT;Nov-26;17.300;19600.3;23,95;-0,08;;1
28/09/26;MINI IBEX-35;PUT;Nov-26;17.500;19600.3;23,18;-0,09;;20
28/09/26;MINI IBEX-35;PUT;Nov-26;17.700;19600.3;22,42;-0,11;;11
28/09/26;MINI IBEX-35;PUT;Nov-26;17.800;19600.3;22,04;-0,12;;2
28/09/26;MINI IBEX-35;PUT;Nov-26;17.900;19600.3;21,66;-0,13;;3
28/09/26;MINI IBEX-35;PUT;Nov-26;18.000;19600.3;21,28;-0,14;;33
28/09/26;MINI IBEX-35;PUT;Nov-26;18.100;19600.3;20,90;-0,15;;1
28/09/26;MINI IBEX-35;PUT;Nov-26;18.200;19600.3;20,52;-0,16;2;3
28/09/26;MINI IBEX-35;PUT;Nov-26;18.250;19600.3;20,33;-0,17;;10
28/09/26;MINI IBEX-35;PUT;Nov-26;18.300;19600.3;20,14;-0,17;;3
28/09/26;MINI IBEX-35;PUT;Nov-26;18.350;19600.3;19,95;-0,18;1;2
28/09/26;MINI IBEX-35;PUT;Nov-26;18.500;19600.3;19,38;-0,21;;2
28/09/26;MINI IBEX-35;PUT;Nov-26;18.600;19600.3;19,00;-0,22;;1
28/09/26;MINI IBEX-35;PUT;Nov-26;18.700;19600.3;18,61;-0,24;;2
28/09/26;MINI IBEX-35;PUT;Nov-26;18.800;19600.3;18,23;-0,26;;6
28/09/26;MINI IBEX-35;PUT;Nov-26;19.050;19600.3;17,28;-0,32;;1
28/09/26;MINI IBEX-35;PUT;Nov-26;19.100;19600.3;17,09;-0,33;;2
28/09/26;MINI IBEX-35;PUT;Nov-26;19.200;19600.3;16,71;-0,36;;2
28/09/26;MINI IBEX-35;PUT;Nov-26;19.250;19600.3;16,52;-0,37;;1
28/09/26;MINI IBEX-35;PUT;Nov-26;19.300;19600.3;16,33;-0,39;;2
28/09/26;MINI IBEX-35;PUT;Nov-26;19.500;19600.3;15,57;-0,45;;1
28/09/26;MINI IBEX-35;PUT;Nov-26;19.600;19600.3;15,19;-0,48;;2
28/09/26;MINI IBEX-35;PUT;Nov-26;19.750;19600.3;14,90;-0,54;;1
28/09/26;MINI IBEX-35;PUT;Nov-26;19.800;19600.3;14,81;-0,55;;1
28/09/26;MINI IBEX-35;PUT;Nov-26;19.900;19600.3;14,63;-0,59;;1
28/09/26;MINI IBEX-35;PUT;Nov-26;20.300;19600.3;13,91;-0,73;;1
28/09/26;MINI IBEX-35;PUT;Nov-26;20.700;19600.3;13,19;-0,85;;1
28/09/26;MINI IBEX-35;PUT;Dic-26;8.600;19600.3;50,86;;;1.250
28/09/26;MINI IBEX-35;PUT;Dic-26;10.900;19600.3;43,39;;;1
28/09/26;MINI IBEX-35;PUT;Dic-26;11.300;19600.3;42,10;;;1
28/09/26;MINI IBEX-35;PUT;Dic-26;11.500;19600.3;41,45;;;2
28/09/26;MINI IBEX-35;PUT;Dic-26;12.200;19600.3;39,17;;;2
28/09/26;MINI IBEX-35;PUT;Dic-26;12.300;19600.3;38,85;;;5
28/09/26;MINI IBEX-35;PUT;Dic-26;12.400;19600.3;38,52;;;1
28/09/26;MINI IBEX-35;PUT;Dic-26;12.500;19600.3;38,20;;;7
28/09/26;MINI IBEX-35;PUT;Dic-26;12.600;19600.3;37,88;-0,01;;6
28/09/26;MINI IBEX-35;PUT;Dic-26;12.900;19600.3;36,90;-0,01;;7
28/09/26;MINI IBEX-35;PUT;Dic-26;13.000;19600.3;36,58;-0,01;;7
28/09/26;MINI IBEX-35;PUT;Dic-26;13.100;19600.3;36,25;-0,01;;1
28/09/26;MINI IBEX-35;PUT;Dic-26;13.200;19600.3;35,93;-0,01;;1
28/09/26;MINI IBEX-35;PUT;Dic-26;13.500;19600.3;34,95;-0,01;;504
28/09/26;MINI IBEX-35;PUT;Dic-26;13.600;19600.3;34,63;-0,01;;5
28/09/26;MINI IBEX-35;PUT;Dic-26;13.700;19600.3;34,30;-0,01;;2
28/09/26;MINI IBEX-35;PUT;Dic-26;14.000;19600.3;33,33;-0,01;;1.034
28/09/26;MINI IBEX-35;PUT;Dic-26;14.200;19600.3;32,68;-0,02;;3
28/09/26;MINI IBEX-35;PUT;Dic-26;14.300;19600.3;32,36;-0,02;;1
28/09/26;MINI IBEX-35;PUT;Dic-26;14.400;19600.3;32,03;-0,02;;1
28/09/26;MINI IBEX-35;PUT;Dic-26;14.500;19600.3;31,71;-0,02;;1
28/09/26;MINI IBEX-35;PUT;Dic-26;14.600;19600.3;31,38;-0,02;;1
28/09/26;MINI IBEX-35;PUT;Dic-26;14.800;19600.3;30,73;-0,02;;1
28/09/26;MINI IBEX-35;PUT;Dic-26;14.900;19600.3;30,41;-0,02;;3
28/09/26;MINI IBEX-35;PUT;Dic-26;15.000;19600.3;30,08;-0,03;;18
28/09/26;MINI IBEX-35;PUT;Dic-26;15.200;19600.3;29,44;-0,03;;1
28/09/26;MINI IBEX-35;PUT;Dic-26;15.500;19600.3;28,46;-0,03;;28
28/09/26;MINI IBEX-35;PUT;Dic-26;15.600;19600.3;28,14;-0,04;;32
28/09/26;MINI IBEX-35;PUT;Dic-26;15.700;19600.3;27,81;-0,04;;4
28/09/26;MINI IBEX-35;PUT;Dic-26;15.800;19600.3;27,49;-0,04;;4
28/09/26;MINI IBEX-35;PUT;Dic-26;15.900;19600.3;27,16;-0,04;;1
28/09/26;MINI IBEX-35;PUT;Dic-26;16.000;19600.3;26,84;-0,05;;28
28/09/26;MINI IBEX-35;PUT;Dic-26;16.200;19600.3;26,19;-0,05;;1
28/09/26;MINI IBEX-35;PUT;Dic-26;16.300;19600.3;25,86;-0,06;;10
28/09/26;MINI IBEX-35;PUT;Dic-26;16.400;19600.3;25,54;-0,06;;6.000
28/09/26;MINI IBEX-35;PUT;Dic-26;16.500;19600.3;25,22;-0,07;;3
28/09/26;MINI IBEX-35;PUT;Dic-26;16.600;19600.3;24,89;-0,07;;2
28/09/26;MINI IBEX-35;PUT;Dic-26;16.700;19600.3;24,57;-0,07;1;1.516
28/09/26;MINI IBEX-35;PUT;Dic-26;16.800;19600.3;24,24;-0,08;;11
28/09/26;MINI IBEX-35;PUT;Dic-26;16.900;19600.3;23,92;-0,09;;5
28/09/26;MINI IBEX-35;PUT;Dic-26;17.000;19600.3;23,59;-0,09;;30
28/09/26;MINI IBEX-35;PUT;Dic-26;17.100;19600.3;23,27;-0,10;;7
28/09/26;MINI IBEX-35;PUT;Dic-26;17.200;19600.3;22,94;-0,10;;105
28/09/26;MINI IBEX-35;PUT;Dic-26;17.300;19600.3;22,62;-0,11;;6
28/09/26;MINI IBEX-35;PUT;Dic-26;17.400;19600.3;22,29;-0,12;;6
28/09/26;MINI IBEX-35;PUT;Dic-26;17.500;19600.3;21,97;-0,13;1;1.032
28/09/26;MINI IBEX-35;PUT;Dic-26;17.600;19600.3;21,64;-0,13;;104
28/09/26;MINI IBEX-35;PUT;Dic-26;17.700;19600.3;21,32;-0,14;;5.011
28/09/26;MINI IBEX-35;PUT;Dic-26;17.800;19600.3;21,00;-0,15;;10
28/09/26;MINI IBEX-35;PUT;Dic-26;17.900;19600.3;20,67;-0,16;;5.026
28/09/26;MINI IBEX-35;PUT;Dic-26;18.000;19600.3;20,35;-0,17;;515
28/09/26;MINI IBEX-35;PUT;Dic-26;18.100;19600.3;20,02;-0,18;;6
28/09/26;MINI IBEX-35;PUT;Dic-26;18.200;19600.3;19,70;-0,20;;9
28/09/26;MINI IBEX-35;PUT;Dic-26;18.300;19600.3;19,37;-0,21;;11
28/09/26;MINI IBEX-35;PUT;Dic-26;18.400;19600.3;19,05;-0,22;;11
28/09/26;MINI IBEX-35;PUT;Dic-26;18.500;19600.3;18,72;-0,24;;213
28/09/26;MINI IBEX-35;PUT;Dic-26;18.700;19600.3;18,07;-0,27;;10
28/09/26;MINI IBEX-35;PUT;Dic-26;18.800;19600.3;17,75;-0,29;;8
28/09/26;MINI IBEX-35;PUT;Dic-26;18.900;19600.3;17,42;-0,31;;14
28/09/26;MINI IBEX-35;PUT;Dic-26;19.000;19600.3;17,10;-0,33;;11
28/09/26;MINI IBEX-35;PUT;Dic-26;19.100;19600.3;16,78;-0,35;;3
28/09/26;MINI IBEX-35;PUT;Dic-26;19.200;19600.3;16,45;-0,38;;38
28/09/26;MINI IBEX-35;PUT;Dic-26;19.300;19600.3;16,13;-0,40;;5
28/09/26;MINI IBEX-35;PUT;Dic-26;19.400;19600.3;15,80;-0,42;;3
28/09/26;MINI IBEX-35;PUT;Dic-26;19.500;19600.3;15,48;-0,45;1;4.717
28/09/26;MINI IBEX-35;PUT;Dic-26;19.600;19600.3;15,15;-0,48;;6
28/09/26;MINI IBEX-35;PUT;Dic-26;19.650;19600.3;15,05;-0,49;;2
28/09/26;MINI IBEX-35;PUT;Dic-26;19.700;19600.3;14,97;-0,51;;1
28/09/26;MINI IBEX-35;PUT;Dic-26;19.800;19600.3;14,81;-0,54;;9
28/09/26;MINI IBEX-35;PUT;Dic-26;19.900;19600.3;14,66;-0,57;;1
28/09/26;MINI IBEX-35;PUT;Dic-26;20.000;19600.3;14,50;-0,60;;25
28/09/26;MINI IBEX-35;PUT;Dic-26;20.100;19600.3;14,34;-0,62;;11
28/09/26;MINI IBEX-35;PUT;Dic-26;20.500;19600.3;13,71;-0,74;;1
28/09/26;MINI IBEX-35;PUT;Mar-27;13.000;19600.3;30,98;-0,02;;3
28/09/26;MINI IBEX-35;PUT;Mar-27;13.800;19600.3;29,03;-0,03;;32
28/09/26;MINI IBEX-35;PUT;Mar-27;15.000;19600.3;26,10;-0,05;;5.000
28/09/26;MINI IBEX-35;PUT;Mar-27;15.200;19600.3;25,62;-0,06;;1
28/09/26;MINI IBEX-35;PUT;Mar-27;15.700;19600.3;24,40;-0,08;;1
28/09/26;MINI IBEX-35;PUT;Mar-27;16.500;19600.3;22,44;-0,11;;2
28/09/26;MINI IBEX-35;PUT;Mar-27;17.000;19600.3;21,22;-0,14;;2
28/09/26;MINI IBEX-35;PUT;Mar-27;17.300;19600.3;20,49;-0,16;1;1
28/09/26;MINI IBEX-35;PUT;Mar-27;17.500;19600.3;20,00;-0,18;;21
28/09/26;MINI IBEX-35;PUT;Mar-27;17.800;19600.3;19,27;-0,20;;1
28/09/26;MINI IBEX-35;PUT;Mar-27;18.000;19600.3;18,78;-0,22;;758
28/09/26;MINI IBEX-35;PUT;Mar-27;18.100;19600.3;18,54;-0,23;;5
28/09/26;MINI IBEX-35;PUT;Mar-27;18.200;19600.3;18,29;-0,25;;5
28/09/26;MINI IBEX-35;PUT;Mar-27;18.300;19600.3;18,05;-0,26;;5
28/09/26;MINI IBEX-35;PUT;Mar-27;18.400;19600.3;17,81;-0,27;;5
28/09/26;MINI IBEX-35;PUT;Mar-27;18.500;19600.3;17,56;-0,28;;3
28/09/26;MINI IBEX-35;PUT;Mar-27;18.600;19600.3;17,32;-0,30;;2
28/09/26;MINI IBEX-35;PUT;Mar-27;18.900;19600.3;16,59;-0,34;;3
28/09/26;MINI IBEX-35;PUT;Mar-27;19.100;19600.3;16,10;-0,37;;5
28/09/26;MINI IBEX-35;PUT;Mar-27;19.300;19600.3;15,61;-0,40;;6
28/09/26;MINI IBEX-35;PUT;Mar-27;19.500;19600.3;15,12;-0,44;;5
28/09/26;MINI IBEX-35;PUT;Mar-27;19.600;19600.3;14,88;-0,46;;5
28/09/26;MINI IBEX-35;PUT;Mar-27;19.800;19600.3;14,54;-0,50;;2
28/09/26;MINI IBEX-35;PUT;Mar-27;21.400;19600.3;12,42;-0,82;;1
28/09/26;MINI IBEX-35;PUT;Mar-27;21.600;19600.3;12,16;-0,85;;2
28/09/26;MINI IBEX-35;PUT;Mar-27;21.800;19600.3;11,89;-0,88;;1
28/09/26;MINI IBEX-35;PUT;Mar-27;21.900;19600.3;11,76;-0,89;;3
28/09/26;MINI IBEX-35;PUT;Mar-27;22.000;19600.3;11,63;-0,90;;2
28/09/26;MINI IBEX-35;PUT;Mar-27;22.900;19600.3;10,44;-0,97;;2
28/09/26;MINI IBEX-35;PUT;Mar-27;25.000;19600.3;7,66;-0,99;;5.000
28/09/26;MINI IBEX-35;PUT;Jun-27;13.000;19600.3;29,45;-0,04;;2
28/09/26;MINI IBEX-35;PUT;Jun-27;15.400;19600.3;24,09;-0,10;;6
28/09/26;MINI IBEX-35;PUT;Jun-27;16.000;19600.3;22,75;-0,13;;20
28/09/26;MINI IBEX-35;PUT;Jun-27;17.000;19600.3;20,52;-0,18;;1
28/09/26;MINI IBEX-35;PUT;Jun-27;18.000;19600.3;18,28;-0,27;;1
28/09/26;MINI IBEX-35;PUT;Jun-27;18.100;19600.3;18,06;-0,28;;1
28/09/26;MINI IBEX-35;PUT;Jun-27;18.500;19600.3;17,17;-0,32;;1
28/09/26;MINI IBEX-35;PUT;Jun-27;19.600;19600.3;14,76;-0,47;;5
28/09/26;MINI IBEX-35;PUT;Jun-27;19.700;19600.3;14,64;-0,49;;6
28/09/26;MINI IBEX-35;PUT;Jun-27;19.800;19600.3;14,51;-0,50;;5
28/09/26;MINI IBEX-35;PUT;Jun-27;19.900;19600.3;14,39;-0,52;;1
28/09/26;MINI IBEX-35;PUT;Jun-27;20.300;19600.3;13,91;-0,59;;1
28/09/26;MINI IBEX-35;PUT;Jun-27;23.300;19600.3;10,28;-0,95;;1
28/09/26;MINI IBEX-35;PUT;Jun-27;23.400;19600.3;10,16;-0,96;;2
28/09/26;MINI IBEX-35;PUT;Jun-27;24.200;19600.3;9,19;-0,98;;2
28/09/26;MINI IBEX-35;PUT;Sep-27;12.100;19600.3;29,91;-0,04;;32
28/09/26;MINI IBEX-35;PUT;Sep-27;12.200;19600.3;29,71;-0,04;;32
28/09/26;MINI IBEX-35;PUT;Sep-27;12.300;19600.3;29,51;-0,04;;32
28/09/26;MINI IBEX-35;PUT;Sep-27;12.400;19600.3;29,31;-0,04;;32
28/09/26;MINI IBEX-35;PUT;Sep-27;14.200;19600.3;25,76;-0,08;;32
28/09/26;MINI IBEX-35;PUT;Sep-27;15.500;19600.3;23,19;-0,13;;2
28/09/26;MINI IBEX-35;PUT;Sep-27;15.700;19600.3;22,79;-0,13;;1
28/09/26;MINI IBEX-35;PUT;Sep-27;23.000;19600.3;11,17;-0,89;;3
28/09/26;MINI IBEX-35;PUT;Dic-27;13.400;19600.3;26,28;-0,07;;250
28/09/26;MINI IBEX-35;PUT;Dic-27;14.700;19600.3;23,93;-0,11;;1
28/09/26;MINI IBEX-35;PUT;Dic-27;15.100;19600.3;23,21;-0,12;;2
28/09/26;MINI IBEX-35;PUT;Dic-27;15.400;19600.3;22,66;-0,14;;32
28/09/26;MINI IBEX-35;PUT;Dic-27;15.700;19600.3;22,12;-0,15;;32
28/09/26;MINI IBEX-35;PUT;Dic-27;15.800;19600.3;21,94;-0,15;;32
28/09/26;MINI IBEX-35;PUT;Dic-27;19.000;19600.3;16,15;-0,39;;1
28/09/26;MINI IBEX-35;PUT;Dic-27;19.300;19600.3;15,61;-0,42;;3
28/09/26;MINI IBEX-35;PUT;Dic-27;19.400;19600.3;15,43;-0,43;;6.751
28/09/26;MINI IBEX-35;PUT;Mar-28;19.800;19600.3;15,03;-0,46;;1
28/09/26;MINI IBEX-35;PUT;Jun-28;18.400;19600.3;16,93;-0,34;;64
28/09/26;MINI IBEX-35;PUT;Jun-28;18.500;19600.3;16,77;-0,35;;64
28/09/26;MINI IBEX-35;PUT;Jun-28;19.300;19600.3;15,45;-0,42;;32
28/09/26;MINI IBEX-35;PUT;Jun-28;20.000;19600.3;14,58;-0,49;;32
28/09/26;MINI IBEX-35;PUT;Sep-28;17.500;19600.3;18,11;-0,27;;2
28/09/26;MINI IBEX-35;PUT;Dic-28;16.800;19600.3;18,60;-0,23;;1.800
28/09/26;MINI IBEX-35;PUT;Jun-29;18.800;19600.3;16,85;-0,37;;1
28/09/26;MINI IBEX-35;PUT;Jun-31;18.400;19600.3;18,29;-0,33;;1
28/09/26;ACCIONA;CALL;Oct-26;200,00;213.6;38,33;0,80;;10
28/09/26;ACCIONA;CALL;Oct-26;210,00;213.6;36,27;0,60;;14
28/09/26;ACCIONA;CALL;Oct-26;220,00;213.6;35,15;0,37;;1
28/09/26;ACCIONA;CALL;Oct-26;230,00;213.6;34,56;0,18;;1
28/09/26;ACCIONA;CALL;Nov-26;230,00;213.6;34,35;0,32;;1
28/09/26;ACCIONA;CALL;Dic-26;210,00;213.6;36,18;0,59;;2
28/09/26;ACCIONA;CALL;Dic-26;220,00;213.6;35,19;0,48;;1
28/09/26;ACCIONA;CALL;Dic-26;230,00;213.6;34,63;0,37;;5
28/09/26;ACCIONA;CALL;Dic-26;260,00;213.6;32,94;0,13;;2
28/09/26;ACCIONA;CALL;Dic-26;280,00;213.6;31,82;0,05;;5
28/09/26;ACCIONA;CALL;Dic-26;320,00;213.6;29,57;;;5
28/09/26;ACCIONA;CALL;Mar-27;160,00;213.6;43,75;0,87;;1
28/09/26;ACCIONA;CALL;Mar-27;270,00;213.6;33,78;0,20;;5
28/09/26;ACCIONA;CALL;Mar-27;280,00;213.6;33,42;0,16;;5
28/09/26;ACCIONA;CALL;Mar-27;290,00;213.6;33,06;0,12;;5
28/09/26;ACCIONA;CALL;Jun-27;220,00;213.6;34,43;0,55;;1
28/09/26;ACCIONA;PUT;Oct-26;185,00;213.6;41,35;-0,05;;20
28/09/26;ACCIONA;PUT;Oct-26;195,00;213.6;39,29;-0,14;;10
28/09/26;ACCIONA;PUT;Oct-26;200,00;213.6;38,26;-0,20;;25
28/09/26;ACCIONA;PUT;Oct-26;210,00;213.6;36,20;-0,40;5;
28/09/26;ACCIONA;PUT;Oct-26;220,00;213.6;35,08;-0,63;;1
28/09/26;ACCIONA;PUT;Nov-26;180,00;213.6;41,79;-0,12;;61
28/09/26;ACCIONA;PUT;Nov-26;185,00;213.6;40,77;-0,15;;5
28/09/26;ACCIONA;PUT;Nov-26;190,00;213.6;39,74;-0,19;;1
28/09/26;ACCIONA;PUT;Dic-26;140,00;213.6;48,40;-0,02;;1
28/09/26;ACCIONA;PUT;Dic-26;155,00;213.6;45,75;-0,05;;1
28/09/26;ACCIONA;PUT;Dic-26;160,00;213.6;44,87;-0,07;;1
28/09/26;ACCIONA;PUT;Dic-26;170,00;213.6;43,11;-0,11;;60
28/09/26;ACCIONA;PUT;Dic-26;175,00;213.6;42,23;-0,13;;62
28/09/26;ACCIONA;PUT;Dic-26;195,00;213.6;38,70;-0,27;;15
28/09/26;ACCIONA;PUT;Dic-26;200,00;213.6;37,82;-0,31;;20
28/09/26;ACCIONA;PUT;Dic-26;210,00;213.6;36,05;-0,42;;8
28/09/26;ACCIONA;PUT;Mar-27;155,00;213.6;44,32;-0,11;;60
28/09/26;ACCIONA;PUT;Mar-27;170,00;213.6;42,09;-0,17;;2
28/09/26;ACCIONA;PUT;Mar-27;200,00;213.6;37,65;-0,34;;20
28/09/26;ACCIONA;PUT;Mar-27;210,00;213.6;36,16;-0,41;;5
28/09/26;ACCIONA;CALL;Nov-26;220,00;213.6;34,94;0,45;;3
28/09/26;ACCIONA ENERGIA;CALL;Dic-26;24,00;22.32;31,53;0,35;;3
28/09/26;ACCIONA ENERGIA;CALL;Dic-26;25,00;22.32;30,78;0,25;;1
28/09/26;ACCIONA ENERGIA;CALL;Dic-26;27,00;22.32;29,29;0,10;;1
28/09/26;ACCIONA ENERGIA;CALL;Dic-26;30,00;22.32;27,05;0,01;;1
28/09/26;ACCIONA ENERGIA;CALL;Dic-26;31,00;22.32;26,30;0,01;;1
28/09/26;ACCIONA ENERGIA;PUT;Oct-26;20,50;22.32;34,98;-0,13;;5
28/09/26;ACCIONA ENERGIA;PUT;Oct-26;22,00;22.32;33,77;-0,40;;20
28/09/26;ACCIONA ENERGIA;PUT;Dic-26;18,00;22.32;38,55;-0,10;;2
28/09/26;ACCIONA ENERGIA;PUT;Dic-26;19,00;22.32;37,76;-0,15;;3
28/09/26;ACCIONA ENERGIA;PUT;Dic-26;20,00;22.32;36,97;-0,23;;1
28/09/26;ACCIONA ENERGIA;PUT;Dic-26;21,00;22.32;36,17;-0,32;;16
28/09/26;ACCIONA ENERGIA;PUT;Dic-26;23,00;22.32;34,62;-0,53;;2
28/09/26;ACCIONA ENERGIA;PUT;Jun-27;24,00;22.32;32,10;-0,54;;13
28/09/26;ACCIONA ENERGIA;PUT;Sep-27;19,00;22.32;32,49;-0,23;;3
28/09/26;ACERINOX;CALL;Oct-26;16,50;17.42;33,51;0,78;;3
28/09/26;ACERINOX;CALL;Oct-26;17,00;17.42;32,54;0,65;7;7
28/09/26;ACERINOX;CALL;Oct-26;17,50;17.42;31,66;0,50;1;7
28/09/26;ACERINOX;CALL;Oct-26;18,00;17.42;31,22;0,34;1;18
28/09/26;ACERINOX;CALL;Oct-26;18,50;17.42;30,78;0,20;;24
28/09/26;ACERINOX;CALL;Oct-26;19,00;17.42;30,34;0,11;;10
28/09/26;ACERINOX;CALL;Oct-26;19,50;17.42;29,90;0,05;;10
28/09/26;ACERINOX;CALL;Nov-26;18,50;17.42;31,37;0,34;10;34
28/09/26;ACERINOX;CALL;Nov-26;19,00;17.42;30,99;0,26;;20
28/09/26;ACERINOX;CALL;Nov-26;19,50;17.42;30,61;0,19;;1
28/09/26;ACERINOX;CALL;Dic-26;6,00;17.42;49,14;1,00;;20
28/09/26;ACERINOX;CALL;Dic-26;9,75;17.42;43,25;1,00;;2
28/09/26;ACERINOX;CALL;Dic-26;11,00;17.42;41,29;0,99;;10
28/09/26;ACERINOX;CALL;Dic-26;13,00;17.42;38,16;0,96;;11
28/09/26;ACERINOX;CALL;Dic-26;13,50;17.42;37,37;0,94;;20
28/09/26;ACERINOX;CALL;Dic-26;14,00;17.42;36,59;0,92;;10
28/09/26;ACERINOX;CALL;Dic-26;14,50;17.42;35,80;0,89;;10
28/09/26;ACERINOX;CALL;Dic-26;15,00;17.42;35,02;0,85;;20
28/09/26;ACERINOX;CALL;Dic-26;16,00;17.42;33,45;0,74;;10
28/09/26;ACERINOX;CALL;Dic-26;16,50;17.42;32,66;0,68;;3
28/09/26;ACERINOX;CALL;Dic-26;17,00;17.42;31,88;0,61;;15
28/09/26;ACERINOX;CALL;Dic-26;17,50;17.42;31,18;0,53;;35
28/09/26;ACERINOX;CALL;Dic-26;18,00;17.42;30,94;0,46;;20
28/09/26;ACERINOX;CALL;Dic-26;18,50;17.42;30,70;0,38;;12
28/09/26;ACERINOX;CALL;Dic-26;19,00;17.42;30,46;0,31;;24
28/09/26;ACERINOX;CALL;Dic-26;19,50;17.42;30,22;0,25;;21
28/09/26;ACERINOX;CALL;Dic-26;20,00;17.42;29,99;0,19;;12
28/09/26;ACERINOX;CALL;Dic-26;22,00;17.42;29,03;0,05;;1
28/09/26;ACERINOX;CALL;Dic-26;24,00;17.42;28,07;0,01;;51
28/09/26;ACERINOX;CALL;Mar-27;8,75;17.42;43,11;1,00;;1
28/09/26;ACERINOX;CALL;Mar-27;11,00;17.42;40,18;0,98;;15
28/09/26;ACERINOX;CALL;Mar-27;13,00;17.42;37,58;0,92;;1
28/09/26;ACERINOX;CALL;Mar-27;13,50;17.42;36,93;0,89;;5
28/09/26;ACERINOX;CALL;Mar-27;14,50;17.42;35,63;0,83;;150
28/09/26;ACERINOX;CALL;Mar-27;15,50;17.42;34,33;0,75;;150
28/09/26;ACERINOX;CALL;Mar-27;16,00;17.42;33,68;0,70;;150
28/09/26;ACERINOX;CALL;Mar-27;17,00;17.42;32,38;0,60;;150
28/09/26;ACERINOX;CALL;Mar-27;17,50;17.42;31,81;0,54;;100
28/09/26;ACERINOX;CALL;Mar-27;18,50;17.42;31,50;0,43;;50
28/09/26;ACERINOX;CALL;Mar-27;19,00;17.42;31,35;0,38;;25
28/09/26;ACERINOX;CALL;Jun-27;16,00;17.42;34,41;0,68;;1
28/09/26;ACERINOX;CALL;Jun-27;17,50;17.42;32,64;0,55;;4
28/09/26;ACERINOX;CALL;Sep-27;13,50;17.42;38,88;0,82;;5
28/09/26;ACERINOX;CALL;Sep-27;14,00;17.42;38,23;0,79;;1
28/09/26;ACERINOX;CALL;Sep-27;16,50;17.42;34,98;0,63;;150
28/09/26;ACERINOX;CALL;Sep-27;18,50;17.42;33,43;0,49;;1
28/09/26;ACERINOX;CALL;Dic-27;11,00;17.42;40,45;0,92;;10
28/09/26;ACERINOX;CALL;Dic-27;12,00;17.42;39,30;0,88;;1
28/09/26;ACERINOX;CALL;Dic-27;13,00;17.42;38,15;0,83;;10
28/09/26;ACERINOX;CALL;Jun-28;12,50;17.42;36,78;0,84;;10
28/09/26;ACERINOX;PUT;Oct-26;15,50;17.42;33,70;-0,05;;10
28/09/26;ACERINOX;PUT;Oct-26;16,00;17.42;32,73;-0,11;;5
28/09/26;ACERINOX;PUT;Oct-26;16,50;17.42;31,77;-0,21;;2
28/09/26;ACERINOX;PUT;Oct-26;17,00;17.42;30,80;-0,34;;21
28/09/26;ACERINOX;PUT;Oct-26;17,50;17.42;29,92;-0,51;;35
28/09/26;ACERINOX;PUT;Oct-26;18,00;17.42;29,48;-0,68;;3
28/09/26;ACERINOX;PUT;Nov-26;16,50;17.42;31,69;-0,30;;32
28/09/26;ACERINOX;PUT;Nov-26;17,50;17.42;29,85;-0,48;;3
28/09/26;ACERINOX;PUT;Nov-26;18,00;17.42;29,47;-0,59;;1
28/09/26;ACERINOX;PUT;Dic-26;9,50;17.42;42,76;;;1
28/09/26;ACERINOX;PUT;Dic-26;9,75;17.42;42,36;;;1
28/09/26;ACERINOX;PUT;Dic-26;10,00;17.42;41,97;;;97
28/09/26;ACERINOX;PUT;Dic-26;10,50;17.42;41,19;;;35
28/09/26;ACERINOX;PUT;Dic-26;11,00;17.42;40,40;-0,01;;51
28/09/26;ACERINOX;PUT;Dic-26;11,50;17.42;39,62;-0,01;;25
28/09/26;ACERINOX;PUT;Dic-26;12,00;17.42;38,83;-0,02;;75
28/09/26;ACERINOX;PUT;Dic-26;12,50;17.42;38,05;-0,02;;145
28/09/26;ACERINOX;PUT;Dic-26;13,00;17.42;37,27;-0,04;;10
28/09/26;ACERINOX;PUT;Dic-26;13,50;17.42;36,48;-0,05;;45
28/09/26;ACERINOX;PUT;Dic-26;15,00;17.42;34,13;-0,15;;20
28/09/26;ACERINOX;PUT;Dic-26;15,50;17.42;33,34;-0,20;;28
28/09/26;ACERINOX;PUT;Dic-26;16,00;17.42;32,56;-0,25;7;11
28/09/26;ACERINOX;PUT;Dic-26;16,50;17.42;31,77;-0,32;1;13
28/09/26;ACERINOX;PUT;Dic-26;17,00;17.42;30,99;-0,39;;33
28/09/26;ACERINOX;PUT;Dic-26;18,00;17.42;30,05;-0,55;;50
28/09/26;ACERINOX;PUT;Mar-27;8,00;17.42;42,54;;;2
28/09/26;ACERINOX;PUT;Mar-27;10,00;17.42;39,93;-0,02;;175
28/09/26;ACERINOX;PUT;Mar-27;10,50;17.42;39,28;-0,02;;60
28/09/26;ACERINOX;PUT;Mar-27;11,00;17.42;38,63;-0,03;;160
28/09/26;ACERINOX;PUT;Mar-27;11,50;17.42;37,98;-0,05;;126
28/09/26;ACERINOX;PUT;Mar-27;12,00;17.42;37,33;-0,06;;70
28/09/26;ACERINOX;PUT;Mar-27;13,50;17.42;35,38;-0,13;;7
28/09/26;ACERINOX;PUT;Mar-27;15,00;17.42;33,43;-0,23;;100
28/09/26;ACERINOX;PUT;Mar-27;15,50;17.42;32,78;-0,28;;11
28/09/26;ACERINOX;PUT;Mar-27;16,00;17.42;32,13;-0,32;;3
28/09/26;ACERINOX;PUT;Mar-27;17,00;17.42;30,83;-0,43;;10
28/09/26;ACERINOX;PUT;Jun-27;8,75;17.42;41,37;-0,02;;1
28/09/26;ACERINOX;PUT;Jun-27;10,00;17.42;39,84;-0,04;;243
28/09/26;ACERINOX;PUT;Jun-27;11,00;17.42;38,61;-0,06;;110
28/09/26;ACERINOX;PUT;Jun-27;15,00;17.42;33,71;-0,26;;10
28/09/26;ACERINOX;PUT;Sep-27;10,00;17.42;40,09;-0,06;;150
28/09/26;ACERINOX;PUT;Sep-27;10,50;17.42;39,44;-0,07;;150
28/09/26;ACERINOX;PUT;Sep-27;11,00;17.42;38,79;-0,09;;150
28/09/26;ACERINOX;PUT;Sep-27;11,50;17.42;38,14;-0,10;;150
28/09/26;ACERINOX;PUT;Sep-27;12,00;17.42;37,49;-0,12;;207
28/09/26;ACERINOX;PUT;Dic-27;12,00;17.42;36,17;-0,13;;150
28/09/26;ACERINOX;PUT;Mar-28;12,00;17.42;34,46;-0,14;;208
28/09/26;ACERINOX;PUT;Sep-28;18,00;17.42;29,06;-0,47;;138
28/09/26;ACS;CALL;Oct-26;96,00;92.5;35,56;0,34;1;11
28/09/26;ACS;CALL;Oct-26;100,00;92.5;34,80;0,17;1;7
28/09/26;ACS;CALL;Oct-26;110,00;92.5;32,89;0,01;;17
28/09/26;ACS;CALL;Oct-26;115,00;92.5;31,93;;;7
28/09/26;ACS;CALL;Oct-26;120,00;92.5;30,98;;;6
28/09/26;ACS;CALL;Oct-26;125,00;92.5;30,02;;;1
28/09/26;ACS;CALL;Oct-26;130,00;92.5;29,07;;;5
28/09/26;ACS;CALL;Oct-26;140,00;92.5;27,16;;;3
28/09/26;ACS;CALL;Nov-26;100,00;92.5;34,88;0,31;;1
28/09/26;ACS;CALL;Nov-26;110,00;92.5;33,98;0,11;;12
28/09/26;ACS;CALL;Nov-26;120,00;92.5;33,08;0,02;;1
28/09/26;ACS;CALL;Nov-26;125,00;92.5;32,63;0,01;;1
28/09/26;ACS;CALL;Dic-26;86,00;92.5;37,92;0,70;;1
28/09/26;ACS;CALL;Dic-26;90,00;92.5;36,65;0,61;;25
28/09/26;ACS;CALL;Dic-26;92,00;92.5;36,02;0,56;;25
28/09/26;ACS;CALL;Dic-26;100,00;92.5;35,62;0,37;;2
28/09/26;ACS;CALL;Dic-26;105,00;92.5;35,45;0,26;;2
28/09/26;ACS;CALL;Dic-26;110,00;92.5;35,29;0,18;;5
28/09/26;ACS;CALL;Dic-26;115,00;92.5;35,13;0,12;;83
28/09/26;ACS;CALL;Dic-26;120,00;92.5;34,97;0,07;;90
28/09/26;ACS;CALL;Dic-26;125,00;92.5;34,81;0,04;;86
28/09/26;ACS;CALL;Dic-26;130,00;92.5;34,64;0,02;;711
28/09/26;ACS;CALL;Dic-26;135,00;92.5;34,48;0,01;;4
28/09/26;ACS;CALL;Dic-26;140,00;92.5;34,32;0,01;;2
28/09/26;ACS;CALL;Dic-26;145,00;92.5;34,16;;;9
28/09/26;ACS;CALL;Dic-26;150,00;92.5;34,00;;;80
28/09/26;ACS;CALL;Dic-26;155,00;92.5;33,83;;;15
28/09/26;ACS;CALL;Dic-26;160,00;92.5;33,67;;;15
28/09/26;ACS;CALL;Dic-26;165,00;92.5;33,51;;;25
28/09/26;ACS;CALL;Mar-27;90,00;92.5;36,97;0,60;10;10
28/09/26;ACS;CALL;Mar-27;92,00;92.5;36,47;0,57;;1
28/09/26;ACS;CALL;Mar-27;96,00;92.5;35,71;0,50;;1
28/09/26;ACS;CALL;Mar-27;100,00;92.5;34,99;0,43;;1
28/09/26;ACS;CALL;Mar-27;115,00;92.5;32,29;0,20;;5
28/09/26;ACS;CALL;Mar-27;140,00;92.5;27,78;0,02;;180
28/09/26;ACS;CALL;Mar-27;145,00;92.5;26,88;0,01;;5
28/09/26;ACS;CALL;Mar-27;150,00;92.5;25,98;;;200
28/09/26;ACS;CALL;Mar-27;155,00;92.5;25,08;;;20
28/09/26;ACS;CALL;Mar-27;160,00;92.5;24,18;;;20
28/09/26;ACS;CALL;Mar-27;165,00;92.5;23,28;;;60
28/09/26;ACS;CALL;Jun-27;54,00;92.5;46,80;0,94;;1
28/09/26;ACS;CALL;Jun-27;56,00;92.5;46,26;0,93;;2
28/09/26;ACS;CALL;Jun-27;88,00;92.5;37,49;0,64;;1
28/09/26;ACS;CALL;Jun-27;92,00;92.5;36,40;0,59;;1
28/09/26;ACS;CALL;Jun-27;96,00;92.5;35,97;0,53;;25
28/09/26;ACS;CALL;Jun-27;100,00;92.5;35,64;0,48;;25
28/09/26;ACS;CALL;Jun-27;125,00;92.5;33,57;0,20;;16
28/09/26;ACS;CALL;Jun-27;165,00;92.5;30,25;0,02;;5
28/09/26;ACS;CALL;Sep-27;86,00;92.5;38,37;0,67;;25
28/09/26;ACS;CALL;Sep-27;105,00;92.5;36,14;0,44;;25
28/09/26;ACS;CALL;Sep-27;140,00;92.5;34,63;0,15;10;
28/09/26;ACS;CALL;Dic-27;70,00;92.5;41,57;0,81;;60
28/09/26;ACS;CALL;Dic-27;88,00;92.5;37,29;0,64;;5
28/09/26;ACS;CALL;Dic-27;90,00;92.5;36,81;0,62;;5
28/09/26;ACS;CALL;Dic-27;94,00;92.5;36,19;0,58;;25
28/09/26;ACS;CALL;Dic-27;110,00;92.5;35,84;0,41;;250
28/09/26;ACS;CALL;Dic-27;130,00;92.5;35,41;0,26;;10
28/09/26;ACS;CALL;Mar-28;115,00;92.5;34,77;0,39;;1
28/09/26;ACS;PUT;Oct-26;84,00;92.5;37,70;-0,11;;11
28/09/26;ACS;PUT;Oct-26;86,00;92.5;37,01;-0,17;2;2
28/09/26;ACS;PUT;Oct-26;88,00;92.5;36,32;-0,25;;2
28/09/26;ACS;PUT;Oct-26;90,00;92.5;35,62;-0,35;;6
28/09/26;ACS;PUT;Oct-26;92,00;92.5;34,93;-0,45;;11
28/09/26;ACS;PUT;Oct-26;94,00;92.5;34,47;-0,56;;22
28/09/26;ACS;PUT;Oct-26;100,00;92.5;33,33;-0,84;;1
28/09/26;ACS;PUT;Nov-26;78,00;92.5;39,16;-0,11;;11
28/09/26;ACS;PUT;Nov-26;80,00;92.5;38,48;-0,14;;5
28/09/26;ACS;PUT;Nov-26;86,00;92.5;36,43;-0,27;;1
28/09/26;ACS;PUT;Nov-26;88,00;92.5;35,74;-0,32;;2
28/09/26;ACS;PUT;Nov-26;90,00;92.5;35,06;-0,38;;2
28/09/26;ACS;PUT;Nov-26;100,00;92.5;33,52;-0,70;;1
28/09/26;ACS;PUT;Nov-26;110,00;92.5;32,62;-0,92;;1
28/09/26;ACS;PUT;Dic-26;23,00;92.5;56,75;;;201
28/09/26;ACS;PUT;Dic-26;24,00;92.5;56,43;;;25
28/09/26;ACS;PUT;Dic-26;25,00;92.5;56,12;;;25
28/09/26;ACS;PUT;Dic-26;27,00;92.5;55,48;;;25
28/09/26;ACS;PUT;Dic-26;28,00;92.5;55,16;;;75
28/09/26;ACS;PUT;Dic-26;29,00;92.5;54,85;;;75
28/09/26;ACS;PUT;Dic-26;30,00;92.5;54,53;;;17
28/09/26;ACS;PUT;Dic-26;33,00;92.5;53,58;;;6
28/09/26;ACS;PUT;Dic-26;34,00;92.5;53,26;;;25
28/09/26;ACS;PUT;Dic-26;35,00;92.5;52,94;;;200
28/09/26;ACS;PUT;Dic-26;46,00;92.5;49,46;;;25
28/09/26;ACS;PUT;Dic-26;54,00;92.5;46,92;-0,01;;25
28/09/26;ACS;PUT;Dic-26;58,00;92.5;45,65;-0,01;;25
28/09/26;ACS;PUT;Dic-26;60,00;92.5;45,02;-0,01;;95
28/09/26;ACS;PUT;Dic-26;62,00;92.5;44,38;-0,02;;5
28/09/26;ACS;PUT;Dic-26;66,00;92.5;43,11;-0,04;;1
28/09/26;ACS;PUT;Dic-26;68,00;92.5;42,48;-0,05;;4
28/09/26;ACS;PUT;Dic-26;76,00;92.5;39,94;-0,12;;6
28/09/26;ACS;PUT;Dic-26;78,00;92.5;39,31;-0,15;1;7
28/09/26;ACS;PUT;Dic-26;80,00;92.5;38,67;-0,18;;5
28/09/26;ACS;PUT;Dic-26;82,00;92.5;38,04;-0,22;;10
28/09/26;ACS;PUT;Dic-26;84,00;92.5;37,41;-0,25;;14
28/09/26;ACS;PUT;Dic-26;86,00;92.5;36,77;-0,30;;10
28/09/26;ACS;PUT;Dic-26;88,00;92.5;36,14;-0,34;;45
28/09/26;ACS;PUT;Dic-26;90,00;92.5;35,50;-0,39;;44
28/09/26;ACS;PUT;Dic-26;94,00;92.5;34,66;-0,50;;46
28/09/26;ACS;PUT;Dic-26;96,00;92.5;34,60;-0,55;;80
28/09/26;ACS;PUT;Dic-26;98,00;92.5;34,53;-0,60;;10
28/09/26;ACS;PUT;Dic-26;100,00;92.5;34,47;-0,65;;176
28/09/26;ACS;PUT;Dic-26;105,00;92.5;34,30;-0,76;;3
28/09/26;ACS;PUT;Dic-26;110,00;92.5;34,14;-0,85;;50
28/09/26;ACS;PUT;Dic-26;115,00;92.5;33,98;-0,91;;10
28/09/26;ACS;PUT;Mar-27;60,00;92.5;43,12;-0,05;;1
28/09/26;ACS;PUT;Mar-27;68,00;92.5;41,10;-0,11;;1
28/09/26;ACS;PUT;Mar-27;86,00;92.5;36,56;-0,33;;11
28/09/26;ACS;PUT;Mar-27;88,00;92.5;36,06;-0,37;;2
28/09/26;ACS;PUT;Mar-27;90,00;92.5;35,55;-0,40;;2
28/09/26;ACS;PUT;Mar-27;92,00;92.5;35,05;-0,44;;1
28/09/26;ACS;PUT;Mar-27;96,00;92.5;34,29;-0,51;;2
28/09/26;ACS;PUT;Mar-27;98,00;92.5;33,93;-0,55;;115
28/09/26;ACS;PUT;Mar-27;100,00;92.5;33,57;-0,58;;110
28/09/26;ACS;PUT;Mar-27;105,00;92.5;32,67;-0,67;;6
28/09/26;ACS;PUT;Mar-27;110,00;92.5;31,77;-0,75;;10
28/09/26;ACS;PUT;Jun-27;22,00;92.5;53,76;;;360
28/09/26;ACS;PUT;Jun-27;24,00;92.5;53,21;;;85
28/09/26;ACS;PUT;Jun-27;28,00;92.5;52,11;;;2
28/09/26;ACS;PUT;Jun-27;33,00;92.5;50,75;;;2
28/09/26;ACS;PUT;Jun-27;70,00;92.5;40,61;-0,16;;1
28/09/26;ACS;PUT;Jun-27;92,00;92.5;34,59;-0,42;;1
28/09/26;ACS;PUT;Jun-27;120,00;92.5;32,17;-0,80;;5
28/09/26;ACS;PUT;Jun-27;130,00;92.5;31,34;-0,90;;5
28/09/26;ACS;PUT;Sep-27;60,00;92.5;42,47;-0,11;;1
28/09/26;ACS;PUT;Sep-27;74,00;92.5;38,84;-0,22;;17
28/09/26;ACS;PUT;Sep-27;78,00;92.5;37,80;-0,26;;25
28/09/26;ACS;PUT;Sep-27;92,00;92.5;34,17;-0,43;;25
28/09/26;ACS;PUT;Dic-27;50,00;92.5;44,04;-0,06;;25
28/09/26;ACS;PUT;Dic-27;78,00;92.5;37,38;-0,27;;25
28/09/26;ACS;PUT;Dic-27;82,00;92.5;36,43;-0,31;;10
28/09/26;ACS;PUT;Dic-27;84,00;92.5;35,95;-0,33;;5
28/09/26;ACS;PUT;Dic-27;98,00;92.5;33,81;-0,49;;25
28/09/26;ACS;PUT;Dic-27;100,00;92.5;33,77;-0,51;;25
28/09/26;ACS;PUT;Dic-27;115,00;92.5;33,44;-0,67;;5
28/09/26;ACS;PUT;Mar-28;84,00;92.5;34,67;-0,33;;1
28/09/26;ACS;PUT;Jun-28;105,00;92.5;32,05;-0,54;;1
28/09/26;ACS;CALL;Dic-26;50,00;92.5;49,34;0,99;;1
28/09/26;AENA;CALL;Oct-26;25,00;25.66;23,90;0,70;;10
28/09/26;AENA;CALL;Oct-26;26,00;25.66;22,87;0,42;;501
28/09/26;AENA;CALL;Oct-26;27,00;25.66;22,15;0,16;1;55
28/09/26;AENA;CALL;Oct-26;29,00;25.66;20,69;;;10
28/09/26;AENA;CALL;Nov-26;27,00;25.66;21,87;0,30;;1
28/09/26;AENA;CALL;Dic-26;26,00;25.66;22,53;0,49;;3
28/09/26;AENA;CALL;Dic-26;27,00;25.66;21,99;0,35;;78
28/09/26;AENA;CALL;Dic-26;28,00;25.66;21,44;0,22;;1
28/09/26;AENA;CALL;Dic-26;29,00;25.66;20,90;0,13;;6
28/09/26;AENA;CALL;Mar-27;21,00;25.66;27,98;0,88;;6
28/09/26;AENA;CALL;Mar-27;26,00;25.66;23,23;0,53;;3
28/09/26;AENA;CALL;Mar-27;27,00;25.66;22,81;0,43;;30
28/09/26;AENA;CALL;Jun-27;25,00;25.66;23,83;0,63;;2
28/09/26;AENA;CALL;Jun-27;29,00;25.66;21,82;0,29;;150
28/09/26;AENA;CALL;Jun-27;34,00;25.66;19,74;0,04;;100
28/09/26;AENA;CALL;Dic-27;23,00;25.66;25,56;0,73;;16
28/09/26;AENA;CALL;Dic-27;25,00;25.66;24,15;0,60;;25
28/09/26;AENA;CALL;Dic-27;28,00;25.66;22,99;0,41;;25
28/09/26;AENA;PUT;Oct-26;23,00;25.66;25,97;-0,03;;301
28/09/26;AENA;PUT;Oct-26;24,00;25.66;24,79;-0,10;;15
28/09/26;AENA;PUT;Oct-26;25,00;25.66;23,61;-0,29;;4
28/09/26;AENA;PUT;Oct-26;26,00;25.66;22,58;-0,59;;1
28/09/26;AENA;PUT;Oct-26;27,00;25.66;21,86;-0,85;;1
28/09/26;AENA;PUT;Nov-26;23,00;25.66;25,96;-0,12;;5
28/09/26;AENA;PUT;Dic-26;18,00;25.66;31,08;-0,01;;2
28/09/26;AENA;PUT;Dic-26;19,00;25.66;30,00;-0,01;;3
28/09/26;AENA;PUT;Dic-26;19,50;25.66;29,46;-0,02;;12
28/09/26;AENA;PUT;Dic-26;20,00;25.66;28,92;-0,03;;4
28/09/26;AENA;PUT;Dic-26;21,00;25.66;27,84;-0,05;;4
28/09/26;AENA;PUT;Dic-26;22,00;25.66;26,77;-0,09;;1.428
28/09/26;AENA;PUT;Dic-26;23,00;25.66;25,69;-0,16;;2
28/09/26;AENA;PUT;Dic-26;24,00;25.66;24,61;-0,25;;2
28/09/26;AENA;PUT;Dic-26;25,00;25.66;23,53;-0,37;;39
28/09/26;AENA;PUT;Dic-26;26,00;25.66;22,63;-0,51;;5
28/09/26;AENA;PUT;Mar-27;18,00;25.66;30,12;-0,03;;2
28/09/26;AENA;PUT;Mar-27;20,00;25.66;28,15;-0,08;;500
28/09/26;AENA;PUT;Mar-27;20,50;25.66;27,65;-0,09;;1
28/09/26;AENA;PUT;Mar-27;21,00;25.66;27,16;-0,11;;9
28/09/26;AENA;PUT;Mar-27;22,00;25.66;26,17;-0,16;;6
28/09/26;AENA;PUT;Mar-27;23,00;25.66;25,19;-0,22;;21
28/09/26;AENA;PUT;Mar-27;24,00;25.66;24,20;-0,29;;3
28/09/26;AENA;PUT;Mar-27;26,00;25.66;22,41;-0,48;;6
28/09/26;AENA;PUT;Mar-27;27,00;25.66;21,99;-0,59;;18
28/09/26;AENA;PUT;Jun-27;18,00;25.66;27,42;-0,07;;1
28/09/26;AENA;PUT;Jun-27;19,00;25.66;26,49;-0,09;;1
28/09/26;AENA;PUT;Jun-27;20,00;25.66;25,55;-0,13;;2
28/09/26;AENA;PUT;Jun-27;23,00;25.66;22,75;-0,31;;7
28/09/26;AENA;PUT;Jun-27;24,00;25.66;21,81;-0,39;;1
28/09/26;AENA;PUT;Jun-27;25,00;25.66;20,88;-0,47;;25
28/09/26;AENA;PUT;Jun-27;26,00;25.66;20,12;-0,57;;26
28/09/26;AENA;PUT;Jun-27;27,00;25.66;19,70;-0,66;;25
28/09/26;AENA;PUT;Sep-27;18,00;25.66;26,37;-0,08;;1
28/09/26;AENA;PUT;Sep-27;23,00;25.66;22,41;-0,31;;2
28/09/26;ALMIRALL;CALL;Dic-26;11,00;10.56;26,55;0,41;;3
28/09/26;ALMIRALL;CALL;Dic-26;12,00;10.56;26,49;0,18;;4
28/09/26;ALMIRALL;PUT;Dic-26;11,00;10.56;27,87;-0,59;;4
28/09/26;AMADEUS;CALL;Oct-26;48,00;52.2;32,37;0,89;;1
28/09/26;AMADEUS;CALL;Oct-26;54,00;52.2;28,70;0,32;3;4
28/09/26;AMADEUS;CALL;Oct-26;56,00;52.2;28,31;0,14;;1
28/09/26;AMADEUS;CALL;Oct-26;58,00;52.2;27,93;0,05;6;39
28/09/26;AMADEUS;CALL;Oct-26;60,00;52.2;27,55;0,01;;5
28/09/26;AMADEUS;CALL;Oct-26;62,00;52.2;27,16;;;992
28/09/26;AMADEUS;CALL;Oct-26;64,00;52.2;26,78;;;1.302
28/09/26;AMADEUS;CALL;Oct-26;66,00;52.2;26,40;;;2
28/09/26;AMADEUS;CALL;Nov-26;58,00;52.2;27,94;0,19;;1
28/09/26;AMADEUS;CALL;Nov-26;60,00;52.2;27,57;0,11;;50
28/09/26;AMADEUS;CALL;Nov-26;64,00;52.2;26,82;0,03;;468
28/09/26;AMADEUS;CALL;Nov-26;66,00;52.2;26,45;0,01;;443
28/09/26;AMADEUS;CALL;Nov-26;68,00;52.2;26,08;;;1
28/09/26;AMADEUS;CALL;Dic-26;38,00;52.2;39,25;0,97;;4
28/09/26;AMADEUS;CALL;Dic-26;39,00;52.2;38,50;0,96;;25
28/09/26;AMADEUS;CALL;Dic-26;40,00;52.2;37,74;0,95;;11
28/09/26;AMADEUS;CALL;Dic-26;45,00;52.2;33,98;0,85;;11
28/09/26;AMADEUS;CALL;Dic-26;49,00;52.2;30,96;0,71;;1
28/09/26;AMADEUS;CALL;Dic-26;50,00;52.2;30,21;0,66;;13
28/09/26;AMADEUS;CALL;Dic-26;52,00;52.2;28,70;0,55;;500
28/09/26;AMADEUS;CALL;Dic-26;54,00;52.2;28,35;0,44;;13
28/09/26;AMADEUS;CALL;Dic-26;56,00;52.2;28,14;0,34;;26
28/09/26;AMADEUS;CALL;Dic-26;58,00;52.2;27,92;0,25;;25
28/09/26;AMADEUS;CALL;Dic-26;60,00;52.2;27,70;0,17;;1.117
28/09/26;AMADEUS;CALL;Dic-26;62,00;52.2;27,49;0,11;;26
28/09/26;AMADEUS;CALL;Dic-26;64,00;52.2;27,27;0,07;;27
28/09/26;AMADEUS;CALL;Dic-26;66,00;52.2;27,05;0,04;;73
28/09/26;AMADEUS;CALL;Dic-26;68,00;52.2;26,83;0,02;;25
28/09/26;AMADEUS;CALL;Dic-26;70,00;52.2;26,62;0,01;;1
28/09/26;AMADEUS;CALL;Dic-26;72,00;52.2;26,40;0,01;;28
28/09/26;AMADEUS;CALL;Dic-26;74,00;52.2;26,18;;;6
28/09/26;AMADEUS;CALL;Dic-26;90,00;52.2;24,45;;;3
28/09/26;AMADEUS;CALL;Mar-27;40,00;52.2;36,59;0,90;;1
28/09/26;AMADEUS;CALL;Mar-27;52,00;52.2;28,93;0,56;;25
28/09/26;AMADEUS;CALL;Mar-27;54,00;52.2;28,65;0,48;;500
28/09/26;AMADEUS;CALL;Mar-27;56,00;52.2;28,48;0,40;;63
28/09/26;AMADEUS;CALL;Mar-27;58,00;52.2;28,32;0,33;;60
28/09/26;AMADEUS;CALL;Mar-27;60,00;52.2;28,15;0,27;;1
28/09/26;AMADEUS;CALL;Mar-27;62,00;52.2;27,99;0,22;;300
28/09/26;AMADEUS;CALL;Mar-27;64,00;52.2;27,82;0,17;;10
28/09/26;AMADEUS;CALL;Mar-27;66,00;52.2;27,65;0,13;;3
28/09/26;AMADEUS;CALL;Jun-27;40,00;52.2;35,59;0,86;;1
28/09/26;AMADEUS;CALL;Jun-27;48,00;52.2;31,25;0,69;;1
28/09/26;AMADEUS;CALL;Jun-27;50,00;52.2;30,16;0,63;;1
28/09/26;AMADEUS;CALL;Jun-27;52,00;52.2;29,08;0,57;;25
28/09/26;AMADEUS;CALL;Jun-27;58,00;52.2;28,30;0,39;;25
28/09/26;AMADEUS;CALL;Jun-27;60,00;52.2;28,07;0,34;;25
28/09/26;AMADEUS;CALL;Jun-27;62,00;52.2;27,84;0,29;;50
28/09/26;AMADEUS;CALL;Jun-27;64,00;52.2;27,61;0,24;;26
28/09/26;AMADEUS;CALL;Jun-27;66,00;52.2;27,38;0,20;;50
28/09/26;AMADEUS;CALL;Jun-27;68,00;52.2;27,15;0,16;;85
28/09/26;AMADEUS;CALL;Jun-27;72,00;52.2;26,69;0,10;;1
28/09/26;AMADEUS;CALL;Jun-27;82,00;52.2;25,54;0,03;;10
28/09/26;AMADEUS;CALL;Sep-27;49,00;52.2;31,13;0,65;;5
28/09/26;AMADEUS;CALL;Sep-27;66,00;52.2;27,42;0,23;;26
28/09/26;AMADEUS;CALL;Dic-27;56,00;52.2;29,44;0,48;;25
28/09/26;AMADEUS;CALL;Dic-27;60,00;52.2;28,90;0,40;;25
28/09/26;AMADEUS;CALL;Dic-27;72,00;52.2;27,29;0,18;;6
28/09/26;AMADEUS;PUT;Oct-26;36,00;52.2;42,58;;;18
28/09/26;AMADEUS;PUT;Oct-26;39,00;52.2;40,20;;;2
28/09/26;AMADEUS;PUT;Oct-26;40,00;52.2;39,41;;;526
28/09/26;AMADEUS;PUT;Oct-26;45,00;52.2;35,45;-0,03;;1
28/09/26;AMADEUS;PUT;Oct-26;47,00;52.2;33,87;-0,07;;3
28/09/26;AMADEUS;PUT;Oct-26;48,00;52.2;33,08;-0,12;;4
28/09/26;AMADEUS;PUT;Oct-26;49,00;52.2;32,28;-0,18;;4
28/09/26;AMADEUS;PUT;Oct-26;50,00;52.2;31,49;-0,25;4;10
28/09/26;AMADEUS;PUT;Oct-26;52,00;52.2;29,91;-0,46;;8
28/09/26;AMADEUS;PUT;Oct-26;54,00;52.2;29,41;-0,68;;3
28/09/26;AMADEUS;PUT;Oct-26;58,00;52.2;28,64;-0,96;;10
28/09/26;AMADEUS;PUT;Oct-26;60,00;52.2;28,26;-1,00;;1
28/09/26;AMADEUS;PUT;Nov-26;44,00;52.2;34,73;-0,08;;1
28/09/26;AMADEUS;PUT;Nov-26;45,00;52.2;33,95;-0,11;;1
28/09/26;AMADEUS;PUT;Nov-26;48,00;52.2;31,59;-0,22;;1
28/09/26;AMADEUS;PUT;Nov-26;49,00;52.2;30,80;-0,27;;1
28/09/26;AMADEUS;PUT;Nov-26;50,00;52.2;30,02;-0,32;1;1
28/09/26;AMADEUS;PUT;Nov-26;52,00;52.2;28,45;-0,45;;10
28/09/26;AMADEUS;PUT;Nov-26;54,00;52.2;27,96;-0,60;;3
28/09/26;AMADEUS;PUT;Dic-26;38,00;52.2;38,57;-0,03;;54
28/09/26;AMADEUS;PUT;Dic-26;39,00;52.2;37,82;-0,04;;174
28/09/26;AMADEUS;PUT;Dic-26;40,00;52.2;37,06;-0,05;;103
28/09/26;AMADEUS;PUT;Dic-26;42,00;52.2;35,56;-0,08;;2
28/09/26;AMADEUS;PUT;Dic-26;43,00;52.2;34,80;-0,10;;56
28/09/26;AMADEUS;PUT;Dic-26;44,00;52.2;34,05;-0,12;;15
28/09/26;AMADEUS;PUT;Dic-26;45,00;52.2;33,30;-0,15;;78
28/09/26;AMADEUS;PUT;Dic-26;46,00;52.2;32,54;-0,18;;38
28/09/26;AMADEUS;PUT;Dic-26;47,00;52.2;31,79;-0,21;;100
28/09/26;AMADEUS;PUT;Dic-26;48,00;52.2;31,03;-0,25;;2.022
28/09/26;AMADEUS;PUT;Dic-26;49,00;52.2;30,28;-0,29;;15
28/09/26;AMADEUS;PUT;Dic-26;50,00;52.2;29,53;-0,34;1;869
28/09/26;AMADEUS;PUT;Dic-26;52,00;52.2;28,02;-0,45;;539
28/09/26;AMADEUS;PUT;Dic-26;54,00;52.2;27,67;-0,57;;122
28/09/26;AMADEUS;PUT;Dic-26;56,00;52.2;27,46;-0,68;;14
28/09/26;AMADEUS;PUT;Dic-26;58,00;52.2;27,24;-0,78;;1
28/09/26;AMADEUS;PUT;Dic-26;60,00;52.2;27,02;-0,86;;27
28/09/26;AMADEUS;PUT;Dic-26;62,00;52.2;26,81;-0,92;;3
28/09/26;AMADEUS;PUT;Dic-26;64,00;52.2;26,59;-0,97;;1
28/09/26;AMADEUS;PUT;Dic-26;68,00;52.2;26,15;-1,00;;25
28/09/26;AMADEUS;PUT;Dic-26;70,00;52.2;25,94;-1,00;;25
28/09/26;AMADEUS;PUT;Mar-27;38,00;52.2;36,20;-0,08;;116
28/09/26;AMADEUS;PUT;Mar-27;39,00;52.2;35,56;-0,09;;55
28/09/26;AMADEUS;PUT;Mar-27;40,00;52.2;34,92;-0,11;;3
28/09/26;AMADEUS;PUT;Mar-27;41,00;52.2;34,28;-0,13;;54
28/09/26;AMADEUS;PUT;Mar-27;42,00;52.2;33,64;-0,15;;2
28/09/26;AMADEUS;PUT;Mar-27;43,00;52.2;33,00;-0,17;;80
28/09/26;AMADEUS;PUT;Mar-27;44,00;52.2;32,37;-0,19;;10
28/09/26;AMADEUS;PUT;Mar-27;45,00;52.2;31,73;-0,22;;7
28/09/26;AMADEUS;PUT;Mar-27;46,00;52.2;31,09;-0,24;;10
28/09/26;AMADEUS;PUT;Mar-27;47,00;52.2;30,45;-0,27;;13
28/09/26;AMADEUS;PUT;Mar-27;48,00;52.2;29,81;-0,31;;515
28/09/26;AMADEUS;PUT;Mar-27;49,00;52.2;29,17;-0,34;;15
28/09/26;AMADEUS;PUT;Mar-27;50,00;52.2;28,53;-0,38;;1
28/09/26;AMADEUS;PUT;Mar-27;52,00;52.2;27,26;-0,46;;3
28/09/26;AMADEUS;PUT;Mar-27;54,00;52.2;26,98;-0,54;;11
28/09/26;AMADEUS;PUT;Mar-27;62,00;52.2;26,32;-0,81;;1
28/09/26;AMADEUS;PUT;Jun-27;38,00;52.2;35,02;-0,11;;65
28/09/26;AMADEUS;PUT;Jun-27;39,00;52.2;34,47;-0,12;;10
28/09/26;AMADEUS;PUT;Jun-27;40,00;52.2;33,93;-0,14;;1.250
28/09/26;AMADEUS;PUT;Jun-27;42,00;52.2;32,85;-0,17;;25
28/09/26;AMADEUS;PUT;Jun-27;43,00;52.2;32,30;-0,19;;25
28/09/26;AMADEUS;PUT;Jun-27;44,00;52.2;31,76;-0,21;;3
28/09/26;AMADEUS;PUT;Jun-27;45,00;52.2;31,22;-0,24;;1
28/09/26;AMADEUS;PUT;Jun-27;46,00;52.2;30,68;-0,26;;26
28/09/26;AMADEUS;PUT;Jun-27;47,00;52.2;30,13;-0,29;;25
28/09/26;AMADEUS;PUT;Jun-27;48,00;52.2;29,59;-0,32;;53
28/09/26;AMADEUS;PUT;Jun-27;49,00;52.2;29,05;-0,35;;3
28/09/26;AMADEUS;PUT;Jun-27;50,00;52.2;28,50;-0,38;;24
28/09/26;AMADEUS;PUT;Jun-27;52,00;52.2;27,42;-0,44;;7
28/09/26;AMADEUS;PUT;Jun-27;54,00;52.2;27,10;-0,51;;17
28/09/26;AMADEUS;PUT;Jun-27;60,00;52.2;26,41;-0,70;;11
28/09/26;AMADEUS;PUT;Sep-27;43,00;52.2;31,32;-0,22;1;1
28/09/26;AMADEUS;PUT;Sep-27;48,00;52.2;28,95;-0,34;;2
28/09/26;AMADEUS;PUT;Sep-27;52,00;52.2;27,06;-0,45;;1
28/09/26;AMADEUS;PUT;Sep-27;54,00;52.2;26,68;-0,51;;12
28/09/26;AMADEUS;PUT;Dic-27;46,00;52.2;29,42;-0,29;;50
28/09/26;AMADEUS;PUT;Dic-27;47,00;52.2;29,00;-0,32;;25
28/09/26;AMADEUS;PUT;Dic-27;48,00;52.2;28,58;-0,34;;51
28/09/26;AMADEUS;PUT;Dic-27;50,00;52.2;27,74;-0,39;;7
28/09/26;AMADEUS;PUT;Dic-27;52,00;52.2;26,89;-0,45;;3
28/09/26;AMADEUS;PUT;Dic-27;58,00;52.2;26,03;-0,60;;1
28/09/26;AMADEUS;PUT;Mar-28;49,00;52.2;27,50;-0,37;;1
28/09/26;AMADEUS;PUT;Jun-28;46,00;52.2;28,22;-0,30;;2
28/09/26;AMADEUS;PUT;Jun-28;48,00;52.2;27,55;-0,34;;6
28/09/26;AMADEUS;PUT;Jun-28;56,00;52.2;25,77;-0,53;;1
28/09/26;AMADEUS;PUT;Jun-28;60,00;52.2;25,36;-0,62;;3
28/09/26;AMADEUS;PUT;Jun-28;62,00;52.2;25,16;-0,66;;3
28/09/26;AMADEUS;PUT;Jun-28;70,00;52.2;24,34;-0,81;;2
28/09/26;AMADEUS;PUT;Sep-28;46,00;52.2;27,78;-0,31;;2
28/09/26;AMADEUS;PUT;Dic-26;44,00;52.2;34,05;-0,12;;1
28/09/26;AMADEUS;PUT;Dic-26;46,00;52.2;32,54;-0,17;;1
28/09/26;AMADEUS;PUT;Dic-26;56,00;52.2;27,46;-0,66;;1
28/09/26;AMADEUS;PUT;Sep-27;60,00;52.2;25,72;-0,65;;1
28/09/26;ARCELORMITTAL;CALL;Oct-26;52,00;61.3;46,14;0,95;;7
28/09/26;ARCELORMITTAL;CALL;Oct-26;54,00;61.3;45,28;0,91;;1
28/09/26;ARCELORMITTAL;CALL;Oct-26;64,00;61.3;40,45;0,34;;54
28/09/26;ARCELORMITTAL;CALL;Oct-26;66,00;61.3;39,20;0,21;;43
28/09/26;ARCELORMITTAL;CALL;Oct-26;68,00;61.3;37,95;0,12;;8
28/09/26;ARCELORMITTAL;CALL;Oct-26;70,00;61.3;36,70;0,06;;40
28/09/26;ARCELORMITTAL;CALL;Oct-26;74,00;61.3;34,20;0,01;;3
28/09/26;ARCELORMITTAL;CALL;Nov-26;68,00;61.3;41,92;0,29;1;
28/09/26;ARCELORMITTAL;CALL;Nov-26;70,00;61.3;40,94;0,22;3;3
28/09/26;ARCELORMITTAL;CALL;Nov-26;72,00;61.3;39,96;0,17;1;1
28/09/26;ARCELORMITTAL;CALL;Nov-26;76,00;61.3;38,01;0,08;;1
28/09/26;ARCELORMITTAL;CALL;Dic-26;26,00;61.3;56,84;1,00;;4
28/09/26;ARCELORMITTAL;CALL;Dic-26;35,00;61.3;53,32;0,99;;3
28/09/26;ARCELORMITTAL;CALL;Dic-26;40,00;61.3;51,36;0,97;;2
28/09/26;ARCELORMITTAL;CALL;Dic-26;45,00;61.3;49,40;0,93;;10
28/09/26;ARCELORMITTAL;CALL;Dic-26;50,00;61.3;47,44;0,85;;149
28/09/26;ARCELORMITTAL;CALL;Dic-26;56,00;61.3;45,10;0,71;;1
28/09/26;ARCELORMITTAL;CALL;Dic-26;60,00;61.3;43,53;0,59;;10
28/09/26;ARCELORMITTAL;CALL;Dic-26;68,00;61.3;42,40;0,35;;54
28/09/26;ARCELORMITTAL;CALL;Dic-26;70,00;61.3;42,22;0,29;;36
28/09/26;ARCELORMITTAL;CALL;Dic-26;72,00;61.3;42,03;0,24;;53
28/09/26;ARCELORMITTAL;CALL;Dic-26;74,00;61.3;41,85;0,20;;5
28/09/26;ARCELORMITTAL;CALL;Dic-26;76,00;61.3;41,66;0,16;;30
28/09/26;ARCELORMITTAL;CALL;Dic-26;88,00;61.3;40,55;0,04;;25
28/09/26;ARCELORMITTAL;CALL;Mar-27;78,00;61.3;38,13;0,23;50;50
28/09/26;ARCELORMITTAL;CALL;Mar-27;80,00;61.3;37,59;0,19;10;10
28/09/26;ARCELORMITTAL;CALL;Jun-27;21,00;61.3;53,73;1,00;;3
28/09/26;ARCELORMITTAL;CALL;Dic-29;30,00;61.3;37,68;0,93;;1
28/09/26;ARCELORMITTAL;PUT;Oct-26;50,00;61.3;45,65;-0,02;;25
28/09/26;ARCELORMITTAL;PUT;Oct-26;54,00;61.3;43,94;-0,09;1;1
28/09/26;ARCELORMITTAL;PUT;Oct-26;56,00;61.3;43,08;-0,16;1;2
28/09/26;ARCELORMITTAL;PUT;Oct-26;58,00;61.3;42,22;-0,26;;1
28/09/26;ARCELORMITTAL;PUT;Oct-26;60,00;61.3;41,36;-0,39;;69
28/09/26;ARCELORMITTAL;PUT;Oct-26;62,00;61.3;40,36;-0,53;;11
28/09/26;ARCELORMITTAL;PUT;Nov-26;48,00;61.3;49,15;-0,08;;8
28/09/26;ARCELORMITTAL;PUT;Nov-26;56,00;61.3;45,89;-0,27;;1
28/09/26;ARCELORMITTAL;PUT;Nov-26;60,00;61.3;44,26;-0,41;;3
28/09/26;ARCELORMITTAL;PUT;Nov-26;62,00;61.3;43,39;-0,49;1;1
28/09/26;ARCELORMITTAL;PUT;Dic-26;34,00;61.3;52,60;-0,01;;5
28/09/26;ARCELORMITTAL;PUT;Dic-26;35,00;61.3;52,21;-0,01;;5
28/09/26;ARCELORMITTAL;PUT;Dic-26;36,00;61.3;51,82;-0,01;;5
28/09/26;ARCELORMITTAL;PUT;Dic-26;37,00;61.3;51,42;-0,01;;5
28/09/26;ARCELORMITTAL;PUT;Dic-26;39,00;61.3;50,64;-0,02;;1
28/09/26;ARCELORMITTAL;PUT;Dic-26;40,00;61.3;50,25;-0,03;;3
28/09/26;ARCELORMITTAL;PUT;Dic-26;45,00;61.3;48,29;-0,07;;32
28/09/26;ARCELORMITTAL;PUT;Dic-26;46,00;61.3;47,90;-0,08;;1
28/09/26;ARCELORMITTAL;PUT;Dic-26;49,00;61.3;46,73;-0,13;;50
28/09/26;ARCELORMITTAL;PUT;Dic-26;50,00;61.3;46,33;-0,15;;30
28/09/26;ARCELORMITTAL;PUT;Dic-26;52,00;61.3;45,55;-0,19;;10
28/09/26;ARCELORMITTAL;PUT;Dic-26;54,00;61.3;44,77;-0,24;;5
28/09/26;ARCELORMITTAL;PUT;Dic-26;60,00;61.3;42,42;-0,41;;115
28/09/26;ARCELORMITTAL;PUT;Dic-26;62,00;61.3;41,85;-0,48;;20
28/09/26;ARCELORMITTAL;PUT;Mar-27;36,00;61.3;47,61;-0,03;;5
28/09/26;ARCELORMITTAL;PUT;Mar-27;38,00;61.3;47,13;-0,05;;26
28/09/26;ARCELORMITTAL;PUT;Mar-27;40,00;61.3;46,66;-0,07;;50
28/09/26;ARCELORMITTAL;PUT;Dic-27;24,00;61.3;45,49;-0,01;;1
28/09/26;ARCELORMITTAL;PUT;Dic-30;44,00;61.3;34,30;-0,17;;1
28/09/26;ATRESMEDIA;CALL;Oct-26;5,25;5.86;26,35;0,97;;24
28/09/26;ATRESMEDIA;CALL;Oct-26;5,30;5.86;26,15;0,96;;2
28/09/26;ATRESMEDIA;CALL;Dic-26;5,25;5.86;26,83;0,85;;11
28/09/26;ATRESMEDIA;CALL;Dic-26;5,50;5.86;25,77;0,74;;6
28/09/26;ATRESMEDIA;CALL;Dic-26;5,75;5.86;24,70;0,61;;10
28/09/26;ATRESMEDIA;CALL;Dic-26;6,00;5.86;23,59;0,45;;2
28/09/26;ATRESMEDIA;CALL;Mar-27;3,40;5.86;28,32;1,00;;2
28/09/26;ATRESMEDIA;CALL;Mar-27;5,00;5.86;23,58;0,91;;32
28/09/26;ATRESMEDIA;CALL;Mar-27;5,50;5.86;22,10;0,72;;60
28/09/26;ATRESMEDIA;CALL;Mar-27;5,75;5.86;21,37;0,58;;1
28/09/26;ATRESMEDIA;CALL;Sep-27;5,75;5.86;21,04;0,56;;1
28/09/26;ATRESMEDIA;PUT;Dic-26;4,50;5.86;29,82;-0,04;;18
28/09/26;ATRESMEDIA;PUT;Dic-26;5,00;5.86;27,69;-0,14;;3
28/09/26;ATRESMEDIA;PUT;Dic-26;5,50;5.86;25,56;-0,35;;25
28/09/26;ATRESMEDIA;PUT;Dic-26;6,00;5.86;23,38;-0,65;;20
28/09/26;ATRESMEDIA;PUT;Dic-26;6,50;5.86;21,11;-0,89;;25
28/09/26;ATRESMEDIA;PUT;Mar-27;4,50;5.86;28,00;-0,09;;5
28/09/26;ATRESMEDIA;PUT;Mar-27;5,25;5.86;25,78;-0,28;;25
28/09/26;ATRESMEDIA;PUT;Jun-27;4,00;5.86;30,82;-0,08;;5
28/09/26;ATRESMEDIA;PUT;Jun-27;4,50;5.86;29,77;-0,17;;2
28/09/26;ATRESMEDIA;PUT;Jun-27;4,60;5.86;29,56;-0,19;;2
28/09/26;B.SABADELL;CALL;Oct-26;3,59;3.69;25,93;0,70;;1
28/09/26;B.SABADELL;CALL;Oct-26;3,68;3.69;25,61;0,54;;1
28/09/26;B.SABADELL;CALL;Nov-26;3,68;3.69;27,06;0,54;;1
28/09/26;B.SABADELL;CALL;Nov-26;3,76;3.69;26,79;0,46;;9
28/09/26;B.SABADELL;CALL;Dic-26;2,48;3.69;30,08;1,00;50;
28/09/26;B.SABADELL;CALL;Dic-26;2,74;3.69;29,12;0,99;;28
28/09/26;B.SABADELL;CALL;Dic-26;2,99;3.69;28,19;0,95;;7
28/09/26;B.SABADELL;CALL;Dic-26;3,08;3.69;27,86;0,93;;664
28/09/26;B.SABADELL;CALL;Dic-26;3,25;3.69;27,23;0,86;;11
28/09/26;B.SABADELL;CALL;Dic-26;3,33;3.69;26,93;0,82;;10
28/09/26;B.SABADELL;CALL;Dic-26;3,50;3.69;26,30;0,70;;10
28/09/26;B.SABADELL;CALL;Dic-26;3,59;3.69;25,97;0,63;;41
28/09/26;B.SABADELL;CALL;Dic-26;3,68;3.69;25,64;0,55;;25
28/09/26;B.SABADELL;CALL;Dic-26;3,85;3.69;25,08;0,40;;40
28/09/26;B.SABADELL;CALL;Mar-27;2,22;3.69;30,90;1,00;;20
28/09/26;B.SABADELL;CALL;Mar-27;2,74;3.69;29,44;0,97;;10
28/09/26;B.SABADELL;CALL;Mar-27;2,91;3.69;28,96;0,93;;38
28/09/26;B.SABADELL;CALL;Mar-27;3,16;3.69;28,26;0,84;;80
28/09/26;B.SABADELL;CALL;Mar-27;3,33;3.69;27,79;0,75;;2
28/09/26;B.SABADELL;CALL;Mar-27;3,42;3.69;27,54;0,70;;9
28/09/26;B.SABADELL;CALL;Mar-27;3,50;3.69;27,31;0,65;;3
28/09/26;B.SABADELL;CALL;Mar-27;3,59;3.69;27,06;0,60;;50
28/09/26;B.SABADELL;CALL;Mar-27;3,68;3.69;26,81;0,54;;11
28/09/26;B.SABADELL;CALL;Mar-27;3,93;3.69;26,11;0,39;;100
28/09/26;B.SABADELL;CALL;Mar-27;4,02;3.69;25,86;0,34;;1
28/09/26;B.SABADELL;CALL;Jun-27;2,91;3.69;31,00;0,89;50;50
28/09/26;B.SABADELL;CALL;Jun-27;2,99;3.69;30,81;0,86;;6
28/09/26;B.SABADELL;CALL;Jun-27;3,33;3.69;29,98;0,71;;90
28/09/26;B.SABADELL;CALL;Jun-27;3,50;3.69;29,56;0,63;;4
28/09/26;B.SABADELL;CALL;Jun-27;3,59;3.69;29,34;0,59;;2
28/09/26;B.SABADELL;CALL;Jun-27;3,68;3.69;29,12;0,54;;4
28/09/26;B.SABADELL;CALL;Jun-27;3,76;3.69;28,92;0,50;;4
28/09/26;B.SABADELL;CALL;Jun-27;3,93;3.69;28,47;0,43;;1
28/09/26;B.SABADELL;CALL;Jun-27;4,02;3.69;28,24;0,39;;11
28/09/26;B.SABADELL;CALL;Sep-27;2,82;3.69;32,59;0,88;1;1
28/09/26;B.SABADELL;PUT;Nov-26;3,42;3.69;24,93;-0,19;;5
28/09/26;B.SABADELL;PUT;Dic-26;2,48;3.69;29,35;;;411
28/09/26;B.SABADELL;PUT;Dic-26;2,56;3.69;29,06;;;10
28/09/26;B.SABADELL;PUT;Dic-26;2,65;3.69;28,72;-0,01;;10
28/09/26;B.SABADELL;PUT;Dic-26;2,74;3.69;28,39;-0,01;;20
28/09/26;B.SABADELL;PUT;Dic-26;2,82;3.69;28,09;-0,02;;21
28/09/26;B.SABADELL;PUT;Dic-26;2,91;3.69;27,76;-0,03;;2
28/09/26;B.SABADELL;PUT;Dic-26;2,99;3.69;27,46;-0,04;;10
28/09/26;B.SABADELL;PUT;Dic-26;3,08;3.69;27,13;-0,06;;52
28/09/26;B.SABADELL;PUT;Dic-26;3,16;3.69;26,83;-0,09;;60
28/09/26;B.SABADELL;PUT;Dic-26;3,42;3.69;25,87;-0,24;;40
28/09/26;B.SABADELL;PUT;Dic-26;3,50;3.69;25,57;-0,30;;52
28/09/26;B.SABADELL;PUT;Dic-26;3,59;3.69;25,24;-0,37;;5
28/09/26;B.SABADELL;PUT;Dic-26;3,68;3.69;24,91;-0,45;;40
28/09/26;B.SABADELL;PUT;Mar-27;2,48;3.69;28,32;-0,02;;1
28/09/26;B.SABADELL;PUT;Mar-27;2,65;3.69;27,84;-0,04;;20
28/09/26;B.SABADELL;PUT;Mar-27;2,82;3.69;27,37;-0,07;;113
28/09/26;B.SABADELL;PUT;Mar-27;2,99;3.69;26,89;-0,12;;205
28/09/26;B.SABADELL;PUT;Mar-27;3,08;3.69;26,64;-0,15;;200
28/09/26;B.SABADELL;PUT;Mar-27;3,33;3.69;25,94;-0,27;;141
28/09/26;B.SABADELL;PUT;Mar-27;3,42;3.69;25,69;-0,32;;3
28/09/26;B.SABADELL;PUT;Mar-27;3,59;3.69;25,21;-0,43;;180
28/09/26;B.SABADELL;PUT;Jun-27;2,74;3.69;27,84;-0,10;;5
28/09/26;B.SABADELL;PUT;Jun-27;2,99;3.69;27,23;-0,18;;5
28/09/26;B.SABADELL;PUT;Sep-27;2,39;3.69;28,75;-0,06;;5
28/09/26;B.SABADELL;PUT;Sep-27;3,08;3.69;27,19;-0,24;;5
28/09/26;B.SABADELL;PUT;Dic-27;2,74;3.69;27,90;-0,15;;1.538
28/09/26;B.SABADELL;PUT;Dic-27;2,82;3.69;27,74;-0,17;;3.026
28/09/26;B.SABADELL;PUT;Dic-27;2,99;3.69;27,38;-0,22;;5
28/09/26;B.SABADELL;PUT;Mar-28;2,56;3.69;29,71;-0,14;;830
28/09/26;B.SABADELL;PUT;Mar-28;2,74;3.69;29,40;-0,18;;769
28/09/26;B.SABADELL;PUT;Mar-28;2,82;3.69;29,26;-0,20;;758
28/09/26;B.SABADELL;PUT;Mar-28;2,91;3.69;29,11;-0,23;;742
28/09/26;B.SABADELL;PUT;Dic-26;2,48;3.69;29,35;;;10
28/09/26;BANKINTER;CALL;Oct-26;15,00;16.47;27,84;0,94;;10
28/09/26;BANKINTER;CALL;Oct-26;17,00;16.47;24,49;0,30;;11
28/09/26;BANKINTER;CALL;Oct-26;17,50;16.47;24,33;0,14;;10
28/09/26;BANKINTER;CALL;Dic-26;13,50;16.47;30,30;0,95;;11
28/09/26;BANKINTER;CALL;Dic-26;14,00;16.47;29,29;0,92;;2
28/09/26;BANKINTER;CALL;Dic-26;15,00;16.47;27,27;0,82;;10
28/09/26;BANKINTER;CALL;Dic-26;15,50;16.47;26,25;0,74;;10
28/09/26;BANKINTER;CALL;Dic-26;16,00;16.47;25,24;0,64;;40
28/09/26;BANKINTER;CALL;Dic-26;17,00;16.47;24,13;0,41;;110
28/09/26;BANKINTER;CALL;Mar-27;15,00;16.47;27,62;0,73;;21
28/09/26;BANKINTER;CALL;Mar-27;16,50;16.47;25,17;0,52;;100
28/09/26;BANKINTER;CALL;Mar-27;17,00;16.47;25,03;0,45;;100
28/09/26;BANKINTER;CALL;Jun-27;14,50;16.47;28,81;0,74;;1
28/09/26;BANKINTER;CALL;Jun-27;15,50;16.47;27,37;0,64;;1
28/09/26;BANKINTER;CALL;Jun-27;16,00;16.47;26,66;0,58;;25
28/09/26;BANKINTER;CALL;Jun-27;16,50;16.47;25,97;0,53;;1
28/09/26;BANKINTER;CALL;Dic-27;14,50;16.47;28,04;0,71;;3
28/09/26;BANKINTER;CALL;Dic-27;15,50;16.47;26,93;0,63;;1
28/09/26;BANKINTER;CALL;Dic-27;17,00;16.47;25,73;0,50;;25
28/09/26;BANKINTER;PUT;Oct-26;14,50;16.47;28,86;-0,02;;10
28/09/26;BANKINTER;PUT;Oct-26;15,50;16.47;26,69;-0,14;;1
28/09/26;BANKINTER;PUT;Oct-26;16,00;16.47;25,61;-0,29;;30
28/09/26;BANKINTER;PUT;Oct-26;16,50;16.47;24,58;-0,50;;25
28/09/26;BANKINTER;PUT;Nov-26;15,00;16.47;26,56;-0,16;;12
28/09/26;BANKINTER;PUT;Dic-26;7,25;16.47;41,80;;;1
28/09/26;BANKINTER;PUT;Dic-26;11,00;16.47;34,21;-0,01;;1
28/09/26;BANKINTER;PUT;Dic-26;12,00;16.47;32,19;-0,02;;1.020
28/09/26;BANKINTER;PUT;Dic-26;12,50;16.47;31,17;-0,03;;114
28/09/26;BANKINTER;PUT;Dic-26;13,00;16.47;30,16;-0,05;;20
28/09/26;BANKINTER;PUT;Dic-26;13,50;16.47;29,15;-0,08;;3.360
28/09/26;BANKINTER;PUT;Dic-26;14,00;16.47;28,14;-0,12;;25
28/09/26;BANKINTER;PUT;Dic-26;15,00;16.47;26,12;-0,24;;5
28/09/26;BANKINTER;PUT;Dic-26;16,00;16.47;24,09;-0,43;;26
28/09/26;BANKINTER;PUT;Dic-26;17,00;16.47;22,98;-0,65;;10
28/09/26;BANKINTER;PUT;Mar-27;13,50;16.47;28,05;-0,14;;1.008
28/09/26;BANKINTER;PUT;Mar-27;15,50;16.47;24,73;-0,35;;75
28/09/26;BANKINTER;PUT;Jun-27;11,00;16.47;30,92;-0,05;;222
28/09/26;BANKINTER;PUT;Jun-27;12,50;16.47;28,76;-0,12;;3
28/09/26;BANKINTER;PUT;Jun-27;13,50;16.47;27,33;-0,18;;1.000
28/09/26;BANKINTER;PUT;Dic-27;10,50;16.47;28,75;-0,07;;1.000
28/09/26;BANKINTER;PUT;Dic-27;11,00;16.47;28,19;-0,09;;50
28/09/26;BANKINTER;PUT;Dic-27;15,00;16.47;23,74;-0,35;;25
28/09/26;BANKINTER;PUT;Mar-28;13,00;16.47;26,78;-0,21;;194
28/09/26;BANKINTER;PUT;Mar-28;14,00;16.47;25,87;-0,27;;175
28/09/26;BBVA;CALL;Oct-26;25,00;25.23;25,94;0,58;10;16
28/09/26;BBVA;CALL;Oct-26;25,50;25.23;25,44;0,41;10;12
28/09/26;BBVA;CALL;Oct-26;26,00;25.23;25,29;0,26;2;163
28/09/26;BBVA;CALL;Oct-26;27,00;25.23;24,97;0,08;;110
28/09/26;BBVA;CALL;Nov-26;25,00;25.23;28,84;0,52;;12
28/09/26;BBVA;CALL;Nov-26;26,00;25.23;28,20;0,37;;41
28/09/26;BBVA;CALL;Nov-26;28,00;25.23;27,59;0,15;;18
28/09/26;BBVA;CALL;Dic-26;13,00;25.23;50,11;1,00;;25
28/09/26;BBVA;CALL;Dic-26;15,00;25.23;46,49;1,00;;30
28/09/26;BBVA;CALL;Dic-26;16,00;25.23;44,68;1,00;;3.960
28/09/26;BBVA;CALL;Dic-26;16,50;25.23;43,77;1,00;;50
28/09/26;BBVA;CALL;Dic-26;17,00;25.23;42,87;1,00;;4.311
28/09/26;BBVA;CALL;Dic-26;17,50;25.23;41,96;1,00;;650
28/09/26;BBVA;CALL;Dic-26;18,00;25.23;41,06;1,00;;159
28/09/26;BBVA;CALL;Dic-26;18,50;25.23;40,15;1,00;;8
28/09/26;BBVA;CALL;Dic-26;19,00;25.23;39,25;0,99;;2.502
28/09/26;BBVA;CALL;Dic-26;19,50;25.23;38,34;0,98;;3
28/09/26;BBVA;CALL;Dic-26;20,00;25.23;37,44;0,97;;152
28/09/26;BBVA;CALL;Dic-26;21,00;25.23;35,63;0,92;;3.518
28/09/26;BBVA;CALL;Dic-26;22,00;25.23;33,82;0,84;;22
28/09/26;BBVA;CALL;Dic-26;23,00;25.23;32,01;0,75;;211
28/09/26;BBVA;CALL;Dic-26;24,00;25.23;30,20;0,64;;11
28/09/26;BBVA;CALL;Dic-26;25,00;25.23;28,39;0,52;;276
28/09/26;BBVA;CALL;Dic-26;26,00;25.23;27,74;0,41;;295
28/09/26;BBVA;CALL;Dic-26;27,00;25.23;27,43;0,30;;172
28/09/26;BBVA;CALL;Dic-26;28,00;25.23;27,13;0,20;20;42
28/09/26;BBVA;CALL;Dic-26;30,00;25.23;26,52;0,08;;10
28/09/26;BBVA;CALL;Dic-26;31,00;25.23;26,22;0,05;;10
28/09/26;BBVA;CALL;Mar-27;9,50;25.23;50,98;1,00;;25
28/09/26;BBVA;CALL;Mar-27;12,00;25.23;47,44;1,00;;25
28/09/26;BBVA;CALL;Mar-27;13,00;25.23;46,03;1,00;;1
28/09/26;BBVA;CALL;Mar-27;15,50;25.23;42,49;1,00;;5
28/09/26;BBVA;CALL;Mar-27;16,00;25.23;41,79;0,99;;905
28/09/26;BBVA;CALL;Mar-27;16,50;25.23;41,08;0,98;;250
28/09/26;BBVA;CALL;Mar-27;17,50;25.23;39,67;0,94;;40
28/09/26;BBVA;CALL;Mar-27;18,00;25.23;38,96;0,92;;101
28/09/26;BBVA;CALL;Mar-27;19,00;25.23;37,55;0,89;;109
28/09/26;BBVA;CALL;Mar-27;20,00;25.23;36,13;0,85;;3.053
28/09/26;BBVA;CALL;Mar-27;20,50;25.23;35,43;0,83;2;1
28/09/26;BBVA;CALL;Mar-27;21,50;25.23;34,01;0,78;;4.000
28/09/26;BBVA;CALL;Mar-27;22,00;25.23;33,31;0,76;;4.055
28/09/26;BBVA;CALL;Mar-27;23,00;25.23;31,89;0,70;;150
28/09/26;BBVA;CALL;Mar-27;24,00;25.23;30,48;0,63;;381
28/09/26;BBVA;CALL;Mar-27;25,00;25.23;29,07;0,55;;11.721
28/09/26;BBVA;CALL;Mar-27;26,00;25.23;28,58;0,47;;500
28/09/26;BBVA;CALL;Mar-27;27,00;25.23;28,37;0,40;;500
28/09/26;BBVA;CALL;Mar-27;28,00;25.23;28,15;0,32;;200
28/09/26;BBVA;CALL;Jun-27;12,00;25.23;48,26;1,00;;150
28/09/26;BBVA;CALL;Jun-27;12,50;25.23;47,56;1,00;;25
28/09/26;BBVA;CALL;Jun-27;13,00;25.23;46,86;1,00;;1
28/09/26;BBVA;CALL;Jun-27;15,00;25.23;44,06;0,98;;3
28/09/26;BBVA;CALL;Jun-27;17,00;25.23;41,26;0,92;;6.000
28/09/26;BBVA;CALL;Jun-27;20,00;25.23;37,05;0,83;;150
28/09/26;BBVA;CALL;Jun-27;21,00;25.23;35,65;0,79;;2.600
28/09/26;BBVA;CALL;Jun-27;22,00;25.23;34,25;0,74;;3.150
28/09/26;BBVA;CALL;Jun-27;23,00;25.23;32,85;0,68;;29
28/09/26;BBVA;CALL;Jun-27;24,00;25.23;31,45;0,62;;30
28/09/26;BBVA;CALL;Jun-27;25,00;25.23;30,05;0,56;;1.760
28/09/26;BBVA;CALL;Jun-27;26,00;25.23;29,55;0,49;;15
28/09/26;BBVA;CALL;Jun-27;27,00;25.23;29,31;0,42;;3.022
28/09/26;BBVA;CALL;Jun-27;28,00;25.23;29,07;0,36;;11
28/09/26;BBVA;CALL;Jun-27;29,00;25.23;28,83;0,31;;10
28/09/26;BBVA;CALL;Sep-27;11,50;25.23;47,50;1,00;;150
28/09/26;BBVA;CALL;Sep-27;12,00;25.23;46,85;1,00;;150
28/09/26;BBVA;CALL;Sep-27;15,00;25.23;43,01;0,95;;2
28/09/26;BBVA;CALL;Sep-27;20,00;25.23;36,60;0,80;;1
28/09/26;BBVA;CALL;Sep-27;22,00;25.23;34,04;0,72;;1
28/09/26;BBVA;CALL;Sep-27;24,00;25.23;31,48;0,62;;11
28/09/26;BBVA;CALL;Dic-27;11,00;25.23;46,71;1,00;;150
28/09/26;BBVA;CALL;Dic-27;11,50;25.23;46,15;1,00;;26
28/09/26;BBVA;CALL;Dic-27;13,50;25.23;43,90;1,00;;150
28/09/26;BBVA;CALL;Dic-27;15,00;25.23;42,22;0,94;;75
28/09/26;BBVA;CALL;Dic-27;16,00;25.23;41,10;0,92;;6.000
28/09/26;BBVA;CALL;Dic-27;17,00;25.23;39,97;0,89;;150
28/09/26;BBVA;CALL;Dic-27;17,50;25.23;39,41;0,88;;100
28/09/26;BBVA;CALL;Dic-27;18,00;25.23;38,85;0,86;;1
28/09/26;BBVA;CALL;Dic-27;20,00;25.23;36,60;0,79;;150
28/09/26;BBVA;CALL;Dic-27;25,00;25.23;30,99;0,56;;4.002
28/09/26;BBVA;CALL;Dic-27;26,00;25.23;30,48;0,51;;100
28/09/26;BBVA;CALL;Mar-28;17,00;25.23;39,12;0,88;;600
28/09/26;BBVA;CALL;Mar-28;17,50;25.23;38,62;0,86;;300
28/09/26;BBVA;CALL;Mar-28;18,00;25.23;38,12;0,85;;300
28/09/26;BBVA;CALL;Mar-28;21,00;25.23;35,11;0,74;;350
28/09/26;BBVA;CALL;Jun-28;10,00;25.23;47,19;1,00;;1
28/09/26;BBVA;CALL;Jun-28;17,00;25.23;40,25;0,87;;750
28/09/26;BBVA;CALL;Jun-28;17,50;25.23;39,76;0,86;;600
28/09/26;BBVA;CALL;Jun-28;18,00;25.23;39,26;0,84;;575
28/09/26;BBVA;CALL;Jun-28;18,50;25.23;38,77;0,82;;3
28/09/26;BBVA;CALL;Jun-28;19,00;25.23;38,27;0,81;;50
28/09/26;BBVA;CALL;Jun-28;19,50;25.23;37,78;0,79;;100
28/09/26;BBVA;CALL;Jun-28;20,00;25.23;37,28;0,77;;125
28/09/26;BBVA;CALL;Jun-28;21,00;25.23;36,29;0,73;;525
28/09/26;BBVA;CALL;Jun-28;22,00;25.23;35,30;0,70;;4.450
28/09/26;BBVA;CALL;Jun-28;23,00;25.23;34,31;0,66;;150
28/09/26;BBVA;CALL;Jun-28;24,00;25.23;33,32;0,62;;300
28/09/26;BBVA;CALL;Jun-28;25,00;25.23;32,33;0,58;;1.000
28/09/26;BBVA;CALL;Sep-28;24,00;25.23;34,16;0,62;;1
28/09/26;BBVA;CALL;Dic-29;15,00;25.23;40,54;0,91;;50
28/09/26;BBVA;PUT;Oct-26;19,00;25.23;36,00;;;1
28/09/26;BBVA;PUT;Oct-26;20,00;25.23;34,22;;;6
28/09/26;BBVA;PUT;Oct-26;20,50;25.23;33,33;;;10
28/09/26;BBVA;PUT;Oct-26;21,00;25.23;32,43;-0,01;;10
28/09/26;BBVA;PUT;Oct-26;22,00;25.23;30,65;-0,03;;141
28/09/26;BBVA;PUT;Oct-26;23,00;25.23;28,87;-0,11;2;177
28/09/26;BBVA;PUT;Oct-26;24,00;25.23;27,08;-0,27;2;55
28/09/26;BBVA;PUT;Oct-26;24,50;25.23;26,19;-0,39;1;3
28/09/26;BBVA;PUT;Oct-26;25,00;25.23;25,30;-0,53;;14
28/09/26;BBVA;PUT;Oct-26;26,00;25.23;24,65;-0,79;;64
28/09/26;BBVA;PUT;Oct-26;27,00;25.23;24,33;-0,94;;2
28/09/26;BBVA;PUT;Nov-26;22,00;25.23;32,65;-0,15;;31
28/09/26;BBVA;PUT;Nov-26;23,00;25.23;30,86;-0,23;;170
28/09/26;BBVA;PUT;Nov-26;24,00;25.23;29,06;-0,35;;10
28/09/26;BBVA;PUT;Nov-26;27,00;25.23;26,31;-0,78;;50
28/09/26;BBVA;PUT;Dic-26;5,75;25.23;61,65;;;150
28/09/26;BBVA;PUT;Dic-26;6,00;25.23;61,20;;;10.150
28/09/26;BBVA;PUT;Dic-26;6,25;25.23;60,74;;;150
28/09/26;BBVA;PUT;Dic-26;6,50;25.23;60,29;;;13.250
28/09/26;BBVA;PUT;Dic-26;6,75;25.23;59,84;;;450
28/09/26;BBVA;PUT;Dic-26;7,00;25.23;59,39;;;300
28/09/26;BBVA;PUT;Dic-26;7,25;25.23;58,93;;;600
28/09/26;BBVA;PUT;Dic-26;7,50;25.23;58,48;;;450
28/09/26;BBVA;PUT;Dic-26;7,75;25.23;58,03;;;451
28/09/26;BBVA;PUT;Dic-26;8,00;25.23;57,58;;;18.450
28/09/26;BBVA;PUT;Dic-26;8,25;25.23;57,12;;;15
28/09/26;BBVA;PUT;Dic-26;8,50;25.23;56,67;;;25.000
28/09/26;BBVA;PUT;Dic-26;8,75;25.23;56,22;;;311
28/09/26;BBVA;PUT;Dic-26;9,00;25.23;55,77;;;14.933
28/09/26;BBVA;PUT;Dic-26;9,25;25.23;55,31;;;75
28/09/26;BBVA;PUT;Dic-26;9,50;25.23;54,86;;;76
28/09/26;BBVA;PUT;Dic-26;9,75;25.23;54,41;;;200
28/09/26;BBVA;PUT;Dic-26;10,00;25.23;53,96;;;226
28/09/26;BBVA;PUT;Dic-26;10,50;25.23;53,05;;;300
28/09/26;BBVA;PUT;Dic-26;11,00;25.23;52,15;;;481
28/09/26;BBVA;PUT;Dic-26;11,50;25.23;51,24;;;1
28/09/26;BBVA;PUT;Dic-26;12,00;25.23;50,34;;;8.410
28/09/26;BBVA;PUT;Dic-26;12,50;25.23;49,43;;;250
28/09/26;BBVA;PUT;Dic-26;13,00;25.23;48,53;;;42.101
28/09/26;BBVA;PUT;Dic-26;13,50;25.23;47,62;;;400
28/09/26;BBVA;PUT;Dic-26;14,00;25.23;46,72;;;706
28/09/26;BBVA;PUT;Dic-26;14,50;25.23;45,81;;;300
28/09/26;BBVA;PUT;Dic-26;15,00;25.23;44,91;-0,01;;3.772
28/09/26;BBVA;PUT;Dic-26;15,50;25.23;44,00;-0,01;;12
28/09/26;BBVA;PUT;Dic-26;16,00;25.23;43,10;-0,01;;92
28/09/26;BBVA;PUT;Dic-26;16,50;25.23;42,19;-0,01;;520
28/09/26;BBVA;PUT;Dic-26;17,00;25.23;41,29;-0,02;;8.736
28/09/26;BBVA;PUT;Dic-26;17,50;25.23;40,38;-0,03;;124
28/09/26;BBVA;PUT;Dic-26;18,00;25.23;39,48;-0,03;;20.159
28/09/26;BBVA;PUT;Dic-26;18,50;25.23;38,57;-0,04;;105
28/09/26;BBVA;PUT;Dic-26;19,00;25.23;37,67;-0,05;;13.517
28/09/26;BBVA;PUT;Dic-26;20,00;25.23;35,86;-0,08;;10.513
28/09/26;BBVA;PUT;Dic-26;20,50;25.23;34,95;-0,10;;6
28/09/26;BBVA;PUT;Dic-26;21,00;25.23;34,05;-0,12;20;12.150
28/09/26;BBVA;PUT;Dic-26;22,00;25.23;32,24;-0,18;;1.005
28/09/26;BBVA;PUT;Dic-26;23,00;25.23;30,43;-0,26;;601
28/09/26;BBVA;PUT;Dic-26;24,00;25.23;28,62;-0,36;;581
28/09/26;BBVA;PUT;Dic-26;25,00;25.23;26,81;-0,48;;51
28/09/26;BBVA;PUT;Dic-26;28,00;25.23;25,55;-0,83;;55
28/09/26;BBVA;PUT;Mar-27;8,50;25.23;50,92;;;25
28/09/26;BBVA;PUT;Mar-27;8,75;25.23;50,57;;;25
28/09/26;BBVA;PUT;Mar-27;9,00;25.23;50,21;;;25
28/09/26;BBVA;PUT;Mar-27;9,25;25.23;49,86;;;25
28/09/26;BBVA;PUT;Mar-27;9,50;25.23;49,51;;;30
28/09/26;BBVA;PUT;Mar-27;9,75;25.23;49,15;;;25
28/09/26;BBVA;PUT;Mar-27;10,50;25.23;48,09;;;175
28/09/26;BBVA;PUT;Mar-27;11,00;25.23;47,39;;;175
28/09/26;BBVA;PUT;Mar-27;11,50;25.23;46,68;;;32.250
28/09/26;BBVA;PUT;Mar-27;12,00;25.23;45,97;-0,01;;40
28/09/26;BBVA;PUT;Mar-27;12,50;25.23;45,27;-0,01;;30
28/09/26;BBVA;PUT;Mar-27;13,00;25.23;44,56;-0,01;;40
28/09/26;BBVA;PUT;Mar-27;13,50;25.23;43,85;-0,01;;20
28/09/26;BBVA;PUT;Mar-27;14,00;25.23;43,15;-0,02;;30
28/09/26;BBVA;PUT;Mar-27;15,00;25.23;41,73;-0,03;;220
28/09/26;BBVA;PUT;Mar-27;16,00;25.23;40,32;-0,04;;5.500
28/09/26;BBVA;PUT;Mar-27;16,50;25.23;39,61;-0,05;;450
28/09/26;BBVA;PUT;Mar-27;17,00;25.23;38,90;-0,05;;2.360
28/09/26;BBVA;PUT;Mar-27;17,50;25.23;38,20;-0,07;;4.260
28/09/26;BBVA;PUT;Mar-27;18,00;25.23;37,49;-0,08;;100
28/09/26;BBVA;PUT;Mar-27;18,50;25.23;36,78;-0,09;;10
28/09/26;BBVA;PUT;Mar-27;19,00;25.23;36,08;-0,11;;2.400
28/09/26;BBVA;PUT;Mar-27;19,50;25.23;35,37;-0,12;;3.810
28/09/26;BBVA;PUT;Mar-27;20,00;25.23;34,66;-0,14;35;6.310
28/09/26;BBVA;PUT;Mar-27;20,50;25.23;33,96;-0,16;;20
28/09/26;BBVA;PUT;Mar-27;21,00;25.23;33,25;-0,19;;381
28/09/26;BBVA;PUT;Mar-27;22,00;25.23;31,84;-0,24;;12.645
28/09/26;BBVA;PUT;Mar-27;23,00;25.23;30,42;-0,30;;8.150
28/09/26;BBVA;PUT;Mar-27;24,00;25.23;29,01;-0,38;;1
28/09/26;BBVA;PUT;Mar-27;25,00;25.23;27,60;-0,46;;11.500
28/09/26;BBVA;PUT;Jun-27;4,30;25.23;56,06;;;1
28/09/26;BBVA;PUT;Jun-27;4,50;25.23;55,78;;;1
28/09/26;BBVA;PUT;Jun-27;4,90;25.23;55,22;;;150
28/09/26;BBVA;PUT;Jun-27;5,00;25.23;55,08;;;300
28/09/26;BBVA;PUT;Jun-27;5,25;25.23;54,73;;;298
28/09/26;BBVA;PUT;Jun-27;7,00;25.23;52,28;;;2
28/09/26;BBVA;PUT;Jun-27;8,00;25.23;50,88;;;1
28/09/26;BBVA;PUT;Jun-27;8,25;25.23;50,53;;;7
28/09/26;BBVA;PUT;Jun-27;9,00;25.23;49,48;;;7.000
28/09/26;BBVA;PUT;Jun-27;9,75;25.23;48,43;-0,01;;175
28/09/26;BBVA;PUT;Jun-27;10,00;25.23;48,08;-0,01;;10.000
28/09/26;BBVA;PUT;Jun-27;11,00;25.23;46,68;-0,01;;75
28/09/26;BBVA;PUT;Jun-27;12,00;25.23;45,28;-0,02;;20
28/09/26;BBVA;PUT;Jun-27;12,50;25.23;44,58;-0,02;;197
28/09/26;BBVA;PUT;Jun-27;13,00;25.23;43,88;-0,03;;1.126
28/09/26;BBVA;PUT;Jun-27;13,50;25.23;43,18;-0,03;;190
28/09/26;BBVA;PUT;Jun-27;14,00;25.23;42,48;-0,04;;33
28/09/26;BBVA;PUT;Jun-27;14,50;25.23;41,78;-0,05;;400
28/09/26;BBVA;PUT;Jun-27;15,00;25.23;41,08;-0,06;;2.610
28/09/26;BBVA;PUT;Jun-27;15,50;25.23;40,38;-0,07;;21
28/09/26;BBVA;PUT;Jun-27;16,00;25.23;39,68;-0,07;;3
28/09/26;BBVA;PUT;Jun-27;16,50;25.23;38,98;-0,08;;250
28/09/26;BBVA;PUT;Jun-27;17,00;25.23;38,28;-0,10;;151
28/09/26;BBVA;PUT;Jun-27;17,50;25.23;37,58;-0,11;;150
28/09/26;BBVA;PUT;Jun-27;18,00;25.23;36,88;-0,13;;160
28/09/26;BBVA;PUT;Jun-27;18,50;25.23;36,18;-0,14;;2
28/09/26;BBVA;PUT;Jun-27;19,00;25.23;35,47;-0,16;;152
28/09/26;BBVA;PUT;Jun-27;20,00;25.23;34,07;-0,20;;2.628
28/09/26;BBVA;PUT;Jun-27;21,00;25.23;32,67;-0,24;;75
28/09/26;BBVA;PUT;Jun-27;22,00;25.23;31,27;-0,29;;5
28/09/26;BBVA;PUT;Jun-27;23,00;25.23;29,87;-0,35;;1.180
28/09/26;BBVA;PUT;Jun-27;24,00;25.23;28,47;-0,42;;91
28/09/26;BBVA;PUT;Jun-27;25,00;25.23;27,07;-0,49;;40
28/09/26;BBVA;PUT;Jun-27;26,00;25.23;26,57;-0,56;10;
28/09/26;BBVA;PUT;Sep-27;7,75;25.23;49,44;;;10
28/09/26;BBVA;PUT;Sep-27;16,00;25.23;38,87;-0,09;;309
28/09/26;BBVA;PUT;Sep-27;16,50;25.23;38,23;-0,10;;10
28/09/26;BBVA;PUT;Sep-27;17,00;25.23;37,59;-0,12;;379
28/09/26;BBVA;PUT;Sep-27;17,50;25.23;36,95;-0,13;;150
28/09/26;BBVA;PUT;Sep-27;18,00;25.23;36,31;-0,14;;150
28/09/26;BBVA;PUT;Sep-27;20,00;25.23;33,74;-0,21;;2.075
28/09/26;BBVA;PUT;Sep-27;22,00;25.23;31,18;-0,30;;2.501
28/09/26;BBVA;PUT;Sep-27;24,00;25.23;28,62;-0,41;;1.500
28/09/26;BBVA;PUT;Dic-27;4,40;25.23;50,72;;;1
28/09/26;BBVA;PUT;Dic-27;4,90;25.23;50,16;;;150
28/09/26;BBVA;PUT;Dic-27;5,00;25.23;50,05;;;150
28/09/26;BBVA;PUT;Dic-27;6,50;25.23;48,36;;;10
28/09/26;BBVA;PUT;Dic-27;7,00;25.23;47,80;;;150
28/09/26;BBVA;PUT;Dic-27;7,25;25.23;47,52;;;150
28/09/26;BBVA;PUT;Dic-27;7,75;25.23;46,96;-0,01;;1
28/09/26;BBVA;PUT;Dic-27;8,25;25.23;46,40;-0,01;;150
28/09/26;BBVA;PUT;Dic-27;8,50;25.23;46,12;-0,01;;6.150
28/09/26;BBVA;PUT;Dic-27;8,75;25.23;45,84;-0,01;;1
28/09/26;BBVA;PUT;Dic-27;9,00;25.23;45,56;-0,01;;7.650
28/09/26;BBVA;PUT;Dic-27;9,25;25.23;45,28;-0,01;;150
28/09/26;BBVA;PUT;Dic-27;9,50;25.23;44,99;-0,02;;250
28/09/26;BBVA;PUT;Dic-27;9,75;25.23;44,71;-0,02;;150
28/09/26;BBVA;PUT;Dic-27;10,00;25.23;44,43;-0,02;;407
28/09/26;BBVA;PUT;Dic-27;10,50;25.23;43,87;-0,02;;300
28/09/26;BBVA;PUT;Dic-27;11,00;25.23;43,31;-0,03;;5.304
28/09/26;BBVA;PUT;Dic-27;12,00;25.23;42,19;-0,04;;3.300
28/09/26;BBVA;PUT;Dic-27;12,50;25.23;41,63;-0,04;;300
28/09/26;BBVA;PUT;Dic-27;13,00;25.23;41,06;-0,05;;10.000
28/09/26;BBVA;PUT;Dic-27;13,50;25.23;40,50;-0,06;;150
28/09/26;BBVA;PUT;Dic-27;14,00;25.23;39,94;-0,07;;150
28/09/26;BBVA;PUT;Dic-27;15,00;25.23;38,82;-0,09;;3
28/09/26;BBVA;PUT;Dic-27;16,00;25.23;37,70;-0,11;;15.000
28/09/26;BBVA;PUT;Dic-27;16,50;25.23;37,13;-0,12;;174
28/09/26;BBVA;PUT;Dic-27;17,00;25.23;36,57;-0,13;;8.500
28/09/26;BBVA;PUT;Dic-27;17,50;25.23;36,01;-0,15;;292
28/09/26;BBVA;PUT;Dic-27;18,00;25.23;35,45;-0,16;;150
28/09/26;BBVA;PUT;Dic-27;20,00;25.23;33,20;-0,23;;4.000
28/09/26;BBVA;PUT;Dic-27;21,00;25.23;32,08;-0,27;;150
28/09/26;BBVA;PUT;Dic-27;22,00;25.23;30,96;-0,31;;10.302
28/09/26;BBVA;PUT;Dic-27;23,00;25.23;29,83;-0,36;;300
28/09/26;BBVA;PUT;Dic-27;25,00;25.23;27,59;-0,47;;1
28/09/26;BBVA;PUT;Mar-28;15,00;25.23;37,35;-0,09;;150
28/09/26;BBVA;PUT;Mar-28;15,50;25.23;36,85;-0,10;;150
28/09/26;BBVA;PUT;Mar-28;18,00;25.23;34,34;-0,17;;26
28/09/26;BBVA;PUT;Mar-28;20,00;25.23;32,33;-0,23;;150
28/09/26;BBVA;PUT;Mar-28;21,00;25.23;31,33;-0,27;;150
28/09/26;BBVA;PUT;Mar-28;22,00;25.23;30,32;-0,31;;150
28/09/26;BBVA;PUT;Mar-28;23,00;25.23;29,32;-0,36;;150
28/09/26;BBVA;PUT;Jun-28;15,00;25.23;36,60;-0,11;;2.000
28/09/26;BBVA;PUT;Jun-28;15,50;25.23;36,10;-0,12;;1
28/09/26;BBVA;PUT;Jun-28;18,00;25.23;33,62;-0,19;;1.250
28/09/26;BBVA;PUT;Jun-28;19,00;25.23;32,63;-0,22;;4.450
28/09/26;BBVA;PUT;Jun-28;20,00;25.23;31,64;-0,25;;3.300
28/09/26;BBVA;PUT;Jun-28;21,00;25.23;30,65;-0,29;;750
28/09/26;BBVA;PUT;Jun-28;22,00;25.23;29,66;-0,33;;2.350
28/09/26;BBVA;PUT;Jun-28;23,00;25.23;28,67;-0,38;;1.500
28/09/26;BBVA;PUT;Sep-28;25,00;25.23;26,35;-0,46;;100
28/09/26;BBVA;PUT;Dic-28;12,00;25.23;36,69;-0,06;;3.500
28/09/26;BBVA;PUT;Dic-28;12,50;25.23;36,30;-0,07;;1.500
28/09/26;BBVA;PUT;Dic-28;16,00;25.23;33,57;-0,14;;17
28/09/26;BBVA;PUT;Dic-28;16,50;25.23;33,18;-0,15;;9
28/09/26;BBVA;PUT;Dic-28;18,50;25.23;31,63;-0,21;;3
28/09/26;BBVA;PUT;Dic-28;20,00;25.23;30,46;-0,26;;90
28/09/26;BBVA;PUT;Dic-28;25,00;25.23;26,56;-0,46;;2
28/09/26;BBVA;PUT;Jun-29;16,00;25.23;32,35;-0,16;;1.250
28/09/26;BBVA;PUT;Dic-29;12,50;25.23;33,27;-0,08;;3.000
28/09/26;BBVA;PUT;Dic-29;20,00;25.23;29,40;-0,28;;6
28/09/26;BBVA;PUT;Dic-29;25,00;25.23;26,83;-0,45;;152
28/09/26;BBVA;PUT;Dic-30;20,50;25.23;28,58;-0,31;;1.500
28/09/26;BBVA;CALL;Oct-26;21,00;25.23;33,07;0,99;;144
28/09/26;BBVA;CALL;Oct-26;22,00;25.23;31,29;0,96;;20
28/09/26;BBVA;CALL;Oct-26;23,00;25.23;29,51;0,89;;10
28/09/26;BBVA;CALL;Oct-26;23,00;25.23;29,51;0,89;;10
28/09/26;BBVA;CALL;Oct-26;24,00;25.23;27,72;0,73;;76
28/09/26;BBVA;CALL;Oct-26;25,00;25.23;25,94;0,47;;10
28/09/26;BBVA;CALL;Oct-26;25,00;25.23;25,94;0,47;;10
28/09/26;BBVA;CALL;Oct-26;26,00;25.23;25,29;0,22;;1.709
28/09/26;BBVA;CALL;Oct-26;26,00;25.23;25,29;0,22;10;40
28/09/26;BBVA;CALL;Oct-26;27,00;25.23;24,97;0,07;;7.008
28/09/26;BBVA;CALL;Nov-26;24,00;25.23;30,64;0,65;;5
28/09/26;BBVA;CALL;Nov-26;25,00;25.23;28,84;0,51;;25
28/09/26;BBVA;CALL;Nov-26;26,00;25.23;28,20;0,37;10;20
28/09/26;BBVA;CALL;Nov-26;26,00;25.23;28,20;0,37;;20
28/09/26;BBVA;CALL;Nov-26;27,00;25.23;27,89;0,24;;10
28/09/26;BBVA;CALL;Nov-26;28,00;25.23;27,59;0,15;;15
28/09/26;BBVA;CALL;Dic-26;17,00;25.23;42,87;0,97;;10
28/09/26;BBVA;CALL;Dic-26;19,00;25.23;39,25;0,94;;10
28/09/26;BBVA;CALL;Dic-26;19,50;25.23;38,34;0,92;;10
28/09/26;BBVA;CALL;Dic-26;21,00;25.23;35,63;0,86;;10
28/09/26;BBVA;CALL;Dic-26;22,00;25.23;33,82;0,80;;10
28/09/26;BBVA;CALL;Dic-26;23,00;25.23;32,01;0,73;;10
28/09/26;BBVA;CALL;Dic-26;23,00;25.23;32,01;0,73;;1
28/09/26;BBVA;CALL;Dic-26;24,00;25.23;30,20;0,63;;10
28/09/26;BBVA;CALL;Dic-26;24,00;25.23;30,20;0,63;;4
28/09/26;BBVA;CALL;Dic-26;25,00;25.23;28,39;0,52;;6
28/09/26;BBVA;CALL;Dic-26;26,00;25.23;27,74;0,40;;4
28/09/26;BBVA;CALL;Dic-26;27,00;25.23;27,43;0,30;;6
28/09/26;BBVA;CALL;Dic-26;29,00;25.23;26,82;0,13;;8
28/09/26;BBVA;CALL;Dic-26;32,00;25.23;25,91;0,03;;10
28/09/26;BBVA;CALL;Mar-27;19,00;25.23;37,55;0,88;;200
28/09/26;BBVA;CALL;Mar-27;19,00;25.23;37,55;0,88;;200
28/09/26;BBVA;CALL;Mar-27;19,50;25.23;36,84;0,86;;20
28/09/26;BBVA;CALL;Mar-27;23,00;25.23;31,89;0,69;;8
28/09/26;BBVA;CALL;Mar-27;24,00;25.23;30,48;0,62;;4
28/09/26;BBVA;CALL;Mar-27;25,00;25.23;29,07;0,55;;4
28/09/26;BBVA;CALL;Mar-27;26,00;25.23;28,58;0,47;;3
28/09/26;BBVA;CALL;Mar-27;27,00;25.23;28,37;0,39;;5
28/09/26;BBVA;CALL;Mar-27;28,00;25.23;28,15;0,32;;2
28/09/26;BBVA;CALL;Mar-27;32,00;25.23;27,31;0,12;;28
28/09/26;BBVA;CALL;Mar-27;33,00;25.23;27,10;0,09;;6
28/09/26;BBVA;CALL;Jun-27;30,00;25.23;28,60;0,24;;5
28/09/26;BBVA;PUT;Oct-26;22,00;25.23;30,65;-0,03;;20
28/09/26;BBVA;PUT;Oct-26;23,00;25.23;28,87;-0,11;;77
28/09/26;BBVA;PUT;Oct-26;24,00;25.23;27,08;-0,27;;10
28/09/26;BBVA;PUT;Oct-26;24,00;25.23;27,08;-0,27;;50
28/09/26;BBVA;PUT;Oct-26;24,50;25.23;26,19;-0,39;;20
28/09/26;BBVA;PUT;Oct-26;25,00;25.23;25,30;-0,53;;20
28/09/26;BBVA;PUT;Oct-26;25,00;25.23;25,30;-0,53;;50
28/09/26;BBVA;PUT;Oct-26;26,00;25.23;24,65;-0,78;;15
28/09/26;BBVA;PUT;Nov-26;23,00;25.23;30,86;-0,23;;20
28/09/26;BBVA;PUT;Nov-26;24,00;25.23;29,06;-0,34;;10
28/09/26;BBVA;PUT;Nov-26;24,00;25.23;29,06;-0,34;;44
28/09/26;BBVA;PUT;Nov-26;25,00;25.23;27,26;-0,49;;15
28/09/26;BBVA;PUT;Dic-26;7,25;25.23;58,93;;;150
28/09/26;BBVA;PUT;Dic-26;8,50;25.23;56,67;;;150
28/09/26;BBVA;PUT;Dic-26;8,75;25.23;56,22;;;150
28/09/26;BBVA;PUT;Dic-26;9,00;25.23;55,77;;;150
28/09/26;BBVA;PUT;Dic-26;10,00;25.23;53,96;;;40
28/09/26;BBVA;PUT;Dic-26;15,50;25.23;44,00;-0,01;;5
28/09/26;BBVA;PUT;Dic-26;16,50;25.23;42,19;-0,01;;10
28/09/26;BBVA;PUT;Dic-26;17,00;25.23;41,29;-0,02;;23
28/09/26;BBVA;PUT;Dic-26;17,50;25.23;40,38;-0,03;;16
28/09/26;BBVA;PUT;Dic-26;21,00;25.23;34,05;-0,12;;16
28/09/26;BBVA;PUT;Dic-26;22,00;25.23;32,24;-0,18;;4
28/09/26;BBVA;PUT;Dic-26;23,00;25.23;30,43;-0,26;;6
28/09/26;BBVA;PUT;Dic-26;32,00;25.23;24,33;-0,98;;25
28/09/26;BBVA;PUT;Mar-27;10,00;25.23;48,80;;;150
28/09/26;BBVA;PUT;Mar-27;14,50;25.23;42,44;-0,02;;10
28/09/26;BBVA;PUT;Mar-27;17,00;25.23;38,90;-0,05;;50
28/09/26;BBVA;PUT;Mar-27;18,00;25.23;37,49;-0,08;;1
28/09/26;BBVA;PUT;Mar-27;20,00;25.23;34,66;-0,14;;5
28/09/26;BBVA;PUT;Jun-27;22,00;25.23;31,27;-0,28;;70
28/09/26;BBVA;PUT;Jun-27;27,00;25.23;26,33;-0,60;;7
28/09/26;CAIXABANK;CALL;Oct-26;12,50;12.83;23,36;0,71;;3
28/09/26;CAIXABANK;CALL;Oct-26;13,00;12.83;22,05;0,41;;80
28/09/26;CAIXABANK;CALL;Oct-26;13,25;12.83;21,85;0,27;;92
28/09/26;CAIXABANK;CALL;Oct-26;13,50;12.83;21,66;0,16;;22
28/09/26;CAIXABANK;CALL;Nov-26;12,50;12.83;24,10;0,65;;1
28/09/26;CAIXABANK;CALL;Nov-26;13,00;12.83;22,79;0,46;;1
28/09/26;CAIXABANK;CALL;Nov-26;14,50;12.83;21,62;0,06;;45
28/09/26;CAIXABANK;CALL;Dic-26;7,00;12.83;44,91;1,00;;7.500
28/09/26;CAIXABANK;CALL;Dic-26;9,25;12.83;36,66;0,99;;1
28/09/26;CAIXABANK;CALL;Dic-26;10,50;12.83;32,09;0,95;;1.134
28/09/26;CAIXABANK;CALL;Dic-26;11,00;12.83;30,25;0,91;;20
28/09/26;CAIXABANK;CALL;Dic-26;11,50;12.83;28,42;0,84;;6.000
28/09/26;CAIXABANK;CALL;Dic-26;12,00;12.83;26,59;0,74;;1
28/09/26;CAIXABANK;CALL;Dic-26;12,50;12.83;24,76;0,61;;430
28/09/26;CAIXABANK;CALL;Dic-26;13,00;12.83;23,42;0,46;;2
28/09/26;CAIXABANK;CALL;Dic-26;14,00;12.83;22,64;0,20;;3
28/09/26;CAIXABANK;CALL;Mar-27;9,50;12.83;34,02;0,94;;1
28/09/26;CAIXABANK;CALL;Mar-27;10,50;12.83;31,00;0,86;;14
28/09/26;CAIXABANK;CALL;Mar-27;12,50;12.83;24,97;0,59;10;31
28/09/26;CAIXABANK;CALL;Mar-27;13,00;12.83;23,83;0,50;;400
28/09/26;CAIXABANK;CALL;Mar-27;14,00;12.83;22,98;0,31;;3
28/09/26;CAIXABANK;CALL;Jun-27;9,75;12.83;32,26;0,90;;150
28/09/26;CAIXABANK;CALL;Jun-27;10,00;12.83;31,64;0,88;;150
28/09/26;CAIXABANK;CALL;Jun-27;10,50;12.83;30,39;0,84;;150
28/09/26;CAIXABANK;CALL;Jun-27;11,00;12.83;29,14;0,79;;150
28/09/26;CAIXABANK;CALL;Jun-27;12,00;12.83;26,65;0,66;;1
28/09/26;CAIXABANK;CALL;Jun-27;13,00;12.83;24,44;0,51;;25
28/09/26;CAIXABANK;CALL;Jun-27;14,50;12.83;23,23;0,28;;1
28/09/26;CAIXABANK;CALL;Sep-27;13,50;12.83;25,04;0,45;;5
28/09/26;CAIXABANK;CALL;Sep-27;15,00;12.83;23,99;0,27;;6
28/09/26;CAIXABANK;CALL;Dic-27;10,50;12.83;31,10;0,79;;20
28/09/26;CAIXABANK;CALL;Dic-27;11,00;12.83;30,09;0,74;;1
28/09/26;CAIXABANK;CALL;Dic-27;11,50;12.83;29,08;0,69;;1
28/09/26;CAIXABANK;CALL;Jun-28;10,00;12.83;32,58;0,80;;150
28/09/26;CAIXABANK;CALL;Jun-28;10,50;12.83;31,77;0,77;;300
28/09/26;CAIXABANK;CALL;Jun-28;11,00;12.83;30,97;0,72;;1.250
28/09/26;CAIXABANK;CALL;Jun-28;11,50;12.83;30,16;0,68;;150
28/09/26;CAIXABANK;PUT;Oct-26;12,50;12.83;22,84;-0,29;;15
28/09/26;CAIXABANK;PUT;Oct-26;13,00;12.83;21,53;-0,59;;10
28/09/26;CAIXABANK;PUT;Oct-26;14,00;12.83;20,75;-0,98;2;14
28/09/26;CAIXABANK;PUT;Nov-26;11,00;12.83;29,13;-0,09;;500
28/09/26;CAIXABANK;PUT;Nov-26;12,00;12.83;25,55;-0,27;;500
28/09/26;CAIXABANK;PUT;Nov-26;14,00;12.83;21,66;-0,88;;1
28/09/26;CAIXABANK;PUT;Dic-26;5,25;12.83;50,13;;;75
28/09/26;CAIXABANK;PUT;Dic-26;6,75;12.83;44,63;;;3
28/09/26;CAIXABANK;PUT;Dic-26;7,25;12.83;42,80;;;1
28/09/26;CAIXABANK;PUT;Dic-26;8,00;12.83;40,05;-0,01;;100
28/09/26;CAIXABANK;PUT;Dic-26;8,25;12.83;39,14;-0,01;;100
28/09/26;CAIXABANK;PUT;Dic-26;8,50;12.83;38,22;-0,01;;102
28/09/26;CAIXABANK;PUT;Dic-26;8,75;12.83;37,31;-0,01;;10
28/09/26;CAIXABANK;PUT;Dic-26;9,00;12.83;36,39;-0,02;;11
28/09/26;CAIXABANK;PUT;Dic-26;9,50;12.83;34,56;-0,03;;2
28/09/26;CAIXABANK;PUT;Dic-26;10,00;12.83;32,73;-0,05;;76
28/09/26;CAIXABANK;PUT;Dic-26;10,50;12.83;30,90;-0,08;;1.030
28/09/26;CAIXABANK;PUT;Dic-26;11,00;12.83;29,06;-0,13;;40
28/09/26;CAIXABANK;PUT;Dic-26;11,50;12.83;27,23;-0,20;;6.008
28/09/26;CAIXABANK;PUT;Dic-26;12,00;12.83;25,40;-0,30;;5
28/09/26;CAIXABANK;PUT;Dic-26;12,50;12.83;23,57;-0,42;;10
28/09/26;CAIXABANK;PUT;Dic-26;13,00;12.83;22,23;-0,57;;42
28/09/26;CAIXABANK;PUT;Dic-26;14,00;12.83;21,45;-0,83;;1
28/09/26;CAIXABANK;PUT;Mar-27;6,00;12.83;43,81;;;7.675
28/09/26;CAIXABANK;PUT;Mar-27;6,50;12.83;42,31;-0,01;;29.800
28/09/26;CAIXABANK;PUT;Mar-27;8,00;12.83;37,79;-0,03;;1
28/09/26;CAIXABANK;PUT;Mar-27;8,75;12.83;35,53;-0,05;;350
28/09/26;CAIXABANK;PUT;Mar-27;9,75;12.83;32,51;-0,09;;5
28/09/26;CAIXABANK;PUT;Mar-27;10,00;12.83;31,76;-0,11;;32
28/09/26;CAIXABANK;PUT;Mar-27;11,50;12.83;27,24;-0,26;;10
28/09/26;CAIXABANK;PUT;Mar-27;12,00;12.83;25,73;-0,33;;150
28/09/26;CAIXABANK;PUT;Mar-27;12,50;12.83;24,22;-0,42;;8
28/09/26;CAIXABANK;PUT;Jun-27;7,75;12.83;36,07;-0,04;;8.200
28/09/26;CAIXABANK;PUT;Jun-27;10,00;12.83;30,46;-0,16;;4.025
28/09/26;CAIXABANK;PUT;Jun-27;10,50;12.83;29,21;-0,21;;175
28/09/26;CAIXABANK;PUT;Jun-27;11,00;12.83;27,96;-0,26;;25
28/09/26;CAIXABANK;PUT;Jun-27;11,50;12.83;26,72;-0,32;;25
28/09/26;CAIXABANK;PUT;Jun-27;12,00;12.83;25,47;-0,39;;25
28/09/26;CAIXABANK;PUT;Jun-27;12,50;12.83;24,22;-0,46;;151
28/09/26;CAIXABANK;PUT;Jun-27;13,00;12.83;23,26;-0,54;;50
28/09/26;CAIXABANK;PUT;Dic-27;3,50;12.83;41,81;;;1
28/09/26;CAIXABANK;PUT;Dic-27;4,20;12.83;40,39;;;1
28/09/26;CAIXABANK;PUT;Dic-27;5,50;12.83;37,75;-0,01;;160
28/09/26;CAIXABANK;PUT;Dic-27;5,75;12.83;37,25;-0,02;;1
28/09/26;CAIXABANK;PUT;Dic-27;6,00;12.83;36,74;-0,02;;150
28/09/26;CAIXABANK;PUT;Dic-27;8,00;12.83;32,69;-0,08;;150
28/09/26;CAIXABANK;PUT;Dic-27;8,25;12.83;32,18;-0,09;;225
28/09/26;CAIXABANK;PUT;Dic-27;8,50;12.83;31,67;-0,10;;150
28/09/26;CAIXABANK;PUT;Dic-27;8,75;12.83;31,17;-0,11;;150
28/09/26;CAIXABANK;PUT;Dic-27;9,00;12.83;30,66;-0,13;;150
28/09/26;CAIXABANK;PUT;Dic-27;9,25;12.83;30,15;-0,14;;300
28/09/26;CAIXABANK;PUT;Dic-27;9,50;12.83;29,65;-0,16;;300
28/09/26;CAIXABANK;PUT;Dic-27;9,75;12.83;29,14;-0,18;;300
28/09/26;CAIXABANK;PUT;Dic-27;10,00;12.83;28,63;-0,19;;300
28/09/26;CAIXABANK;PUT;Jun-28;8,50;12.83;30,23;-0,13;;150
28/09/26;CAIXABANK;PUT;Jun-28;9,00;12.83;29,43;-0,16;;150
28/09/26;CAIXABANK;PUT;Jun-28;9,25;12.83;29,03;-0,17;;150
28/09/26;CAIXABANK;PUT;Jun-28;9,50;12.83;28,62;-0,19;;300
28/09/26;CAIXABANK;PUT;Jun-28;9,75;12.83;28,22;-0,21;;150
28/09/26;CAIXABANK;PUT;Jun-28;10,00;12.83;27,82;-0,23;;150
28/09/26;CAIXABANK;PUT;Dic-28;4,50;12.83;34,93;-0,01;;15.000
28/09/26;CAIXABANK;PUT;Dic-28;8,75;12.83;29,63;-0,16;;450
28/09/26;CAIXABANK;PUT;Dic-29;5,00;12.83;32,53;-0,03;;16.000
28/09/26;CAIXABANK;CALL;Dic-26;9,00;12.83;37,58;0,97;;10
28/09/26;CAIXABANK;CALL;Dic-26;11,00;12.83;30,25;0,86;;10
28/09/26;CAIXABANK;CALL;Dic-26;12,00;12.83;26,59;0,70;;10
28/09/26;CAIXABANK;CALL;Dic-26;12,50;12.83;24,76;0,58;;10
28/09/26;CELLNEX;CALL;Oct-26;24,00;23.35;30,01;0,36;1;1
28/09/26;CELLNEX;CALL;Oct-26;25,00;23.35;29,42;0,16;;10
28/09/26;CELLNEX;CALL;Oct-26;26,00;23.35;28,84;0,05;;1
28/09/26;CELLNEX;CALL;Oct-26;27,00;23.35;28,25;0,01;;38
28/09/26;CELLNEX;CALL;Nov-26;27,00;23.35;28,68;0,11;;10
28/09/26;CELLNEX;CALL;Nov-26;28,00;23.35;28,25;0,05;;8
28/09/26;CELLNEX;CALL;Dic-26;18,00;23.35;37,24;0,95;;2
28/09/26;CELLNEX;CALL;Dic-26;20,00;23.35;34,56;0,86;;1
28/09/26;CELLNEX;CALL;Dic-26;21,00;23.35;33,21;0,78;;1
28/09/26;CELLNEX;CALL;Dic-26;24,00;23.35;29,74;0,47;;11
28/09/26;CELLNEX;CALL;Dic-26;25,00;23.35;29,24;0,35;;47
28/09/26;CELLNEX;CALL;Dic-26;26,00;23.35;28,74;0,25;;25
28/09/26;CELLNEX;CALL;Dic-26;27,00;23.35;28,24;0,16;;25
28/09/26;CELLNEX;CALL;Dic-26;28,00;23.35;27,74;0,10;5;76
28/09/26;CELLNEX;CALL;Dic-26;29,00;23.35;27,24;0,06;2;2.058
28/09/26;CELLNEX;CALL;Dic-26;30,00;23.35;26,74;0,03;;143
28/09/26;CELLNEX;CALL;Dic-26;31,00;23.35;26,24;0,01;;110
28/09/26;CELLNEX;CALL;Dic-26;32,00;23.35;25,74;0,01;;218
28/09/26;CELLNEX;CALL;Dic-26;33,00;23.35;25,24;;;120
28/09/26;CELLNEX;CALL;Dic-26;34,00;23.35;24,74;;;190
28/09/26;CELLNEX;CALL;Dic-26;35,00;23.35;24,24;;;115
28/09/26;CELLNEX;CALL;Dic-26;36,00;23.35;23,74;;;85
28/09/26;CELLNEX;CALL;Dic-26;37,00;23.35;23,24;;;50
28/09/26;CELLNEX;CALL;Dic-26;38,00;23.35;22,74;;;25
28/09/26;CELLNEX;CALL;Dic-26;39,00;23.35;22,24;;;25
28/09/26;CELLNEX;CALL;Dic-26;40,00;23.35;21,74;;;125
28/09/26;CELLNEX;CALL;Dic-26;42,00;23.35;20,74;;;25
28/09/26;CELLNEX;CALL;Dic-26;44,00;23.35;19,74;;;25
28/09/26;CELLNEX;CALL;Dic-26;45,00;23.35;19,24;;;25
28/09/26;CELLNEX;CALL;Dic-26;46,00;23.35;18,74;;;25
28/09/26;CELLNEX;CALL;Mar-27;20,00;23.35;33,13;0,81;;33
28/09/26;CELLNEX;CALL;Mar-27;22,00;23.35;31,39;0,66;;4
28/09/26;CELLNEX;CALL;Mar-27;25,00;23.35;29,48;0,41;;50
28/09/26;CELLNEX;CALL;Mar-27;26,00;23.35;29,04;0,33;;26
28/09/26;CELLNEX;CALL;Mar-27;27,00;23.35;28,59;0,26;;25
28/09/26;CELLNEX;CALL;Mar-27;28,00;23.35;28,15;0,20;;56
28/09/26;CELLNEX;CALL;Mar-27;29,00;23.35;27,71;0,14;1;2
28/09/26;CELLNEX;CALL;Mar-27;30,00;23.35;27,27;0,10;;317
28/09/26;CELLNEX;CALL;Mar-27;31,00;23.35;26,82;0,07;;75
28/09/26;CELLNEX;CALL;Mar-27;32,00;23.35;26,38;0,05;;120
28/09/26;CELLNEX;CALL;Mar-27;33,00;23.35;25,94;0,03;;51
28/09/26;CELLNEX;CALL;Mar-27;34,00;23.35;25,50;0,02;;25
28/09/26;CELLNEX;CALL;Mar-27;35,00;23.35;25,05;0,01;;25
28/09/26;CELLNEX;CALL;Jun-27;20,00;23.35;32,68;0,77;;6
28/09/26;CELLNEX;CALL;Jun-27;25,00;23.35;29,74;0,45;;4
28/09/26;CELLNEX;CALL;Jun-27;27,00;23.35;28,97;0,33;;1
28/09/26;CELLNEX;CALL;Jun-27;28,00;23.35;28,59;0,27;;100
28/09/26;CELLNEX;CALL;Jun-27;29,00;23.35;28,20;0,22;;100
28/09/26;CELLNEX;CALL;Jun-27;30,00;23.35;27,82;0,18;;125
28/09/26;CELLNEX;CALL;Jun-27;31,00;23.35;27,43;0,14;;150
28/09/26;CELLNEX;CALL;Jun-27;32,00;23.35;27,05;0,11;;100
28/09/26;CELLNEX;CALL;Jun-27;33,00;23.35;26,66;0,08;;112
28/09/26;CELLNEX;CALL;Jun-27;34,00;23.35;26,28;0,06;;175
28/09/26;CELLNEX;CALL;Jun-27;35,00;23.35;25,89;0,04;;150
28/09/26;CELLNEX;CALL;Jun-27;36,00;23.35;25,50;0,03;;125
28/09/26;CELLNEX;CALL;Jun-27;37,00;23.35;25,12;0,02;;125
28/09/26;CELLNEX;CALL;Jun-27;38,00;23.35;24,73;0,01;;75
28/09/26;CELLNEX;CALL;Jun-27;39,00;23.35;24,35;0,01;;75
28/09/26;CELLNEX;CALL;Jun-27;40,00;23.35;23,96;0,01;;50
28/09/26;CELLNEX;CALL;Jun-27;41,00;23.35;23,58;;;50
28/09/26;CELLNEX;CALL;Jun-27;42,00;23.35;23,19;;;50
28/09/26;CELLNEX;CALL;Jun-27;43,00;23.35;22,81;;;50
28/09/26;CELLNEX;CALL;Jun-27;44,00;23.35;22,42;;;50
28/09/26;CELLNEX;CALL;Jun-27;45,00;23.35;22,04;;;50
28/09/26;CELLNEX;CALL;Jun-27;46,00;23.35;21,65;;;50
28/09/26;CELLNEX;CALL;Jun-27;49,00;23.35;21,47;;;50
28/09/26;CELLNEX;CALL;Jun-27;50,00;23.35;21,47;;;411
28/09/26;CELLNEX;CALL;Sep-27;25,00;23.35;29,80;0,47;;1
28/09/26;CELLNEX;CALL;Sep-27;34,00;23.35;26,34;0,09;;20
28/09/26;CELLNEX;CALL;Sep-27;35,00;23.35;25,95;0,07;;100
28/09/26;CELLNEX;CALL;Sep-27;36,00;23.35;25,56;0,05;;75
28/09/26;CELLNEX;CALL;Sep-27;37,00;23.35;25,18;0,04;;75
28/09/26;CELLNEX;CALL;Sep-27;41,00;23.35;23,64;0,01;;50
28/09/26;CELLNEX;CALL;Dic-27;25,00;23.35;30,22;0,49;;25
28/09/26;CELLNEX;CALL;Dic-27;26,00;23.35;29,89;0,44;;5
28/09/26;CELLNEX;CALL;Dic-27;27,00;23.35;29,56;0,39;;2.500
28/09/26;CELLNEX;CALL;Dic-27;28,00;23.35;29,23;0,35;;7
28/09/26;CELLNEX;CALL;Dic-27;29,00;23.35;28,90;0,30;;1
28/09/26;CELLNEX;CALL;Dic-27;30,00;23.35;28,58;0,26;;115
28/09/26;CELLNEX;CALL;Dic-27;31,00;23.35;28,25;0,23;;75
28/09/26;CELLNEX;CALL;Dic-27;32,00;23.35;27,92;0,19;;51
28/09/26;CELLNEX;CALL;Dic-27;33,00;23.35;27,59;0,16;;25
28/09/26;CELLNEX;CALL;Dic-27;34,00;23.35;27,26;0,14;;74
28/09/26;CELLNEX;CALL;Dic-27;35,00;23.35;26,93;0,11;;50
28/09/26;CELLNEX;CALL;Dic-27;37,00;23.35;26,28;0,07;;25
28/09/26;CELLNEX;CALL;Dic-27;38,00;23.35;25,95;0,06;;570
28/09/26;CELLNEX;CALL;Dic-27;40,00;23.35;25,29;0,04;;48
28/09/26;CELLNEX;CALL;Dic-27;44,00;23.35;23,98;0,01;;25
28/09/26;CELLNEX;CALL;Mar-28;26,00;23.35;30,34;0,46;;3
28/09/26;CELLNEX;CALL;Mar-28;29,00;23.35;29,49;0,33;;11
28/09/26;CELLNEX;CALL;Jun-28;26,00;23.35;30,34;0,47;;4
28/09/26;CELLNEX;CALL;Dic-29;40,00;23.35;29,33;0,22;;1.260
28/09/26;CELLNEX;PUT;Oct-26;22,00;23.35;31,91;-0,19;;1
28/09/26;CELLNEX;PUT;Oct-26;23,00;23.35;30,49;-0,39;2;13
28/09/26;CELLNEX;PUT;Oct-26;24,00;23.35;29,62;-0,64;;44
28/09/26;CELLNEX;PUT;Oct-26;25,00;23.35;29,03;-0,85;;4
28/09/26;CELLNEX;PUT;Nov-26;22,00;23.35;31,72;-0,28;11;28
28/09/26;CELLNEX;PUT;Nov-26;23,00;23.35;30,29;-0,42;;38
28/09/26;CELLNEX;PUT;Nov-26;24,00;23.35;29,51;-0,57;5;7
28/09/26;CELLNEX;PUT;Dic-26;18,00;23.35;36,47;-0,05;;2.001
28/09/26;CELLNEX;PUT;Dic-26;20,00;23.35;33,79;-0,14;;20
28/09/26;CELLNEX;PUT;Dic-26;21,00;23.35;32,44;-0,21;;225
28/09/26;CELLNEX;PUT;Dic-26;22,00;23.35;31,10;-0,31;1;130
28/09/26;CELLNEX;PUT;Dic-26;23,00;23.35;29,76;-0,42;;405
28/09/26;CELLNEX;PUT;Dic-26;24,00;23.35;28,97;-0,54;;4.563
28/09/26;CELLNEX;PUT;Dic-26;25,00;23.35;28,47;-0,66;;84
28/09/26;CELLNEX;PUT;Dic-26;26,00;23.35;27,97;-0,77;;154
28/09/26;CELLNEX;PUT;Dic-26;27,00;23.35;27,47;-0,86;;68
28/09/26;CELLNEX;PUT;Dic-26;28,00;23.35;26,97;-0,93;;25
28/09/26;CELLNEX;PUT;Dic-26;29,00;23.35;26,47;-0,98;;3
28/09/26;CELLNEX;PUT;Dic-26;30,00;23.35;25,97;-1,00;;1
28/09/26;CELLNEX;PUT;Dic-26;32,00;23.35;24,97;-1,00;;26
28/09/26;CELLNEX;PUT;Mar-27;19,50;23.35;32,47;-0,19;;15
28/09/26;CELLNEX;PUT;Mar-27;20,00;23.35;32,04;-0,22;;1
28/09/26;CELLNEX;PUT;Mar-27;22,00;23.35;30,30;-0,36;;100
28/09/26;CELLNEX;PUT;Mar-27;23,00;23.35;29,42;-0,45;;53
28/09/26;CELLNEX;PUT;Mar-27;24,00;23.35;28,83;-0,53;;2
28/09/26;CELLNEX;PUT;Mar-27;25,00;23.35;28,39;-0,62;;86
28/09/26;CELLNEX;PUT;Mar-27;26,00;23.35;27,95;-0,70;;28
28/09/26;CELLNEX;PUT;Mar-27;27,00;23.35;27,50;-0,77;;117
28/09/26;CELLNEX;PUT;Mar-27;28,00;23.35;27,06;-0,83;;5
28/09/26;CELLNEX;PUT;Mar-27;30,00;23.35;26,18;-0,92;;9
28/09/26;CELLNEX;PUT;Mar-27;31,00;23.35;25,73;-0,95;;2
28/09/26;CELLNEX;PUT;Mar-27;32,00;23.35;25,29;-0,97;;10
28/09/26;CELLNEX;PUT;Mar-27;36,00;23.35;23,52;-1,00;;25
28/09/26;CELLNEX;PUT;Mar-27;37,00;23.35;23,08;-1,00;;25
28/09/26;CELLNEX;PUT;Jun-27;19,50;23.35;31,47;-0,21;;30
28/09/26;CELLNEX;PUT;Jun-27;20,00;23.35;31,13;-0,24;;25
28/09/26;CELLNEX;PUT;Jun-27;20,50;23.35;30,78;-0,27;;10
28/09/26;CELLNEX;PUT;Jun-27;21,00;23.35;30,44;-0,30;1;1
28/09/26;CELLNEX;PUT;Jun-27;22,00;23.35;29,76;-0,36;;26
28/09/26;CELLNEX;PUT;Jun-27;23,00;23.35;29,07;-0,43;;25
28/09/26;CELLNEX;PUT;Jun-27;24,00;23.35;28,58;-0,51;;109
28/09/26;CELLNEX;PUT;Jun-27;25,00;23.35;28,19;-0,58;;27
28/09/26;CELLNEX;PUT;Jun-27;26,00;23.35;27,81;-0,65;;1.575
28/09/26;CELLNEX;PUT;Jun-27;27,00;23.35;27,42;-0,71;;80
28/09/26;CELLNEX;PUT;Jun-27;28,00;23.35;27,04;-0,77;;1
28/09/26;CELLNEX;PUT;Jun-27;29,00;23.35;26,65;-0,83;;1
28/09/26;CELLNEX;PUT;Jun-27;30,00;23.35;26,27;-0,87;;25
28/09/26;CELLNEX;PUT;Jun-27;31,00;23.35;25,88;-0,91;;75
28/09/26;CELLNEX;PUT;Jun-27;32,00;23.35;25,50;-0,94;;50
28/09/26;CELLNEX;PUT;Jun-27;33,00;23.35;25,11;-0,96;;50
28/09/26;CELLNEX;PUT;Jun-27;34,00;23.35;24,73;-0,97;;100
28/09/26;CELLNEX;PUT;Jun-27;35,00;23.35;24,34;-0,99;;100
28/09/26;CELLNEX;PUT;Jun-27;36,00;23.35;23,95;-0,99;;125
28/09/26;CELLNEX;PUT;Jun-27;37,00;23.35;23,57;-1,00;;100
28/09/26;CELLNEX;PUT;Jun-27;38,00;23.35;23,18;-1,00;;100
28/09/26;CELLNEX;PUT;Jun-27;39,00;23.35;22,80;-1,00;;25
28/09/26;CELLNEX;PUT;Sep-27;21,00;23.35;29,12;-0,32;;1
28/09/26;CELLNEX;PUT;Sep-27;22,00;23.35;28,52;-0,38;;3
28/09/26;CELLNEX;PUT;Sep-27;24,00;23.35;27,46;-0,50;;3
28/09/26;CELLNEX;PUT;Sep-27;25,00;23.35;27,07;-0,56;;3
28/09/26;CELLNEX;PUT;Sep-27;27,00;23.35;26,30;-0,68;;2
28/09/26;CELLNEX;PUT;Sep-27;36,00;23.35;22,83;-0,98;;25
28/09/26;CELLNEX;PUT;Sep-27;37,00;23.35;22,45;-0,99;;25
28/09/26;CELLNEX;PUT;Dic-27;21,00;23.35;28,51;-0,32;;1
28/09/26;CELLNEX;PUT;Dic-27;23,00;23.35;27,51;-0,43;;3
28/09/26;CELLNEX;PUT;Dic-27;30,00;23.35;25,16;-0,80;;75
28/09/26;CELLNEX;PUT;Dic-27;31,00;23.35;24,83;-0,84;;50
28/09/26;CELLNEX;PUT;Dic-27;32,00;23.35;24,50;-0,88;;26
28/09/26;CELLNEX;PUT;Dic-27;33,00;23.35;24,17;-0,91;;25
28/09/26;CELLNEX;PUT;Dic-27;34,00;23.35;23,84;-0,93;;25
28/09/26;CELLNEX;PUT;Mar-28;21,00;23.35;28,21;-0,33;;25
28/09/26;CELLNEX;PUT;Mar-28;22,00;23.35;27,78;-0,38;;100
28/09/26;CELLNEX;PUT;Mar-28;24,00;23.35;27,01;-0,48;;100
28/09/26;CELLNEX;PUT;Mar-28;25,00;23.35;26,73;-0,53;;2
28/09/26;CELLNEX;PUT;Jun-28;30,00;23.35;26,02;-0,74;;3
28/09/26;CELLNEX;CALL;Dic-26;28,00;23.35;27,74;0,10;;50
28/09/26;CELLNEX;CALL;Dic-26;29,00;23.35;27,24;0,06;;3
28/09/26;CELLNEX;CALL;Dic-26;32,00;23.35;25,74;0,01;;50
28/09/26;CELLNEX;CALL;Dic-26;35,00;23.35;24,24;;;18
28/09/26;CELLNEX;CALL;Dic-30;30,00;23.35;30,12;0,39;;120
28/09/26;CELLNEX;PUT;Oct-26;25,00;23.35;29,03;-0,84;;3
28/09/26;CELLNEX;PUT;Dic-26;24,00;23.35;28,97;-0,53;;2
28/09/26;CELLNEX;PUT;Dic-26;45,00;23.35;18,47;-0,99;;20
28/09/26;CELLNEX;PUT;Dic-26;46,00;23.35;17,97;-0,99;;40
28/09/26;CELLNEX;PUT;Dic-26;47,00;23.35;17,74;-0,99;;20
28/09/26;CELLNEX;PUT;Mar-27;22,00;23.35;30,30;-0,35;1;1
28/09/26;CELLNEX;PUT;Mar-27;24,00;23.35;28,83;-0,52;;2
28/09/26;CELLNEX;PUT;Mar-27;25,00;23.35;28,39;-0,60;;1
28/09/26;CELLNEX;PUT;Jun-27;23,00;23.35;29,07;-0,41;;2
28/09/26;CIE AUTOMOTIVE;CALL;Oct-26;26,00;25.6;19,40;0,38;;5
28/09/26;CIE AUTOMOTIVE;CALL;Nov-26;23,00;25.6;21,28;0,92;;1
28/09/26;CIE AUTOMOTIVE;CALL;Nov-26;26,00;25.6;19,92;0,45;;15
28/09/26;CIE AUTOMOTIVE;CALL;Dic-26;22,00;25.6;21,34;0,95;;4
28/09/26;CIE AUTOMOTIVE;CALL;Dic-26;26,00;25.6;19,59;0,48;;2
28/09/26;CIE AUTOMOTIVE;CALL;Dic-26;27,00;25.6;19,43;0,32;;6
28/09/26;CIE AUTOMOTIVE;CALL;Dic-26;31,00;25.6;18,81;0,02;;2
28/09/26;CIE AUTOMOTIVE;CALL;Mar-27;22,00;25.6;20,73;0,91;;1
28/09/26;CIE AUTOMOTIVE;CALL;Mar-27;24,00;25.6;19,97;0,73;;3
28/09/26;CIE AUTOMOTIVE;CALL;Mar-27;25,00;25.6;19,60;0,61;;2
28/09/26;CIE AUTOMOTIVE;CALL;Mar-27;29,00;25.6;19,06;0,18;;1
28/09/26;CIE AUTOMOTIVE;CALL;Mar-27;30,00;25.6;18,97;0,12;;2
28/09/26;CIE AUTOMOTIVE;CALL;Jun-27;29,00;25.6;18,95;0,25;;43
28/09/26;CIE AUTOMOTIVE;CALL;Sep-27;31,00;25.6;19,29;0,17;;2
28/09/26;CIE AUTOMOTIVE;PUT;Oct-26;24,00;25.6;19,59;-0,06;;1
28/09/26;CIE AUTOMOTIVE;PUT;Oct-26;25,50;25.6;18,85;-0,45;1;1
28/09/26;CIE AUTOMOTIVE;PUT;Oct-26;26,00;25.6;18,72;-0,63;;10
28/09/26;CIE AUTOMOTIVE;PUT;Oct-26;28,00;25.6;18,33;-1,00;;8
28/09/26;CIE AUTOMOTIVE;PUT;Nov-26;24,00;25.6;20,00;-0,18;;1
28/09/26;CIE AUTOMOTIVE;PUT;Dic-26;24,00;25.6;20,40;-0,22;;6
28/09/26;CIE AUTOMOTIVE;PUT;Dic-26;25,00;25.6;19,93;-0,37;;3
28/09/26;CIE AUTOMOTIVE;PUT;Dic-26;26,00;25.6;19,59;-0,53;;2
28/09/26;CIE AUTOMOTIVE;PUT;Mar-27;24,00;25.6;19,82;-0,32;;1
28/09/26;CIE AUTOMOTIVE;PUT;Mar-27;26,00;25.6;19,18;-0,55;;10
28/09/26;CIE AUTOMOTIVE;PUT;Mar-27;28,00;25.6;19,00;-0,77;;20
28/09/26;CIE AUTOMOTIVE;PUT;Jun-27;24,00;25.6;19,71;-0,33;;1
28/09/26;COLONIAL;CALL;Nov-26;5,00;5.01;19,80;0,54;;5
28/09/26;COLONIAL;CALL;Nov-26;5,30;5.01;19,58;0,25;;4
28/09/26;COLONIAL;CALL;Dic-26;4,60;5.01;20,01;0,84;;65
28/09/26;COLONIAL;CALL;Dic-26;5,25;5.01;19,48;0,34;;5
28/09/26;COLONIAL;CALL;Dic-26;5,50;5.01;19,30;0,18;;5
28/09/26;COLONIAL;CALL;Dic-26;9,50;5.01;16,37;;;1
28/09/26;COLONIAL;CALL;Mar-27;5,50;5.01;18,74;0,29;;25
28/09/26;COLONIAL;CALL;Mar-27;5,75;5.01;18,58;0,18;;45
28/09/26;COLONIAL;CALL;Mar-27;6,00;5.01;18,41;0,10;;1
28/09/26;COLONIAL;CALL;Jun-27;5,25;5.01;19,53;0,47;;10
28/09/26;COLONIAL;PUT;Oct-26;5,00;5.01;18,57;-0,46;;1
28/09/26;COLONIAL;PUT;Oct-26;5,25;5.01;18,38;-0,87;;11
28/09/26;COLONIAL;PUT;Oct-26;5,30;5.01;18,35;-0,92;;2
28/09/26;COLONIAL;PUT;Nov-26;5,00;5.01;18,43;-0,46;;2
28/09/26;COLONIAL;PUT;Nov-26;5,25;5.01;18,24;-0,73;;8
28/09/26;COLONIAL;PUT;Nov-26;5,30;5.01;18,21;-0,78;;2
28/09/26;COLONIAL;PUT;Dic-26;4,00;5.01;19,38;-0,01;;1
28/09/26;COLONIAL;PUT;Dic-26;4,30;5.01;19,12;-0,04;;2.000
28/09/26;COLONIAL;PUT;Dic-26;4,80;5.01;18,69;-0,28;;2
28/09/26;COLONIAL;PUT;Dic-26;4,90;5.01;18,61;-0,36;;2
28/09/26;COLONIAL;PUT;Dic-26;5,00;5.01;18,52;-0,46;;132
28/09/26;COLONIAL;PUT;Dic-26;5,25;5.01;18,33;-0,68;;985
28/09/26;COLONIAL;PUT;Dic-26;5,50;5.01;18,15;-0,87;;106
28/09/26;COLONIAL;PUT;Mar-27;4,60;5.01;18,74;-0,21;;100
28/09/26;COLONIAL;PUT;Mar-27;4,80;5.01;18,63;-0,32;;1
28/09/26;COLONIAL;PUT;Mar-27;5,00;5.01;18,53;-0,44;;141
28/09/26;COLONIAL;PUT;Mar-27;5,25;5.01;18,36;-0,61;;202
28/09/26;COLONIAL;PUT;Mar-27;5,50;5.01;18,19;-0,76;;304
28/09/26;COLONIAL;PUT;Jun-27;5,00;5.01;19,66;-0,43;;10
28/09/26;COLONIAL;PUT;Jun-27;5,30;5.01;19,47;-0,58;;253
28/09/26;COLONIAL;PUT;Jun-27;5,50;5.01;19,33;-0,69;;141
28/09/26;EBRO FOODS;CALL;Nov-26;18,50;18.32;13,49;0,37;;1
28/09/26;EBRO FOODS;CALL;Dic-26;18,50;18.32;13,30;0,41;;1
28/09/26;EBRO FOODS;CALL;Mar-27;18,50;18.32;12,90;0,47;;1
28/09/26;EBRO FOODS;CALL;Jun-27;18,00;18.32;13,61;0,58;;1
28/09/26;EBRO FOODS;PUT;Oct-26;17,00;18.32;13,64;-0,02;;1
28/09/26;EBRO FOODS;PUT;Dic-26;17,50;18.32;13,41;-0,27;;4
28/09/26;EBRO FOODS;PUT;Jun-27;18,00;18.32;13,08;-0,45;;8
28/09/26;ENAGAS;CALL;Oct-26;16,50;16.69;23,43;0,61;;2
28/09/26;ENAGAS;CALL;Oct-26;17,00;16.69;22,68;0,38;;13
28/09/26;ENAGAS;CALL;Oct-26;17,50;16.69;22,04;0,18;;9
28/09/26;ENAGAS;CALL;Oct-26;18,00;16.69;21,41;0,06;;7
28/09/26;ENAGAS;CALL;Oct-26;19,00;16.69;20,13;;;1
28/09/26;ENAGAS;CALL;Nov-26;17,50;16.69;21,72;0,31;;1
28/09/26;ENAGAS;CALL;Nov-26;18,00;16.69;21,09;0,20;22;33
28/09/26;ENAGAS;CALL;Dic-26;15,50;16.69;24,95;0,77;;25
28/09/26;ENAGAS;CALL;Dic-26;16,00;16.69;24,07;0,68;;419
28/09/26;ENAGAS;CALL;Dic-26;17,00;16.69;22,53;0,47;;63
28/09/26;ENAGAS;CALL;Dic-26;17,50;16.69;22,00;0,36;;48
28/09/26;ENAGAS;CALL;Dic-26;18,00;16.69;21,47;0,26;;88
28/09/26;ENAGAS;CALL;Dic-26;18,50;16.69;20,94;0,18;;60
28/09/26;ENAGAS;CALL;Dic-26;19,00;16.69;20,41;0,11;;146
28/09/26;ENAGAS;CALL;Dic-26;19,50;16.69;19,89;0,06;;123
28/09/26;ENAGAS;CALL;Dic-26;20,00;16.69;19,36;0,03;;27
28/09/26;ENAGAS;CALL;Mar-27;15,50;16.69;23,18;0,73;;301
28/09/26;ENAGAS;CALL;Mar-27;16,00;16.69;22,52;0,65;;32
28/09/26;ENAGAS;CALL;Mar-27;17,00;16.69;21,39;0,47;;56
28/09/26;ENAGAS;CALL;Mar-27;17,50;16.69;21,04;0,38;;134
28/09/26;ENAGAS;CALL;Mar-27;18,00;16.69;20,69;0,30;;240
28/09/26;ENAGAS;CALL;Mar-27;18,50;16.69;20,34;0,23;;3
28/09/26;ENAGAS;CALL;Mar-27;19,00;16.69;20,00;0,17;;63
28/09/26;ENAGAS;CALL;Mar-27;19,50;16.69;19,65;0,12;;10
28/09/26;ENAGAS;CALL;Mar-27;20,00;16.69;19,30;0,08;;98
28/09/26;ENAGAS;CALL;Jun-27;16,00;16.69;23,17;0,62;;10
28/09/26;ENAGAS;CALL;Jun-27;16,50;16.69;22,56;0,56;;5
28/09/26;ENAGAS;CALL;Jun-27;18,00;16.69;21,56;0,37;;26
28/09/26;ENAGAS;CALL;Jun-27;19,50;16.69;20,69;0,21;;2
28/09/26;ENAGAS;CALL;Jun-27;20,00;16.69;20,40;0,16;;5
28/09/26;ENAGAS;CALL;Sep-27;20,00;16.69;21,65;0,20;;29
28/09/26;ENAGAS;CALL;Sep-27;20,50;16.69;21,39;0,16;;2
28/09/26;ENAGAS;CALL;Dic-27;15,00;16.69;25,72;0,70;;1
28/09/26;ENAGAS;CALL;Dic-27;16,00;16.69;24,56;0,61;;26
28/09/26;ENAGAS;CALL;Dic-27;19,50;16.69;22,58;0,28;;2
28/09/26;ENAGAS;CALL;Dic-27;20,00;16.69;22,37;0,24;;1
28/09/26;ENAGAS;CALL;Dic-27;20,50;16.69;22,16;0,21;;1
28/09/26;ENAGAS;CALL;Dic-27;21,00;16.69;21,95;0,18;;10
28/09/26;ENAGAS;CALL;Jun-28;18,00;16.69;21,53;0,41;;1
28/09/26;ENAGAS;CALL;Dic-28;16,00;16.69;20,71;0,59;;1
28/09/26;ENAGAS;PUT;Oct-26;15,50;16.69;25,62;-0,09;;1
28/09/26;ENAGAS;PUT;Oct-26;16,00;16.69;24,69;-0,21;;24
28/09/26;ENAGAS;PUT;Oct-26;16,50;16.69;23,76;-0,40;;19
28/09/26;ENAGAS;PUT;Oct-26;17,00;16.69;23,01;-0,62;;12
28/09/26;ENAGAS;PUT;Oct-26;18,00;16.69;21,74;-0,95;;1
28/09/26;ENAGAS;PUT;Nov-26;15,00;16.69;26,82;-0,13;;3
28/09/26;ENAGAS;PUT;Nov-26;15,50;16.69;25,90;-0,20;;1
28/09/26;ENAGAS;PUT;Nov-26;16,00;16.69;24,98;-0,30;;44
28/09/26;ENAGAS;PUT;Nov-26;16,50;16.69;24,06;-0,42;;1
28/09/26;ENAGAS;PUT;Dic-26;12,50;16.69;33,01;-0,02;;2
28/09/26;ENAGAS;PUT;Dic-26;13,00;16.69;32,14;-0,04;;227
28/09/26;ENAGAS;PUT;Dic-26;13,50;16.69;31,26;-0,06;;51
28/09/26;ENAGAS;PUT;Dic-26;14,00;16.69;30,38;-0,09;;280
28/09/26;ENAGAS;PUT;Dic-26;14,50;16.69;29,50;-0,13;;126
28/09/26;ENAGAS;PUT;Dic-26;15,00;16.69;28,62;-0,19;;611
28/09/26;ENAGAS;PUT;Dic-26;15,50;16.69;27,74;-0,25;;38
28/09/26;ENAGAS;PUT;Dic-26;16,00;16.69;26,86;-0,33;;41
28/09/26;ENAGAS;PUT;Dic-26;16,50;16.69;25,98;-0,43;;62
28/09/26;ENAGAS;PUT;Dic-26;17,00;16.69;25,32;-0,53;;26
28/09/26;ENAGAS;PUT;Dic-26;17,50;16.69;24,79;-0,63;;26
28/09/26;ENAGAS;PUT;Mar-27;12,00;16.69;26,81;-0,03;;1
28/09/26;ENAGAS;PUT;Mar-27;13,00;16.69;25,49;-0,08;;25
28/09/26;ENAGAS;PUT;Mar-27;14,00;16.69;24,18;-0,14;;234
28/09/26;ENAGAS;PUT;Mar-27;14,50;16.69;23,52;-0,19;;56
28/09/26;ENAGAS;PUT;Mar-27;15,00;16.69;22,86;-0,25;;40
28/09/26;ENAGAS;PUT;Mar-27;15,50;16.69;22,20;-0,32;;4
28/09/26;ENAGAS;PUT;Mar-27;16,00;16.69;21,54;-0,40;;541
28/09/26;ENAGAS;PUT;Mar-27;16,50;16.69;20,88;-0,48;;27
28/09/26;ENAGAS;PUT;Mar-27;17,00;16.69;20,41;-0,57;;36
28/09/26;ENAGAS;PUT;Jun-27;15,00;16.69;22,59;-0,27;;5
28/09/26;ENAGAS;PUT;Jun-27;16,50;16.69;20,74;-0,47;;5
28/09/26;ENAGAS;PUT;Jun-27;17,00;16.69;20,32;-0,54;;52
28/09/26;ENAGAS;PUT;Jun-27;17,50;16.69;20,03;-0,62;;28
28/09/26;ENAGAS;PUT;Sep-27;12,50;16.69;25,74;-0,13;;470
28/09/26;ENAGAS;PUT;Sep-27;13,00;16.69;25,15;-0,16;;75
28/09/26;ENAGAS;PUT;Sep-27;13,50;16.69;24,56;-0,20;;1
28/09/26;ENAGAS;PUT;Sep-27;14,00;16.69;23,97;-0,24;;25
28/09/26;ENAGAS;PUT;Sep-27;17,00;16.69;20,64;-0,57;;25
28/09/26;ENAGAS;PUT;Dic-27;11,00;16.69;27,06;-0,07;;4.100
28/09/26;ENAGAS;PUT;Dic-27;14,00;16.69;23,59;-0,25;;1
28/09/26;ENAGAS;PUT;Mar-28;12,00;16.69;24,15;-0,13;;75
28/09/26;ENAGAS;PUT;Mar-28;14,50;16.69;21,45;-0,31;;173
28/09/26;ENAGAS;PUT;Mar-28;15,50;16.69;20,37;-0,41;;25
28/09/26;ENAGAS;PUT;Mar-28;16,00;16.69;19,83;-0,46;;50
28/09/26;ENAGAS;PUT;Mar-28;16,50;16.69;19,29;-0,52;;25
28/09/26;ENAGAS;PUT;Jun-28;15,00;16.69;19,88;-0,36;;10
28/09/26;ENAGAS;PUT;Jun-28;16,00;16.69;18,86;-0,46;;25
28/09/26;ENAGAS;PUT;Jun-28;16,50;16.69;18,35;-0,51;;25
28/09/26;ENAGAS;PUT;Jun-28;18,00;16.69;17,79;-0,67;;141
28/09/26;ENAGAS;CALL;Dic-26;16,50;16.69;23,19;0,58;;25
28/09/26;ENAGAS;CALL;Dic-26;17,00;16.69;22,53;0,47;;125
28/09/26;ENAGAS;CALL;Dic-26;17,50;16.69;22,00;0,36;;50
28/09/26;ENAGAS;CALL;Dic-26;18,00;16.69;21,47;0,26;;25
28/09/26;ENAGAS;CALL;Mar-27;19,00;16.69;20,00;0,17;;125
28/09/26;ENAGAS;CALL;Jun-27;19,50;16.69;20,69;0,20;;50
28/09/26;ENAGAS;PUT;Oct-26;16,00;16.69;24,69;-0,21;1;1
28/09/26;ENAGAS;PUT;Oct-26;16,50;16.69;23,76;-0,39;;5
28/09/26;ENAGAS;PUT;Oct-26;17,00;16.69;23,01;-0,62;1;16
28/09/26;ENAGAS;PUT;Nov-26;15,50;16.69;25,90;-0,20;;2
28/09/26;ENAGAS;PUT;Dic-26;13,00;16.69;32,14;-0,04;;25
28/09/26;ENAGAS;PUT;Dic-26;13,50;16.69;31,26;-0,06;;75
28/09/26;ENAGAS;PUT;Dic-26;14,00;16.69;30,38;-0,09;;25
28/09/26;ENAGAS;PUT;Dic-26;15,50;16.69;27,74;-0,25;;5
28/09/26;ENAGAS;PUT;Dic-26;16,50;16.69;25,98;-0,42;;10
28/09/26;ENAGAS;PUT;Dic-26;17,00;16.69;25,32;-0,52;;10
28/09/26;ENAGAS;PUT;Mar-27;14,50;16.69;23,52;-0,19;;50
28/09/26;ENAGAS;PUT;Mar-27;15,00;16.69;22,86;-0,24;;1
28/09/26;ENAGAS;PUT;Mar-27;15,50;16.69;22,20;-0,31;;9
28/09/26;ENAGAS;PUT;Jun-27;15,50;16.69;21,97;-0,31;;6
28/09/26;ENCE;CALL;Mar-27;2,00;2.37;24,22;0,90;;13
28/09/26;ENCE;CALL;Mar-27;2,10;2.37;24,11;0,81;;4
28/09/26;ENCE;CALL;Jun-27;2,40;2.37;23,28;0,50;;10
28/09/26;ENCE;CALL;Mar-28;2,00;2.37;27,91;0,77;;4
28/09/26;ENCE;PUT;Nov-26;2,50;2.37;15,02;-0,90;;8
28/09/26;ENCE;PUT;Jun-27;2,70;2.37;24,73;-0,74;;5
28/09/26;ENDESA;CALL;Oct-26;43,00;42.04;17,42;0,30;;12
28/09/26;ENDESA;CALL;Oct-26;44,00;42.04;17,29;0,13;;3
28/09/26;ENDESA;CALL;Nov-26;44,00;42.04;18,67;0,29;;3
28/09/26;ENDESA;CALL;Nov-26;45,00;42.04;18,53;0,19;;1
28/09/26;ENDESA;CALL;Dic-26;24,00;42.04;34,29;1,00;;2
28/09/26;ENDESA;CALL;Dic-26;35,00;42.04;24,95;0,95;;10
28/09/26;ENDESA;CALL;Dic-26;36,00;42.04;24,10;0,93;;10
28/09/26;ENDESA;CALL;Dic-26;37,00;42.04;23,26;0,90;;4
28/09/26;ENDESA;CALL;Dic-26;38,00;42.04;22,41;0,85;;4
28/09/26;ENDESA;CALL;Dic-26;39,00;42.04;21,56;0,80;;10
28/09/26;ENDESA;CALL;Dic-26;40,00;42.04;20,71;0,73;;19
28/09/26;ENDESA;CALL;Dic-26;41,00;42.04;19,86;0,65;;1
28/09/26;ENDESA;CALL;Dic-26;42,00;42.04;19,01;0,55;;6
28/09/26;ENDESA;CALL;Dic-26;43,00;42.04;18,90;0,44;;5
28/09/26;ENDESA;CALL;Dic-26;44,00;42.04;18,81;0,34;;10
28/09/26;ENDESA;CALL;Dic-26;45,00;42.04;18,72;0,25;;16
28/09/26;ENDESA;CALL;Dic-26;46,00;42.04;18,63;0,18;;10
28/09/26;ENDESA;CALL;Dic-26;47,00;42.04;18,55;0,12;;20
28/09/26;ENDESA;CALL;Dic-26;48,00;42.04;18,46;0,08;;15
28/09/26;ENDESA;CALL;Mar-27;32,00;42.04;28,02;0,95;;1
28/09/26;ENDESA;CALL;Mar-27;34,00;42.04;26,32;0,92;;150
28/09/26;ENDESA;CALL;Mar-27;40,00;42.04;21,23;0,68;;1
28/09/26;ENDESA;CALL;Mar-27;41,00;42.04;20,38;0,61;;3
28/09/26;ENDESA;CALL;Mar-27;43,00;42.04;19,43;0,47;;5
28/09/26;ENDESA;CALL;Mar-27;44,00;42.04;19,36;0,40;;2
28/09/26;ENDESA;CALL;Mar-27;45,00;42.04;19,29;0,33;;1
28/09/26;ENDESA;CALL;Mar-27;50,00;42.04;18,93;0,10;;1
28/09/26;ENDESA;CALL;Mar-27;54,00;42.04;18,65;0,03;;38
28/09/26;ENDESA;CALL;Mar-27;56,00;42.04;18,50;0,01;;15
28/09/26;ENDESA;CALL;Jun-27;25,00;42.04;32,15;0,99;;1
28/09/26;ENDESA;CALL;Jun-27;27,00;42.04;30,69;0,98;;2
28/09/26;ENDESA;CALL;Jun-27;32,00;42.04;27,04;0,92;;294
28/09/26;ENDESA;CALL;Jun-27;33,00;42.04;26,31;0,89;;291
28/09/26;ENDESA;CALL;Jun-27;37,00;42.04;23,40;0,78;;1
28/09/26;ENDESA;CALL;Jun-27;38,00;42.04;22,67;0,75;;1
28/09/26;ENDESA;CALL;Jun-27;41,00;42.04;20,48;0,61;;2
28/09/26;ENDESA;CALL;Jun-27;42,00;42.04;19,75;0,55;;2
28/09/26;ENDESA;CALL;Jun-27;44,00;42.04;19,55;0,44;;40
28/09/26;ENDESA;CALL;Jun-27;46,00;42.04;19,37;0,34;;50
28/09/26;ENDESA;CALL;Jun-27;48,00;42.04;19,20;0,25;;5
28/09/26;ENDESA;CALL;Jun-27;54,00;42.04;18,68;0,07;;155
28/09/26;ENDESA;CALL;Jun-27;56,00;42.04;18,50;0,04;;410
28/09/26;ENDESA;CALL;Sep-27;43,00;42.04;20,49;0,51;;75
28/09/26;ENDESA;CALL;Sep-27;44,00;42.04;20,38;0,46;;150
28/09/26;ENDESA;CALL;Sep-27;45,00;42.04;20,27;0,41;;1
28/09/26;ENDESA;CALL;Sep-27;49,00;42.04;19,83;0,24;;7
28/09/26;ENDESA;CALL;Dic-27;29,00;42.04;29,01;0,93;;1
28/09/26;ENDESA;CALL;Dic-27;31,00;42.04;27,79;0,90;;1
28/09/26;ENDESA;CALL;Dic-27;34,00;42.04;25,96;0,84;;1
28/09/26;ENDESA;CALL;Dic-27;40,00;42.04;22,30;0,64;;26
28/09/26;ENDESA;CALL;Dic-27;50,00;42.04;20,29;0,25;;2
28/09/26;ENDESA;CALL;Mar-28;40,00;42.04;22,35;0,64;;25
28/09/26;ENDESA;CALL;Mar-28;44,00;42.04;20,98;0,48;;20
28/09/26;ENDESA;CALL;Mar-28;45,00;42.04;20,89;0,44;;1.215
28/09/26;ENDESA;CALL;Mar-28;46,00;42.04;20,80;0,40;;85
28/09/26;ENDESA;CALL;Mar-28;47,00;42.04;20,72;0,37;;795
28/09/26;ENDESA;CALL;Mar-28;48,00;42.04;20,63;0,34;;290
28/09/26;ENDESA;CALL;Mar-28;49,00;42.04;20,54;0,30;;85
28/09/26;ENDESA;CALL;Mar-28;50,00;42.04;20,46;0,27;;75
28/09/26;ENDESA;CALL;Mar-28;56,00;42.04;19,93;0,13;;45
28/09/26;ENDESA;CALL;Jun-28;46,00;42.04;20,94;0,43;;10
28/09/26;ENDESA;PUT;Oct-26;40,00;42.04;19,42;-0,11;;1
28/09/26;ENDESA;PUT;Oct-26;41,00;42.04;18,46;-0,26;;10
28/09/26;ENDESA;PUT;Oct-26;43,00;42.04;17,33;-0,71;;1
28/09/26;ENDESA;PUT;Dic-26;19,00;42.04;38,19;;;15
28/09/26;ENDESA;PUT;Dic-26;28,00;42.04;30,55;;;25
28/09/26;ENDESA;PUT;Dic-26;30,00;42.04;28,85;;;10
28/09/26;ENDESA;PUT;Dic-26;32,00;42.04;27,16;-0,01;;10
28/09/26;ENDESA;PUT;Dic-26;33,00;42.04;26,31;-0,02;;35
28/09/26;ENDESA;PUT;Dic-26;34,00;42.04;25,46;-0,03;;1
28/09/26;ENDESA;PUT;Dic-26;35,00;42.04;24,61;-0,05;;10
28/09/26;ENDESA;PUT;Dic-26;37,00;42.04;22,92;-0,10;;10
28/09/26;ENDESA;PUT;Dic-26;38,00;42.04;22,07;-0,14;;4
28/09/26;ENDESA;PUT;Dic-26;39,00;42.04;21,22;-0,20;;10
28/09/26;ENDESA;PUT;Dic-26;40,00;42.04;20,37;-0,27;;160
28/09/26;ENDESA;PUT;Mar-27;37,00;42.04;22,37;-0,19;;10
28/09/26;ENDESA;PUT;Mar-27;39,00;42.04;20,67;-0,28;;10
28/09/26;ENDESA;PUT;Jun-27;15,50;42.04;37,86;;;5
28/09/26;ENDESA;PUT;Jun-27;22,00;42.04;33,12;-0,01;;10
28/09/26;ENDESA;PUT;Jun-27;33,00;42.04;25,09;-0,10;;3
28/09/26;ENDESA;PUT;Jun-27;37,00;42.04;22,18;-0,21;;3
28/09/26;ENDESA;PUT;Jun-27;38,00;42.04;21,45;-0,25;;4
28/09/26;ENDESA;PUT;Dic-27;17,50;42.04;33,18;;;1
28/09/26;ENDESA;PUT;Dic-27;27,00;42.04;27,38;-0,06;;1
28/09/26;ENDESA;PUT;Dic-27;30,00;42.04;25,55;-0,09;;5
28/09/26;ENDESA;PUT;Dic-27;31,00;42.04;24,94;-0,11;;30
28/09/26;ENDESA;PUT;Dic-27;32,00;42.04;24,33;-0,13;;5
28/09/26;ENDESA;PUT;Dic-27;34,00;42.04;23,11;-0,18;;5
28/09/26;ENDESA;PUT;Dic-27;44,00;42.04;18,01;-0,59;;15
28/09/26;ENDESA;PUT;Mar-28;22,00;42.04;29,96;-0,03;;150
28/09/26;ENDESA;PUT;Mar-28;24,00;42.04;28,78;-0,04;;150
28/09/26;ENDESA;PUT;Mar-28;26,00;42.04;27,61;-0,06;;150
28/09/26;ENDESA;PUT;Mar-28;27,00;42.04;27,02;-0,07;;150
28/09/26;ENDESA;PUT;Mar-28;28,00;42.04;26,44;-0,08;;150
28/09/26;ENDESA;PUT;Jun-28;25,00;42.04;27,68;-0,05;;150
28/09/26;ENDESA;PUT;Jun-28;26,00;42.04;27,14;-0,06;;150
28/09/26;ENDESA;PUT;Jun-28;27,00;42.04;26,59;-0,08;;293
28/09/26;ENDESA;PUT;Jun-28;29,00;42.04;25,49;-0,10;;143
28/09/26;ENDESA;PUT;Jun-28;30,00;42.04;24,95;-0,12;;143
28/09/26;ENDESA;PUT;Jun-28;31,00;42.04;24,40;-0,14;;142
28/09/26;ENDESA;PUT;Jun-28;32,00;42.04;23,85;-0,16;;142
28/09/26;ENDESA;PUT;Jun-28;33,00;42.04;23,31;-0,18;;142
28/09/26;ENDESA;PUT;Dic-28;31,00;42.04;23,33;-0,16;;16
28/09/26;ENDESA;CALL;Oct-26;42,00;42.04;17,59;0,53;;1
28/09/26;ENDESA;CALL;Oct-26;44,00;42.04;17,29;0,13;;2
28/09/26;ENDESA;CALL;Nov-26;46,00;42.04;18,40;0,12;;3
28/09/26;ENDESA;CALL;Dic-26;33,00;42.04;26,65;0,97;;10
28/09/26;ENDESA;CALL;Dic-26;40,00;42.04;20,71;0,73;10;10
28/09/26;ENDESA;CALL;Dic-26;42,00;42.04;19,01;0,54;;10
28/09/26;ENDESA;CALL;Mar-27;37,00;42.04;23,78;0,79;;10
28/09/26;ENDESA;PUT;Oct-26;40,00;42.04;19,42;-0,12;;10
28/09/26;ENDESA;PUT;Oct-26;41,00;42.04;18,46;-0,26;10;10
28/09/26;ENDESA;PUT;Nov-26;41,00;42.04;19,29;-0,33;;10
28/09/26;ENDESA;PUT;Dic-26;32,00;42.04;27,16;-0,01;;8
28/09/26;ENDESA;PUT;Dic-26;36,00;42.04;23,76;-0,07;;10
28/09/26;ENDESA;PUT;Dic-26;39,00;42.04;21,22;-0,20;;30
28/09/26;ENDESA;PUT;Dic-26;40,00;42.04;20,37;-0,27;10;10
28/09/26;FCC;CALL;Jun-27;11,00;10.72;17,00;0,51;;1
28/09/26;FCC;CALL;Dic-27;16,50;10.72;17,25;0,01;;1
28/09/26;FCC;CALL;Jun-28;11,50;10.72;22,96;0,46;;200
28/09/26;FCC;PUT;Dic-26;10,50;10.72;19,14;-0,37;;20
28/09/26;FCC;PUT;Dic-26;11,00;10.72;17,96;-0,59;;3
28/09/26;FCC;PUT;Mar-27;9,50;10.72;19,64;-0,15;;257
28/09/26;FCC;PUT;Mar-27;10,00;10.72;19,23;-0,25;;250
28/09/26;FCC;PUT;Mar-27;10,50;10.72;18,83;-0,38;;482
28/09/26;FCC;PUT;Mar-27;11,00;10.72;18,15;-0,54;;224
28/09/26;FCC;PUT;Jun-27;10,50;10.72;19,41;-0,39;;9
28/09/26;FCC;PUT;Jun-27;11,50;10.72;18,43;-0,63;;3
28/09/26;FCC;PUT;Jun-27;12,00;10.72;17,86;-0,76;;417
28/09/26;FCC;PUT;Sep-27;11,00;10.72;19,55;-0,60;;226
28/09/26;FERROVIAL;CALL;Oct-26;48,00;48.66;29,16;0,60;;2.000
28/09/26;FERROVIAL;CALL;Oct-26;49,00;48.66;28,26;0,48;;4
28/09/26;FERROVIAL;CALL;Oct-26;50,00;48.66;27,73;0,35;;4
28/09/26;FERROVIAL;CALL;Oct-26;54,00;48.66;25,62;0,04;;4
28/09/26;FERROVIAL;CALL;Oct-26;56,00;48.66;24,57;0,01;;9
28/09/26;FERROVIAL;CALL;Nov-26;56,00;48.66;24,73;0,07;;50
28/09/26;FERROVIAL;CALL;Nov-26;60,00;48.66;22,65;0,01;;1
28/09/26;FERROVIAL;CALL;Dic-26;45,00;48.66;31,10;0,73;;8
28/09/26;FERROVIAL;CALL;Dic-26;47,00;48.66;29,10;0,63;;1
28/09/26;FERROVIAL;CALL;Dic-26;50,00;48.66;26,96;0,43;;4.000
28/09/26;FERROVIAL;CALL;Dic-26;52,00;48.66;26,25;0,31;;26
28/09/26;FERROVIAL;CALL;Dic-26;54,00;48.66;25,54;0,20;;25
28/09/26;FERROVIAL;CALL;Dic-26;56,00;48.66;24,83;0,12;;54
28/09/26;FERROVIAL;CALL;Dic-26;58,00;48.66;24,11;0,06;;26
28/09/26;FERROVIAL;CALL;Dic-26;60,00;48.66;23,40;0,03;;3.025
28/09/26;FERROVIAL;CALL;Dic-26;64,00;48.66;21,98;;;5
28/09/26;FERROVIAL;CALL;Dic-26;66,00;48.66;21,26;;;5
28/09/26;FERROVIAL;CALL;Dic-26;68,00;48.66;20,55;;;235
28/09/26;FERROVIAL;CALL;Dic-26;70,00;48.66;19,84;;;25
28/09/26;FERROVIAL;CALL;Mar-27;45,00;48.66;28,14;0,70;;54
28/09/26;FERROVIAL;CALL;Mar-27;50,00;48.66;25,30;0,48;;102
28/09/26;FERROVIAL;CALL;Mar-27;52,00;48.66;24,96;0,39;;15
28/09/26;FERROVIAL;CALL;Mar-27;58,00;48.66;23,93;0,17;;25
28/09/26;FERROVIAL;CALL;Mar-27;62,00;48.66;23,25;0,08;;25
28/09/26;FERROVIAL;CALL;Jun-27;58,00;48.66;24,05;0,24;;1
28/09/26;FERROVIAL;CALL;Sep-27;44,00;48.66;28,16;0,71;;25
28/09/26;FERROVIAL;CALL;Sep-27;50,00;48.66;25,45;0,53;;25
28/09/26;FERROVIAL;CALL;Sep-27;52,00;48.66;25,16;0,47;;25
28/09/26;FERROVIAL;CALL;Sep-27;56,00;48.66;24,58;0,35;;25
28/09/26;FERROVIAL;CALL;Dic-27;50,00;48.66;25,59;0,54;;25
28/09/26;FERROVIAL;CALL;Dic-27;60,00;48.66;24,22;0,27;;25
28/09/26;FERROVIAL;CALL;Dic-27;70,00;48.66;22,85;0,10;;25
28/09/26;FERROVIAL;CALL;Mar-28;52,00;48.66;25,39;0,50;;25
28/09/26;FERROVIAL;CALL;Mar-28;54,00;48.66;25,12;0,45;;50
28/09/26;FERROVIAL;CALL;Mar-28;60,00;48.66;24,30;0,31;;25
28/09/26;FERROVIAL;CALL;Mar-28;66,00;48.66;23,47;0,19;;25
28/09/26;FERROVIAL;CALL;Mar-28;68,00;48.66;23,20;0,16;;1
28/09/26;FERROVIAL;CALL;Jun-28;50,00;48.66;25,78;0,57;;50
28/09/26;FERROVIAL;CALL;Jun-28;56,00;48.66;25,04;0,43;;50
28/09/26;FERROVIAL;CALL;Jun-28;58,00;48.66;24,80;0,38;;25
28/09/26;FERROVIAL;CALL;Dic-28;50,00;48.66;26,19;0,59;;3.000
28/09/26;FERROVIAL;PUT;Oct-26;44,00;48.66;32,40;-0,07;;3
28/09/26;FERROVIAL;PUT;Oct-26;45,00;48.66;31,30;-0,12;;4
28/09/26;FERROVIAL;PUT;Oct-26;46,00;48.66;30,21;-0,19;;5
28/09/26;FERROVIAL;PUT;Oct-26;47,00;48.66;29,11;-0,28;;50
28/09/26;FERROVIAL;PUT;Oct-26;48,00;48.66;28,01;-0,40;;10
28/09/26;FERROVIAL;PUT;Oct-26;49,00;48.66;27,11;-0,53;;17
28/09/26;FERROVIAL;PUT;Nov-26;40,00;48.66;36,22;-0,08;;1
28/09/26;FERROVIAL;PUT;Nov-26;41,00;48.66;35,13;-0,10;;4
28/09/26;FERROVIAL;PUT;Nov-26;43,00;48.66;32,95;-0,16;;7
28/09/26;FERROVIAL;PUT;Nov-26;44,00;48.66;31,87;-0,20;;1
28/09/26;FERROVIAL;PUT;Nov-26;46,00;48.66;29,69;-0,31;;2
28/09/26;FERROVIAL;PUT;Nov-26;58,00;48.66;21,93;-0,99;;15
28/09/26;FERROVIAL;PUT;Dic-26;43,00;48.66;32,33;-0,20;;2
28/09/26;FERROVIAL;PUT;Dic-26;44,00;48.66;31,33;-0,24;;51
28/09/26;FERROVIAL;PUT;Dic-26;45,00;48.66;30,33;-0,28;;2
28/09/26;FERROVIAL;PUT;Dic-26;48,00;48.66;27,33;-0,45;;7
28/09/26;FERROVIAL;PUT;Dic-26;49,00;48.66;26,55;-0,52;;26
28/09/26;FERROVIAL;PUT;Dic-26;50,00;48.66;26,19;-0,58;;25
28/09/26;FERROVIAL;PUT;Dic-26;54,00;48.66;24,77;-0,82;;26
28/09/26;FERROVIAL;PUT;Dic-26;56,00;48.66;24,06;-0,90;;25
28/09/26;FERROVIAL;PUT;Dic-26;58,00;48.66;23,34;-0,95;;130
28/09/26;FERROVIAL;PUT;Dic-26;60,00;48.66;22,63;-0,98;;10
28/09/26;FERROVIAL;PUT;Dic-26;72,00;48.66;18,36;-1,00;;1
28/09/26;FERROVIAL;PUT;Mar-27;39,00;48.66;32,81;-0,14;;100
28/09/26;FERROVIAL;PUT;Mar-27;45,00;48.66;28,54;-0,31;;25
28/09/26;FERROVIAL;PUT;Mar-27;46,00;48.66;27,83;-0,35;;25
28/09/26;FERROVIAL;PUT;Mar-27;47,00;48.66;27,11;-0,39;;50
28/09/26;FERROVIAL;PUT;Mar-27;48,00;48.66;26,40;-0,44;;76
28/09/26;FERROVIAL;PUT;Mar-27;49,00;48.66;25,87;-0,48;;90
28/09/26;FERROVIAL;PUT;Mar-27;50,00;48.66;25,70;-0,53;;125
28/09/26;FERROVIAL;PUT;Mar-27;52,00;48.66;25,36;-0,63;;135
28/09/26;FERROVIAL;PUT;Mar-27;54,00;48.66;25,02;-0,71;;24
28/09/26;FERROVIAL;PUT;Mar-27;56,00;48.66;24,67;-0,80;;1
28/09/26;FERROVIAL;PUT;Mar-27;58,00;48.66;24,33;-0,86;;25
28/09/26;FERROVIAL;PUT;Jun-27;44,00;48.66;28,83;-0,29;;25
28/09/26;FERROVIAL;PUT;Jun-27;49,00;48.66;25,88;-0,47;;50
28/09/26;FERROVIAL;PUT;Jun-27;60,00;48.66;24,38;-0,85;;8
28/09/26;FERROVIAL;PUT;Sep-27;41,00;48.66;30,39;-0,23;;1
28/09/26;FERROVIAL;PUT;Sep-27;43,00;48.66;29,30;-0,27;;1
28/09/26;FERROVIAL;PUT;Sep-27;44,00;48.66;28,76;-0,30;;51
28/09/26;FERROVIAL;PUT;Sep-27;45,00;48.66;28,22;-0,33;;25
28/09/26;FERROVIAL;PUT;Sep-27;47,00;48.66;27,14;-0,39;;25
28/09/26;FERROVIAL;PUT;Sep-27;48,00;48.66;26,60;-0,42;;50
28/09/26;FERROVIAL;PUT;Sep-27;49,00;48.66;26,19;-0,45;;25
28/09/26;FERROVIAL;PUT;Dic-27;35,00;48.66;32,81;-0,13;;1
28/09/26;FERROVIAL;PUT;Dic-27;39,00;48.66;30,81;-0,20;;25
28/09/26;FERROVIAL;PUT;Dic-27;40,00;48.66;30,31;-0,22;;25
28/09/26;FERROVIAL;PUT;Dic-27;45,00;48.66;27,81;-0,33;;25
28/09/26;FERROVIAL;PUT;Dic-27;54,00;48.66;25,25;-0,59;;525
28/09/26;FERROVIAL;PUT;Mar-28;58,00;48.66;24,61;-0,68;;1
28/09/26;FERROVIAL;PUT;Mar-28;60,00;48.66;24,34;-0,74;;3
28/09/26;FERROVIAL;PUT;Mar-28;62,00;48.66;24,06;-0,80;;26
28/09/26;FERROVIAL;PUT;Mar-28;64,00;48.66;23,79;-0,85;;25
28/09/26;FERROVIAL;PUT;Jun-28;44,00;48.66;27,74;-0,31;;25
28/09/26;FERROVIAL;PUT;Jun-28;45,00;48.66;27,32;-0,33;;25
28/09/26;FERROVIAL;PUT;Jun-28;46,00;48.66;26,91;-0,35;;25
28/09/26;FERROVIAL;PUT;Jun-28;48,00;48.66;26,09;-0,40;;25
28/09/26;FERROVIAL;PUT;Jun-28;49,00;48.66;25,78;-0,43;;25
28/09/26;FERROVIAL;PUT;Jun-28;50,00;48.66;25,65;-0,45;;25
28/09/26;FERROVIAL;PUT;Jun-28;52,00;48.66;25,41;-0,51;;25
28/09/26;FERROVIAL;PUT;Jun-28;54,00;48.66;25,16;-0,56;;26
28/09/26;FERROVIAL;PUT;Jun-28;56,00;48.66;24,91;-0,61;;25
28/09/26;FERROVIAL;PUT;Jun-28;58,00;48.66;24,67;-0,66;;26
28/09/26;FERROVIAL;PUT;Jun-28;64,00;48.66;23,93;-0,82;;75
28/09/26;FERROVIAL;PUT;Dic-28;44,00;48.66;26,95;-0,31;;2.500
28/09/26;FERROVIAL;PUT;Dic-28;46,00;48.66;26,29;-0,35;;25
28/09/26;FERROVIAL;PUT;Dic-28;47,00;48.66;25,97;-0,37;;25
28/09/26;FERROVIAL;PUT;Dic-28;48,00;48.66;25,64;-0,39;;25
28/09/26;FERROVIAL;PUT;Dic-28;49,00;48.66;25,39;-0,42;;25
28/09/26;FERROVIAL;PUT;Dic-28;50,00;48.66;25,28;-0,44;;25
28/09/26;FERROVIAL;CALL;Oct-26;52,00;48.66;26,68;0,14;;226
28/09/26;FERROVIAL;CALL;Oct-26;54,00;48.66;25,62;0,04;;452
28/09/26;FERROVIAL;CALL;Dic-26;60,00;48.66;23,40;0,03;;60
28/09/26;FERROVIAL;CALL;Mar-27;62,00;48.66;23,25;0,08;;25
28/09/26;FERROVIAL;PUT;Oct-26;49,00;48.66;27,11;-0,52;;1
28/09/26;FERROVIAL;PUT;Dic-26;49,00;48.66;26,55;-0,51;;25
28/09/26;FERROVIAL;PUT;Dic-26;50,00;48.66;26,19;-0,57;;25
28/09/26;FERROVIAL;PUT;Mar-27;40,00;48.66;32,10;-0,15;;300
28/09/26;FLUIDRA;CALL;Nov-26;15,00;18.12;28,92;0,97;3;
28/09/26;FLUIDRA;CALL;Nov-26;18,50;18.12;24,89;0,45;;10
28/09/26;FLUIDRA;CALL;Dic-26;19,00;18.12;25,54;0,37;;2
28/09/26;FLUIDRA;CALL;Dic-26;19,50;18.12;25,23;0,29;;1
28/09/26;FLUIDRA;CALL;Dic-26;24,00;18.12;22,50;;;1
28/09/26;FLUIDRA;PUT;Oct-26;17,50;18.12;23,99;-0,24;;10
28/09/26;FLUIDRA;PUT;Oct-26;18,00;18.12;23,35;-0,43;;1
28/09/26;FLUIDRA;PUT;Oct-26;18,50;18.12;23,19;-0,64;;2
28/09/26;FLUIDRA;PUT;Dic-26;16,00;18.12;26,99;-0,17;;1
28/09/26;FLUIDRA;PUT;Dic-26;16,50;18.12;26,39;-0,24;;1
28/09/26;FLUIDRA;PUT;Dic-26;17,00;18.12;25,78;-0,32;;326
28/09/26;FLUIDRA;PUT;Dic-26;17,50;18.12;25,17;-0,41;;25
28/09/26;FLUIDRA;PUT;Dic-26;18,00;18.12;24,57;-0,50;;625
28/09/26;FLUIDRA;PUT;Dic-26;18,50;18.12;24,19;-0,60;;2
28/09/26;FLUIDRA;PUT;Dic-26;19,00;18.12;23,89;-0,69;;185
28/09/26;FLUIDRA;PUT;Dic-26;21,00;18.12;22,67;-0,93;;7
28/09/26;FLUIDRA;PUT;Mar-27;17,50;18.12;26,36;-0,41;;19
28/09/26;FLUIDRA;PUT;Mar-27;21,00;18.12;24,22;-0,82;;14
28/09/26;FLUIDRA;PUT;Jun-27;27,00;18.12;23,15;-0,99;;11
28/09/26;FLUIDRA;PUT;Jun-27;28,00;18.12;22,78;-1,00;;11
28/09/26;GRIFOLS;CALL;Oct-26;7,00;9.77;35,63;1,00;;2
28/09/26;GRIFOLS;CALL;Oct-26;9,75;9.77;27,56;0,53;11;5
28/09/26;GRIFOLS;CALL;Oct-26;10,00;9.77;27,43;0,37;3;13
28/09/26;GRIFOLS;CALL;Oct-26;10,25;9.77;27,35;0,23;1;
28/09/26;GRIFOLS;CALL;Oct-26;10,50;9.77;27,26;0,13;1;
28/09/26;GRIFOLS;CALL;Oct-26;11,00;9.77;27,09;0,03;;6
28/09/26;GRIFOLS;CALL;Oct-26;12,00;9.77;26,75;;;1
28/09/26;GRIFOLS;CALL;Nov-26;9,75;9.77;31,38;0,54;1;3
28/09/26;GRIFOLS;CALL;Nov-26;10,00;9.77;31,26;0,46;5;124
28/09/26;GRIFOLS;CALL;Nov-26;10,50;9.77;31,11;0,30;;17
28/09/26;GRIFOLS;CALL;Nov-26;11,00;9.77;30,95;0,18;;2
28/09/26;GRIFOLS;CALL;Dic-26;7,75;9.77;38,03;0,93;;1
28/09/26;GRIFOLS;CALL;Dic-26;8,50;9.77;35,86;0,84;;26
28/09/26;GRIFOLS;CALL;Dic-26;8,75;9.77;35,13;0,79;;31
28/09/26;GRIFOLS;CALL;Dic-26;9,00;9.77;34,41;0,74;;56
28/09/26;GRIFOLS;CALL;Dic-26;9,25;9.77;33,68;0,68;;75
28/09/26;GRIFOLS;CALL;Dic-26;9,50;9.77;32,96;0,62;;267
28/09/26;GRIFOLS;CALL;Dic-26;9,75;9.77;32,23;0,55;;100
28/09/26;GRIFOLS;CALL;Dic-26;10,00;9.77;32,13;0,48;;187
28/09/26;GRIFOLS;CALL;Dic-26;10,50;9.77;32,03;0,34;;227
28/09/26;GRIFOLS;CALL;Dic-26;11,00;9.77;31,93;0,23;;341
28/09/26;GRIFOLS;CALL;Dic-26;11,50;9.77;31,83;0,15;3;52
28/09/26;GRIFOLS;CALL;Dic-26;12,00;9.77;31,72;0,09;;68
28/09/26;GRIFOLS;CALL;Dic-26;12,50;9.77;31,62;0,05;;99
28/09/26;GRIFOLS;CALL;Dic-26;13,00;9.77;31,52;0,03;;1.307
28/09/26;GRIFOLS;CALL;Dic-26;13,50;9.77;31,42;0,01;;1.187
28/09/26;GRIFOLS;CALL;Dic-26;14,00;9.77;31,31;0,01;;25
28/09/26;GRIFOLS;CALL;Dic-26;14,50;9.77;31,21;;;25
28/09/26;GRIFOLS;CALL;Dic-26;15,00;9.77;31,11;;;44
28/09/26;GRIFOLS;CALL;Dic-26;15,50;9.77;31,01;;;5
28/09/26;GRIFOLS;CALL;Dic-26;17,00;9.77;30,70;;;25
28/09/26;GRIFOLS;CALL;Dic-26;17,50;9.77;30,60;;;25
28/09/26;GRIFOLS;CALL;Mar-27;6,25;9.77;39,95;0,98;;3
28/09/26;GRIFOLS;CALL;Mar-27;7,00;9.77;38,44;0,94;;3
28/09/26;GRIFOLS;CALL;Mar-27;7,50;9.77;37,44;0,90;;41
28/09/26;GRIFOLS;CALL;Mar-27;8,25;9.77;35,93;0,80;;5
28/09/26;GRIFOLS;CALL;Mar-27;8,50;9.77;35,42;0,76;;4
28/09/26;GRIFOLS;CALL;Mar-27;8,75;9.77;34,92;0,72;;201
28/09/26;GRIFOLS;CALL;Mar-27;9,00;9.77;34,42;0,68;;124
28/09/26;GRIFOLS;CALL;Mar-27;9,25;9.77;33,91;0,64;;127
28/09/26;GRIFOLS;CALL;Mar-27;9,50;9.77;33,41;0,59;;76
28/09/26;GRIFOLS;CALL;Mar-27;9,75;9.77;32,91;0,54;;107
28/09/26;GRIFOLS;CALL;Mar-27;10,00;9.77;32,67;0,50;;170
28/09/26;GRIFOLS;CALL;Mar-27;10,50;9.77;32,25;0,41;;35
28/09/26;GRIFOLS;CALL;Mar-27;11,00;9.77;31,82;0,32;;1
28/09/26;GRIFOLS;CALL;Mar-27;11,50;9.77;31,39;0,25;;12
28/09/26;GRIFOLS;CALL;Mar-27;12,00;9.77;30,97;0,19;;211
28/09/26;GRIFOLS;CALL;Mar-27;12,50;9.77;30,54;0,14;20;90
28/09/26;GRIFOLS;CALL;Mar-27;13,00;9.77;30,11;0,10;;538
28/09/26;GRIFOLS;CALL;Mar-27;14,00;9.77;29,26;0,04;;140
28/09/26;GRIFOLS;CALL;Mar-27;16,00;9.77;27,55;0,01;;10
28/09/26;GRIFOLS;CALL;Jun-27;8,00;9.77;36,35;0,79;;6
28/09/26;GRIFOLS;CALL;Jun-27;8,25;9.77;35,91;0,76;;3
28/09/26;GRIFOLS;CALL;Jun-27;8,75;9.77;35,04;0,70;;2
28/09/26;GRIFOLS;CALL;Jun-27;9,00;9.77;34,61;0,67;;64
28/09/26;GRIFOLS;CALL;Jun-27;9,25;9.77;34,17;0,63;;53
28/09/26;GRIFOLS;CALL;Jun-27;9,50;9.77;33,74;0,60;;27
28/09/26;GRIFOLS;CALL;Jun-27;9,75;9.77;33,30;0,56;;25
28/09/26;GRIFOLS;CALL;Jun-27;10,00;9.77;33,06;0,53;;77
28/09/26;GRIFOLS;CALL;Jun-27;10,50;9.77;32,62;0,45;;10
28/09/26;GRIFOLS;CALL;Jun-27;11,00;9.77;32,18;0,39;;12
28/09/26;GRIFOLS;CALL;Jun-27;11,50;9.77;31,73;0,32;;10
28/09/26;GRIFOLS;CALL;Jun-27;12,00;9.77;31,29;0,26;;23
28/09/26;GRIFOLS;CALL;Jun-27;12,50;9.77;30,85;0,21;;1.191
28/09/26;GRIFOLS;CALL;Jun-27;13,00;9.77;30,40;0,17;;20
28/09/26;GRIFOLS;CALL;Jun-27;14,00;9.77;29,52;0,10;;16
28/09/26;GRIFOLS;CALL;Jun-27;15,00;9.77;28,63;0,05;;50
28/09/26;GRIFOLS;CALL;Jun-27;16,00;9.77;27,74;0,02;;850
28/09/26;GRIFOLS;CALL;Sep-27;15,00;9.77;29,80;0,09;;10
28/09/26;GRIFOLS;CALL;Dic-27;8,00;9.77;36,72;0,77;;2
28/09/26;GRIFOLS;CALL;Dic-27;8,75;9.77;35,62;0,69;;15
28/09/26;GRIFOLS;CALL;Dic-27;11,00;9.77;33,42;0,45;;1
28/09/26;GRIFOLS;CALL;Dic-27;11,50;9.77;33,13;0,39;;5
28/09/26;GRIFOLS;CALL;Dic-27;12,00;9.77;32,84;0,35;;150
28/09/26;GRIFOLS;CALL;Dic-27;12,50;9.77;32,55;0,30;;100
28/09/26;GRIFOLS;CALL;Dic-27;15,00;9.77;31,09;0,13;;13
28/09/26;GRIFOLS;CALL;Mar-28;15,00;9.77;31,72;0,17;;3
28/09/26;GRIFOLS;CALL;Dic-28;7,25;9.77;35,35;0,81;;10
28/09/26;GRIFOLS;CALL;Dic-28;9,00;9.77;33,26;0,67;;14
28/09/26;GRIFOLS;CALL;Dic-28;12,00;9.77;31,43;0,42;;1
28/09/26;GRIFOLS;CALL;Dic-28;15,50;9.77;29,99;0,20;;3
28/09/26;GRIFOLS;CALL;Dic-28;16,50;9.77;29,58;0,16;;2
28/09/26;GRIFOLS;CALL;Dic-28;17,50;9.77;29,17;0,13;;6
28/09/26;GRIFOLS;CALL;Dic-29;15,50;9.77;29,51;0,27;;3
28/09/26;GRIFOLS;PUT;Oct-26;8,75;9.77;28,14;-0,03;;37
28/09/26;GRIFOLS;PUT;Oct-26;9,25;9.77;26,67;-0,17;;17
28/09/26;GRIFOLS;PUT;Oct-26;9,50;9.77;25,94;-0,30;;10
28/09/26;GRIFOLS;PUT;Oct-26;9,75;9.77;25,20;-0,47;;10
28/09/26;GRIFOLS;PUT;Oct-26;10,00;9.77;25,07;-0,65;;20
28/09/26;GRIFOLS;PUT;Oct-26;10,25;9.77;24,99;-0,80;;15
28/09/26;GRIFOLS;PUT;Nov-26;8,25;9.77;31,66;-0,07;;2
28/09/26;GRIFOLS;PUT;Nov-26;8,50;9.77;30,91;-0,10;;3
28/09/26;GRIFOLS;PUT;Nov-26;8,75;9.77;30,17;-0,15;;34
28/09/26;GRIFOLS;PUT;Nov-26;9,00;9.77;29,43;-0,21;;2
28/09/26;GRIFOLS;PUT;Nov-26;9,50;9.77;27,95;-0,37;;27
28/09/26;GRIFOLS;PUT;Nov-26;9,75;9.77;27,20;-0,46;;2
28/09/26;GRIFOLS;PUT;Nov-26;10,00;9.77;27,08;-0,56;;100
28/09/26;GRIFOLS;PUT;Dic-26;6,00;9.77;39,80;;;25
28/09/26;GRIFOLS;PUT;Dic-26;6,25;9.77;39,07;-0,01;;5
28/09/26;GRIFOLS;PUT;Dic-26;6,50;9.77;38,35;-0,01;;1
28/09/26;GRIFOLS;PUT;Dic-26;6,75;9.77;37,62;-0,02;;25
28/09/26;GRIFOLS;PUT;Dic-26;7,00;9.77;36,90;-0,03;;10
28/09/26;GRIFOLS;PUT;Dic-26;7,25;9.77;36,17;-0,04;;291
28/09/26;GRIFOLS;PUT;Dic-26;7,50;9.77;35,45;-0,06;;29
28/09/26;GRIFOLS;PUT;Dic-26;7,75;9.77;34,72;-0,08;;26
28/09/26;GRIFOLS;PUT;Dic-26;8,00;9.77;34,00;-0,11;;317
28/09/26;GRIFOLS;PUT;Dic-26;8,25;9.77;33,27;-0,14;;2
28/09/26;GRIFOLS;PUT;Dic-26;8,50;9.77;32,55;-0,19;;757
28/09/26;GRIFOLS;PUT;Dic-26;8,75;9.77;31,82;-0,24;;31
28/09/26;GRIFOLS;PUT;Dic-26;9,00;9.77;31,10;-0,30;;326
28/09/26;GRIFOLS;PUT;Dic-26;9,25;9.77;30,37;-0,36;;111
28/09/26;GRIFOLS;PUT;Dic-26;9,50;9.77;29,65;-0,43;8;502
28/09/26;GRIFOLS;PUT;Dic-26;9,75;9.77;28,92;-0,51;1;23
28/09/26;GRIFOLS;PUT;Dic-26;10,00;9.77;28,82;-0,58;;1.722
28/09/26;GRIFOLS;PUT;Dic-26;10,50;9.77;28,72;-0,71;;79
28/09/26;GRIFOLS;PUT;Dic-26;11,00;9.77;28,62;-0,82;;438
28/09/26;GRIFOLS;PUT;Dic-26;11,50;9.77;28,52;-0,89;;28
28/09/26;GRIFOLS;PUT;Dic-26;12,00;9.77;28,41;-0,94;;1
28/09/26;GRIFOLS;PUT;Dic-26;12,50;9.77;28,31;-0,97;;1
28/09/26;GRIFOLS;PUT;Dic-26;13,00;9.77;28,21;-0,99;;10
28/09/26;GRIFOLS;PUT;Dic-26;13,50;9.77;28,11;-0,99;;113
28/09/26;GRIFOLS;PUT;Mar-27;6,25;9.77;38,85;-0,04;;50
28/09/26;GRIFOLS;PUT;Mar-27;6,50;9.77;38,35;-0,05;;17
28/09/26;GRIFOLS;PUT;Mar-27;6,75;9.77;37,85;-0,06;;250
28/09/26;GRIFOLS;PUT;Mar-27;7,00;9.77;37,34;-0,08;;163
28/09/26;GRIFOLS;PUT;Mar-27;7,25;9.77;36,84;-0,10;;76
28/09/26;GRIFOLS;PUT;Mar-27;7,50;9.77;36,34;-0,13;;770
28/09/26;GRIFOLS;PUT;Mar-27;7,75;9.77;35,83;-0,15;;146
28/09/26;GRIFOLS;PUT;Mar-27;8,00;9.77;35,33;-0,18;;127
28/09/26;GRIFOLS;PUT;Mar-27;8,25;9.77;34,83;-0,21;;5
28/09/26;GRIFOLS;PUT;Mar-27;8,50;9.77;34,32;-0,25;;13
28/09/26;GRIFOLS;PUT;Mar-27;8,75;9.77;33,82;-0,29;;3
28/09/26;GRIFOLS;PUT;Mar-27;9,00;9.77;33,32;-0,33;;1.128
28/09/26;GRIFOLS;PUT;Mar-27;9,25;9.77;32,81;-0,38;;2
28/09/26;GRIFOLS;PUT;Mar-27;9,75;9.77;31,81;-0,47;;1
28/09/26;GRIFOLS;PUT;Mar-27;10,00;9.77;31,57;-0,52;;15
28/09/26;GRIFOLS;PUT;Mar-27;10,50;9.77;31,15;-0,61;;14
28/09/26;GRIFOLS;PUT;Mar-27;11,00;9.77;30,72;-0,70;;138
28/09/26;GRIFOLS;PUT;Mar-27;16,00;9.77;26,45;-1,00;;5
28/09/26;GRIFOLS;PUT;Jun-27;6,00;9.77;40,02;-0,05;;20
28/09/26;GRIFOLS;PUT;Jun-27;7,50;9.77;37,41;-0,16;;10
28/09/26;GRIFOLS;PUT;Jun-27;8,00;9.77;36,54;-0,21;;170
28/09/26;GRIFOLS;PUT;Jun-27;8,25;9.77;36,10;-0,24;;1
28/09/26;GRIFOLS;PUT;Jun-27;9,00;9.77;34,80;-0,34;;20
28/09/26;GRIFOLS;PUT;Jun-27;9,50;9.77;33,93;-0,41;;111
28/09/26;GRIFOLS;PUT;Jun-27;10,00;9.77;33,25;-0,49;;858
28/09/26;GRIFOLS;PUT;Jun-27;10,50;9.77;32,81;-0,56;;7
28/09/26;GRIFOLS;PUT;Jun-27;11,00;9.77;32,37;-0,63;;3
28/09/26;GRIFOLS;PUT;Jun-27;11,50;9.77;31,92;-0,70;;7
28/09/26;GRIFOLS;PUT;Jun-27;12,00;9.77;31,48;-0,77;;206
28/09/26;GRIFOLS;PUT;Jun-27;12,50;9.77;31,04;-0,82;;402
28/09/26;GRIFOLS;PUT;Jun-27;13,00;9.77;30,59;-0,87;;195
28/09/26;GRIFOLS;PUT;Jun-27;13,50;9.77;30,15;-0,91;;25
28/09/26;GRIFOLS;PUT;Jun-27;15,50;9.77;28,37;-0,99;;142
28/09/26;GRIFOLS;PUT;Sep-27;13,00;9.77;32,18;-0,80;;8
28/09/26;GRIFOLS;PUT;Dic-27;8,25;9.77;37,73;-0,28;;1
28/09/26;GRIFOLS;PUT;Dic-27;8,50;9.77;37,36;-0,31;;5
28/09/26;GRIFOLS;PUT;Dic-27;8,75;9.77;36,99;-0,33;;3
28/09/26;GRIFOLS;PUT;Dic-27;10,50;9.77;35,08;-0,51;;242
28/09/26;GRIFOLS;PUT;Dic-27;11,00;9.77;34,79;-0,56;;228
28/09/26;GRIFOLS;PUT;Dic-27;11,50;9.77;34,50;-0,61;;30
28/09/26;GRIFOLS;PUT;Mar-28;9,50;9.77;36,47;-0,40;;268
28/09/26;GRIFOLS;PUT;Mar-28;10,00;9.77;35,98;-0,45;;260
28/09/26;GRIFOLS;PUT;Jun-28;6,00;9.77;40,13;-0,12;;26
28/09/26;GRIFOLS;PUT;Jun-28;8,25;9.77;37,21;-0,28;;2
28/09/26;GRIFOLS;PUT;Dic-28;6,50;9.77;37,93;-0,16;;25
28/09/26;GRIFOLS;PUT;Dic-28;7,00;9.77;37,34;-0,20;;1
28/09/26;GRIFOLS;PUT;Dic-28;8,00;9.77;36,14;-0,27;;4
28/09/26;GRIFOLS;PUT;Dic-28;9,75;9.77;34,05;-0,41;;1
28/09/26;GRIFOLS;PUT;Jun-29;8,50;9.77;34,51;-0,31;;2
28/09/26;GRIFOLS;PUT;Dic-29;8,50;9.77;33,60;-0,31;;3
28/09/26;GRIFOLS;PUT;Dic-29;9,75;9.77;32,54;-0,40;;1
28/09/26;GRIFOLS;PUT;Dic-30;10,00;9.77;31,64;-0,40;;15
28/09/26;GRIFOLS;CALL;Dic-26;10,00;9.77;32,13;0,43;30;40
28/09/26;GRIFOLS;CALL;Dic-26;11,00;9.77;31,93;0,21;;10
28/09/26;GRIFOLS;CALL;Dic-26;11,50;9.77;31,83;0,14;;65
28/09/26;GRIFOLS;CALL;Dic-26;15,00;9.77;31,11;;;15
28/09/26;GRIFOLS;CALL;Jun-27;11,50;9.77;31,73;0,32;;50
28/09/26;GRIFOLS;CALL;Dic-27;11,50;9.77;33,13;0,37;;30
28/09/26;GRIFOLS;CALL;Jun-28;11,50;9.77;32,79;0,41;;60
28/09/26;GRIFOLS;PUT;Dic-26;9,50;9.77;29,65;-0,43;;10
28/09/26;GRIFOLS;PUT;Jun-27;9,00;9.77;34,80;-0,33;;1
28/09/26;HBX;CALL;Oct-26;8,25;7.34;29,68;0,04;;10
28/09/26;HBX;CALL;Dic-26;8,00;7.34;30,13;0,31;;10
28/09/26;HBX;CALL;Dic-26;8,25;7.34;29,97;0,24;;10
28/09/26;HBX;CALL;Mar-27;7,50;7.34;30,19;0,52;;10
28/09/26;HBX;CALL;Mar-27;7,75;7.34;30,03;0,46;;10
28/09/26;HBX;CALL;Mar-27;8,50;7.34;29,55;0,29;;10
28/09/26;HBX;CALL;Jun-27;6,75;7.34;28,99;0,71;;10
28/09/26;HBX;CALL;Jun-27;8,00;7.34;28,44;0,44;;10
28/09/26;HBX;CALL;Jun-27;8,50;7.34;28,12;0,34;;10
28/09/26;HBX;PUT;Dic-26;7,25;7.34;31,76;-0,43;;10
28/09/26;HBX;PUT;Jun-27;7,50;7.34;30,18;-0,46;;10
28/09/26;IAG;CALL;Oct-26;4,70;5.1;31,06;0,89;;100
28/09/26;IAG;CALL;Oct-26;5,00;5.1;30,29;0,63;;18
28/09/26;IAG;CALL;Oct-26;5,25;5.1;29,75;0,35;;20
28/09/26;IAG;CALL;Oct-26;5,30;5.1;29,65;0,29;;1
28/09/26;IAG;CALL;Nov-26;4,80;5.1;32,09;0,72;;66
28/09/26;IAG;CALL;Nov-26;5,00;5.1;31,57;0,60;;35
28/09/26;IAG;CALL;Nov-26;5,30;5.1;30,93;0,40;;45
28/09/26;IAG;CALL;Nov-26;5,50;5.1;30,55;0,29;;88
28/09/26;IAG;CALL;Dic-26;2,90;5.1;37,68;1,00;;1
28/09/26;IAG;CALL;Dic-26;3,00;5.1;37,44;1,00;;1
28/09/26;IAG;CALL;Dic-26;3,50;5.1;36,23;0,99;;1
28/09/26;IAG;CALL;Dic-26;4,00;5.1;35,02;0,95;;2
28/09/26;IAG;CALL;Dic-26;4,20;5.1;34,54;0,91;;10
28/09/26;IAG;CALL;Dic-26;4,30;5.1;34,30;0,89;;3
28/09/26;IAG;CALL;Dic-26;4,40;5.1;34,05;0,86;;3
28/09/26;IAG;CALL;Dic-26;4,50;5.1;33,81;0,82;;6
28/09/26;IAG;CALL;Dic-26;4,60;5.1;33,57;0,78;;2
28/09/26;IAG;CALL;Dic-26;4,80;5.1;33,09;0,69;;2
28/09/26;IAG;CALL;Dic-26;4,90;5.1;32,84;0,64;;23
28/09/26;IAG;CALL;Dic-26;5,00;5.1;32,60;0,59;;811
28/09/26;IAG;CALL;Dic-26;5,25;5.1;32,07;0,45;;679
28/09/26;IAG;CALL;Dic-26;5,30;5.1;31,97;0,43;;4
28/09/26;IAG;CALL;Dic-26;5,50;5.1;31,58;0,33;;1.636
28/09/26;IAG;CALL;Dic-26;5,75;5.1;31,09;0,22;;100
28/09/26;IAG;CALL;Dic-26;6,00;5.1;30,60;0,14;;10
28/09/26;IAG;CALL;Dic-26;6,25;5.1;30,11;0,08;;35
28/09/26;IAG;CALL;Mar-27;4,00;5.1;36,51;0,87;1;13
28/09/26;IAG;CALL;Mar-27;4,10;5.1;36,33;0,85;;1
28/09/26;IAG;CALL;Mar-27;4,20;5.1;36,15;0,82;;6
28/09/26;IAG;CALL;Mar-27;4,30;5.1;35,98;0,80;;5
28/09/26;IAG;CALL;Mar-27;4,60;5.1;35,45;0,71;;1
28/09/26;IAG;CALL;Mar-27;4,70;5.1;35,27;0,68;;3
28/09/26;IAG;CALL;Mar-27;4,80;5.1;35,09;0,65;;151
28/09/26;IAG;CALL;Mar-27;5,00;5.1;34,74;0,58;;33
28/09/26;IAG;CALL;Mar-27;5,25;5.1;34,25;0,50;498;500
28/09/26;IAG;CALL;Mar-27;5,50;5.1;33,72;0,42;;275
28/09/26;IAG;CALL;Mar-27;5,75;5.1;33,20;0,34;;50
28/09/26;IAG;CALL;Mar-27;6,00;5.1;32,68;0,27;;1
28/09/26;IAG;CALL;Mar-27;6,25;5.1;32,15;0,21;;250
28/09/26;IAG;CALL;Mar-27;6,50;5.1;31,63;0,16;;150
28/09/26;IAG;CALL;Jun-27;2,00;5.1;37,39;1,00;;2
28/09/26;IAG;CALL;Jun-27;2,20;5.1;37,10;1,00;;25
28/09/26;IAG;CALL;Jun-27;2,30;5.1;36,95;1,00;;25
28/09/26;IAG;CALL;Jun-27;2,40;5.1;36,81;1,00;;25
28/09/26;IAG;CALL;Jun-27;3,00;5.1;35,95;0,97;;5
28/09/26;IAG;CALL;Jun-27;3,40;5.1;35,37;0,94;;1
28/09/26;IAG;CALL;Jun-27;4,00;5.1;34,51;0,84;;3
28/09/26;IAG;CALL;Jun-27;4,10;5.1;34,36;0,82;;2
28/09/26;IAG;CALL;Jun-27;4,40;5.1;33,93;0,75;;3
28/09/26;IAG;CALL;Jun-27;4,50;5.1;33,79;0,73;;1
28/09/26;IAG;CALL;Jun-27;4,90;5.1;33,21;0,62;;3
28/09/26;IAG;CALL;Jun-27;5,00;5.1;33,07;0,60;;2
28/09/26;IAG;CALL;Jun-27;5,25;5.1;32,70;0,53;;19
28/09/26;IAG;CALL;Jun-27;5,50;5.1;32,32;0,46;;1
28/09/26;IAG;CALL;Jun-27;6,25;5.1;31,19;0,28;;2
28/09/26;IAG;CALL;Jun-27;6,50;5.1;30,82;0,23;;1
28/09/26;IAG;CALL;Sep-27;4,40;5.1;32,78;0,74;;25
28/09/26;IAG;CALL;Sep-27;4,50;5.1;32,65;0,72;;25
28/09/26;IAG;CALL;Sep-27;4,80;5.1;32,26;0,65;;1
28/09/26;IAG;CALL;Sep-27;5,00;5.1;32,00;0,60;;1
28/09/26;IAG;CALL;Sep-27;5,25;5.1;31,67;0,54;;5
28/09/26;IAG;CALL;Dic-27;2,00;5.1;37,02;1,00;;25
28/09/26;IAG;CALL;Dic-27;2,10;5.1;36,89;1,00;;25
28/09/26;IAG;CALL;Dic-27;2,20;5.1;36,76;1,00;;25
28/09/26;IAG;CALL;Dic-27;2,30;5.1;36,63;1,00;;25
28/09/26;IAG;CALL;Dic-27;2,40;5.1;36,50;0,99;;25
28/09/26;IAG;CALL;Dic-27;3,70;5.1;34,80;0,86;;1
28/09/26;IAG;CALL;Dic-27;4,10;5.1;34,27;0,79;;25
28/09/26;IAG;CALL;Dic-27;4,50;5.1;33,75;0,71;;1
28/09/26;IAG;CALL;Dic-27;4,80;5.1;33,36;0,65;;2
28/09/26;IAG;CALL;Dic-27;4,90;5.1;33,23;0,63;;1
28/09/26;IAG;CALL;Dic-27;5,00;5.1;33,10;0,61;;4
28/09/26;IAG;CALL;Dic-27;5,25;5.1;32,83;0,55;;2
28/09/26;IAG;CALL;Dic-27;5,75;5.1;32,37;0,45;;4.000
28/09/26;IAG;CALL;Mar-28;6,00;5.1;32,72;0,43;;2
28/09/26;IAG;CALL;Jun-28;5,00;5.1;35,69;0,63;;1
28/09/26;IAG;PUT;Oct-26;4,20;5.1;33,62;;;150
28/09/26;IAG;PUT;Oct-26;4,50;5.1;32,85;-0,04;;20
28/09/26;IAG;PUT;Oct-26;4,70;5.1;32,34;-0,12;;9
28/09/26;IAG;PUT;Oct-26;4,80;5.1;32,09;-0,19;;800
28/09/26;IAG;PUT;Oct-26;4,90;5.1;31,83;-0,27;;10
28/09/26;IAG;PUT;Nov-26;4,80;5.1;33,13;-0,29;;1
28/09/26;IAG;PUT;Dic-26;2,60;5.1;37,71;;;4
28/09/26;IAG;PUT;Dic-26;2,80;5.1;37,23;;;20
28/09/26;IAG;PUT;Dic-26;2,90;5.1;36,98;;;20
28/09/26;IAG;PUT;Dic-26;3,30;5.1;36,02;;;20
28/09/26;IAG;PUT;Dic-26;3,50;5.1;35,53;-0,01;;19
28/09/26;IAG;PUT;Dic-26;3,70;5.1;35,05;-0,02;;4
28/09/26;IAG;PUT;Dic-26;3,80;5.1;34,81;-0,03;;151
28/09/26;IAG;PUT;Dic-26;3,90;5.1;34,56;-0,05;;137
28/09/26;IAG;PUT;Dic-26;4,00;5.1;34,32;-0,06;;847
28/09/26;IAG;PUT;Dic-26;4,10;5.1;34,08;-0,08;;12
28/09/26;IAG;PUT;Dic-26;4,20;5.1;33,84;-0,10;;105
28/09/26;IAG;PUT;Dic-26;4,30;5.1;33,60;-0,13;;7
28/09/26;IAG;PUT;Dic-26;4,40;5.1;33,35;-0,16;;54
28/09/26;IAG;PUT;Dic-26;4,50;5.1;33,11;-0,20;;7
28/09/26;IAG;PUT;Dic-26;4,60;5.1;32,87;-0,24;;7
28/09/26;IAG;PUT;Dic-26;4,70;5.1;32,63;-0,29;;3
28/09/26;IAG;PUT;Dic-26;4,80;5.1;32,39;-0,33;;8
28/09/26;IAG;PUT;Dic-26;4,90;5.1;32,14;-0,38;;6
28/09/26;IAG;PUT;Dic-26;5,00;5.1;31,90;-0,43;;160
28/09/26;IAG;PUT;Dic-26;5,25;5.1;31,37;-0,57;;34
28/09/26;IAG;PUT;Dic-26;5,50;5.1;30,88;-0,69;;16
28/09/26;IAG;PUT;Dic-26;5,75;5.1;30,39;-0,79;;1
28/09/26;IAG;PUT;Dic-26;6,00;5.1;29,90;-0,87;;100
28/09/26;IAG;PUT;Mar-27;3,20;5.1;35,70;-0,02;;40
28/09/26;IAG;PUT;Mar-27;3,50;5.1;35,17;-0,05;;17
28/09/26;IAG;PUT;Mar-27;3,70;5.1;34,82;-0,07;;20
28/09/26;IAG;PUT;Mar-27;4,00;5.1;34,29;-0,13;;4
28/09/26;IAG;PUT;Mar-27;4,10;5.1;34,11;-0,15;;1
28/09/26;IAG;PUT;Mar-27;4,40;5.1;33,58;-0,23;;20
28/09/26;IAG;PUT;Mar-27;4,60;5.1;33,23;-0,29;;25
28/09/26;IAG;PUT;Mar-27;4,70;5.1;33,05;-0,32;;255
28/09/26;IAG;PUT;Mar-27;4,80;5.1;32,87;-0,35;;2
28/09/26;IAG;PUT;Mar-27;5,00;5.1;32,52;-0,42;;13
28/09/26;IAG;PUT;Mar-27;5,25;5.1;32,03;-0,51;;3
28/09/26;IAG;PUT;Mar-27;5,50;5.1;31,50;-0,60;;6
28/09/26;IAG;PUT;Mar-27;5,75;5.1;30,98;-0,69;;1
28/09/26;IAG;PUT;Jun-27;3,50;5.1;34,46;-0,07;;30
28/09/26;IAG;PUT;Jun-27;3,70;5.1;34,17;-0,10;;25
28/09/26;IAG;PUT;Jun-27;4,00;5.1;33,74;-0,16;;3
28/09/26;IAG;PUT;Jun-27;4,10;5.1;33,59;-0,18;;2
28/09/26;IAG;PUT;Jun-27;4,40;5.1;33,16;-0,25;;3
28/09/26;IAG;PUT;Jun-27;4,50;5.1;33,02;-0,27;;1
28/09/26;IAG;PUT;Jun-27;5,00;5.1;32,30;-0,41;;7
28/09/26;IAG;PUT;Jun-27;5,25;5.1;31,93;-0,49;;2
28/09/26;IAG;PUT;Jun-27;5,50;5.1;31,55;-0,56;;3
28/09/26;IAG;PUT;Jun-27;6,00;5.1;30,80;-0,70;;2
28/09/26;IAG;PUT;Sep-27;3,20;5.1;34,03;-0,06;;5
28/09/26;IAG;PUT;Sep-27;4,50;5.1;32,33;-0,29;;2
28/09/26;IAG;PUT;Sep-27;4,80;5.1;31,94;-0,36;;1
28/09/26;IAG;PUT;Sep-27;5,00;5.1;31,68;-0,41;;1
28/09/26;IAG;PUT;Sep-27;5,25;5.1;31,35;-0,47;;3
28/09/26;IAG;PUT;Sep-27;5,50;5.1;31,02;-0,54;;1
28/09/26;IAG;PUT;Dic-27;3,20;5.1;35,00;-0,08;;15.000
28/09/26;IAG;PUT;Dic-27;3,50;5.1;34,61;-0,12;;20
28/09/26;IAG;PUT;Dic-27;4,00;5.1;33,95;-0,20;;26
28/09/26;IAG;PUT;Dic-27;4,60;5.1;33,17;-0,32;;25
28/09/26;IAG;PUT;Dic-27;4,80;5.1;32,91;-0,36;;2
28/09/26;IAG;PUT;Dic-27;4,90;5.1;32,78;-0,38;;4.001
28/09/26;IAG;PUT;Dic-27;5,00;5.1;32,65;-0,40;;4
28/09/26;IAG;PUT;Dic-27;5,25;5.1;32,38;-0,46;;4
28/09/26;IAG;PUT;Dic-27;5,50;5.1;32,15;-0,51;;2
28/09/26;IAG;PUT;Mar-28;3,50;5.1;34,76;-0,13;;25
28/09/26;IAG;PUT;Mar-28;5,00;5.1;33,10;-0,40;;1
28/09/26;IAG;PUT;Jun-28;4,20;5.1;35,11;-0,25;;25
28/09/26;IAG;PUT;Jun-28;4,40;5.1;34,93;-0,28;;25
28/09/26;IAG;CALL;Dic-29;3,40;5.1;41,10;0,74;;2
28/09/26;IBERDROLA;CALL;Oct-26;19,50;20.34;16,84;0,88;1;8
28/09/26;IBERDROLA;CALL;Oct-26;20,00;20.34;16,19;0,70;;2
28/09/26;IBERDROLA;CALL;Oct-26;20,50;20.34;15,74;0,43;;5.008
28/09/26;IBERDROLA;CALL;Oct-26;21,00;20.34;15,70;0,19;;10.001
28/09/26;IBERDROLA;CALL;Oct-26;22,00;20.34;15,61;0,01;;1
28/09/26;IBERDROLA;CALL;Nov-26;18,00;20.34;19,40;0,96;;3
28/09/26;IBERDROLA;CALL;Nov-26;19,00;20.34;18,12;0,86;;1
28/09/26;IBERDROLA;CALL;Nov-26;20,00;20.34;16,84;0,64;;1
28/09/26;IBERDROLA;CALL;Nov-26;20,50;20.34;16,40;0,49;2;2
28/09/26;IBERDROLA;CALL;Nov-26;21,00;20.34;16,39;0,34;;1
28/09/26;IBERDROLA;CALL;Nov-26;21,50;20.34;16,37;0,21;;1
28/09/26;IBERDROLA;CALL;Nov-26;22,00;20.34;16,36;0,12;;52
28/09/26;IBERDROLA;CALL;Dic-26;6,00;20.34;35,33;1,00;;25
28/09/26;IBERDROLA;CALL;Dic-26;14,50;20.34;24,32;1,00;;2
28/09/26;IBERDROLA;CALL;Dic-26;15,00;20.34;23,67;1,00;;4
28/09/26;IBERDROLA;CALL;Dic-26;16,00;20.34;22,38;0,99;;4
28/09/26;IBERDROLA;CALL;Dic-26;17,00;20.34;21,08;0,97;;6.500
28/09/26;IBERDROLA;CALL;Dic-26;17,50;20.34;20,44;0,95;;2
28/09/26;IBERDROLA;CALL;Dic-26;18,00;20.34;19,79;0,92;;6.001
28/09/26;IBERDROLA;CALL;Dic-26;18,50;20.34;19,14;0,88;;32
28/09/26;IBERDROLA;CALL;Dic-26;19,00;20.34;18,49;0,81;;343
28/09/26;IBERDROLA;CALL;Dic-26;19,50;20.34;17,85;0,73;;26.516
28/09/26;IBERDROLA;CALL;Dic-26;20,00;20.34;17,20;0,62;;7.515
28/09/26;IBERDROLA;CALL;Dic-26;20,50;20.34;16,74;0,50;1;40
28/09/26;IBERDROLA;CALL;Dic-26;21,00;20.34;16,68;0,38;;314
28/09/26;IBERDROLA;CALL;Dic-26;21,50;20.34;16,63;0,28;;11
28/09/26;IBERDROLA;CALL;Dic-26;22,00;20.34;16,57;0,19;;142
28/09/26;IBERDROLA;CALL;Dic-26;22,50;20.34;16,51;0,12;;517
28/09/26;IBERDROLA;CALL;Dic-26;23,00;20.34;16,45;0,07;;105
28/09/26;IBERDROLA;CALL;Dic-26;23,50;20.34;16,40;0,04;;6
28/09/26;IBERDROLA;CALL;Dic-26;24,00;20.34;16,34;0,02;;1
28/09/26;IBERDROLA;CALL;Dic-26;25,00;20.34;16,23;;;1
28/09/26;IBERDROLA;CALL;Mar-27;12,00;20.34;26,66;1,00;;5
28/09/26;IBERDROLA;CALL;Mar-27;16,00;20.34;22,33;0,97;;10
28/09/26;IBERDROLA;CALL;Mar-27;16,50;20.34;21,79;0,95;;5
28/09/26;IBERDROLA;CALL;Mar-27;18,00;20.34;20,17;0,86;;4
28/09/26;IBERDROLA;CALL;Mar-27;19,50;20.34;18,55;0,68;;22
28/09/26;IBERDROLA;CALL;Mar-27;20,00;20.34;18,01;0,60;;102
28/09/26;IBERDROLA;CALL;Mar-27;20,50;20.34;17,60;0,51;;8
28/09/26;IBERDROLA;CALL;Mar-27;21,00;20.34;17,48;0,43;;514
28/09/26;IBERDROLA;CALL;Mar-27;22,00;20.34;17,23;0,28;;20
28/09/26;IBERDROLA;CALL;Mar-27;22,50;20.34;17,11;0,21;;4
28/09/26;IBERDROLA;CALL;Mar-27;23,00;20.34;16,99;0,16;;258
28/09/26;IBERDROLA;CALL;Mar-27;24,00;20.34;16,74;0,08;;10
28/09/26;IBERDROLA;CALL;Mar-27;26,00;20.34;16,25;0,02;;17
28/09/26;IBERDROLA;CALL;Jun-27;17,00;20.34;21,27;0,88;;100
28/09/26;IBERDROLA;CALL;Jun-27;17,50;20.34;20,80;0,84;;100
28/09/26;IBERDROLA;CALL;Jun-27;18,00;20.34;20,32;0,80;;1
28/09/26;IBERDROLA;CALL;Jun-27;18,50;20.34;19,85;0,76;;7
28/09/26;IBERDROLA;CALL;Jun-27;19,00;20.34;19,37;0,71;;5.500
28/09/26;IBERDROLA;CALL;Jun-27;19,50;20.34;18,90;0,65;;7
28/09/26;IBERDROLA;CALL;Jun-27;20,00;20.34;18,42;0,59;;105
28/09/26;IBERDROLA;CALL;Jun-27;20,50;20.34;18,06;0,53;;3
28/09/26;IBERDROLA;CALL;Jun-27;21,00;20.34;17,95;0,47;;1.018
28/09/26;IBERDROLA;CALL;Jun-27;22,00;20.34;17,72;0,35;;16
28/09/26;IBERDROLA;CALL;Jun-27;22,50;20.34;17,60;0,29;;1
28/09/26;IBERDROLA;CALL;Jun-27;23,00;20.34;17,49;0,24;;100
28/09/26;IBERDROLA;CALL;Jun-27;24,00;20.34;17,26;0,16;;2
28/09/26;IBERDROLA;CALL;Jun-27;25,00;20.34;17,03;0,10;;150
28/09/26;IBERDROLA;CALL;Sep-27;10,50;20.34;27,05;1,00;;3
28/09/26;IBERDROLA;CALL;Sep-27;16,50;20.34;21,74;0,89;;10.100
28/09/26;IBERDROLA;CALL;Sep-27;17,00;20.34;21,30;0,86;;100
28/09/26;IBERDROLA;CALL;Sep-27;17,50;20.34;20,85;0,83;;100
28/09/26;IBERDROLA;CALL;Sep-27;19,50;20.34;19,08;0,65;;155
28/09/26;IBERDROLA;CALL;Sep-27;20,50;20.34;18,31;0,53;;1
28/09/26;IBERDROLA;CALL;Sep-27;22,00;20.34;17,99;0,37;;5
28/09/26;IBERDROLA;CALL;Dic-27;10,00;20.34;27,27;1,00;;30
28/09/26;IBERDROLA;CALL;Dic-27;13,00;20.34;24,76;0,99;;50
28/09/26;IBERDROLA;CALL;Dic-27;14,00;20.34;23,93;0,97;;5
28/09/26;IBERDROLA;CALL;Dic-27;15,00;20.34;23,09;0,94;;5
28/09/26;IBERDROLA;CALL;Dic-27;16,00;20.34;22,26;0,89;;26
28/09/26;IBERDROLA;CALL;Dic-27;16,50;20.34;21,84;0,86;;25
28/09/26;IBERDROLA;CALL;Dic-27;17,00;20.34;21,42;0,83;;7.530
28/09/26;IBERDROLA;CALL;Dic-27;17,50;20.34;21,00;0,80;;25
28/09/26;IBERDROLA;CALL;Dic-27;18,00;20.34;20,59;0,76;;10.005
28/09/26;IBERDROLA;CALL;Dic-27;18,50;20.34;20,17;0,72;;251
28/09/26;IBERDROLA;CALL;Dic-27;19,00;20.34;19,75;0,68;;157
28/09/26;IBERDROLA;CALL;Dic-27;19,50;20.34;19,33;0,63;;395
28/09/26;IBERDROLA;CALL;Dic-27;20,00;20.34;18,91;0,58;;13.211
28/09/26;IBERDROLA;CALL;Dic-27;21,00;20.34;18,50;0,48;;7.260
28/09/26;IBERDROLA;CALL;Dic-27;22,00;20.34;18,30;0,39;;5.004
28/09/26;IBERDROLA;CALL;Dic-27;23,00;20.34;18,11;0,30;;6
28/09/26;IBERDROLA;CALL;Dic-27;24,00;20.34;17,91;0,23;;2.757
28/09/26;IBERDROLA;CALL;Dic-27;25,00;20.34;17,71;0,17;;2.002
28/09/26;IBERDROLA;CALL;Mar-28;19,00;20.34;19,69;0,67;;1
28/09/26;IBERDROLA;CALL;Mar-28;20,00;20.34;18,88;0,58;;102
28/09/26;IBERDROLA;CALL;Mar-28;21,00;20.34;18,47;0,49;;6
28/09/26;IBERDROLA;CALL;Mar-28;26,00;20.34;17,40;0,14;;1
28/09/26;IBERDROLA;CALL;Jun-28;10,00;20.34;26,75;1,00;;5
28/09/26;IBERDROLA;CALL;Jun-28;20,00;20.34;19,05;0,58;;1
28/09/26;IBERDROLA;CALL;Jun-28;20,50;20.34;18,76;0,54;;1
28/09/26;IBERDROLA;CALL;Jun-28;22,50;20.34;18,40;0,39;;7
28/09/26;IBERDROLA;CALL;Jun-28;28,00;20.34;17,41;0,10;;15
28/09/26;IBERDROLA;CALL;Sep-28;19,50;20.34;19,63;0,62;;75
28/09/26;IBERDROLA;CALL;Sep-28;20,00;20.34;19,27;0,58;25;25
28/09/26;IBERDROLA;CALL;Dic-28;16,00;20.34;21,76;0,85;;5.000
28/09/26;IBERDROLA;CALL;Dic-28;18,00;20.34;20,35;0,73;;500
28/09/26;IBERDROLA;CALL;Dic-28;18,50;20.34;20,00;0,69;;25
28/09/26;IBERDROLA;CALL;Dic-28;19,00;20.34;19,64;0,66;;1
28/09/26;IBERDROLA;CALL;Dic-28;22,00;20.34;18,43;0,44;;1
28/09/26;IBERDROLA;CALL;Dic-28;23,00;20.34;18,26;0,37;;1
28/09/26;IBERDROLA;CALL;Dic-28;24,00;20.34;18,10;0,31;;15
28/09/26;IBERDROLA;CALL;Dic-28;25,00;20.34;17,94;0,26;1;10
28/09/26;IBERDROLA;CALL;Dic-28;26,00;20.34;17,77;0,21;1;1
28/09/26;IBERDROLA;CALL;Dic-29;15,00;20.34;22,27;0,88;;1
28/09/26;IBERDROLA;CALL;Dic-29;18,00;20.34;20,36;0,71;;6.000
28/09/26;IBERDROLA;CALL;Dic-29;19,00;20.34;19,72;0,65;;25
28/09/26;IBERDROLA;CALL;Dic-29;21,50;20.34;18,73;0,50;;1
28/09/26;IBERDROLA;CALL;Dic-29;23,00;20.34;18,55;0,41;;3
28/09/26;IBERDROLA;CALL;Dic-29;25,00;20.34;18,33;0,31;;1
28/09/26;IBERDROLA;CALL;Jun-30;21,00;20.34;19,78;0,54;;1
28/09/26;IBERDROLA;CALL;Dic-30;18,00;20.34;21,88;0,70;;245
28/09/26;IBERDROLA;PUT;Oct-26;19,00;20.34;17,89;-0,04;;5.013
28/09/26;IBERDROLA;PUT;Oct-26;19,50;20.34;17,25;-0,13;;31
28/09/26;IBERDROLA;PUT;Oct-26;20,00;20.34;16,60;-0,31;;23
28/09/26;IBERDROLA;PUT;Oct-26;20,25;20.34;16,28;-0,43;;2
28/09/26;IBERDROLA;PUT;Oct-26;20,50;20.34;16,15;-0,57;;1
28/09/26;IBERDROLA;PUT;Oct-26;21,50;20.34;16,06;-0,95;;1
28/09/26;IBERDROLA;PUT;Nov-26;18,00;20.34;19,00;-0,04;;6
28/09/26;IBERDROLA;PUT;Nov-26;19,00;20.34;17,72;-0,14;;19
28/09/26;IBERDROLA;PUT;Nov-26;19,50;20.34;17,08;-0,23;;23
28/09/26;IBERDROLA;PUT;Nov-26;20,00;20.34;16,44;-0,37;;25.010
28/09/26;IBERDROLA;PUT;Dic-26;9,00;20.34;30,94;;;2.000
28/09/26;IBERDROLA;PUT;Dic-26;9,50;20.34;30,29;;;2
28/09/26;IBERDROLA;PUT;Dic-26;9,75;20.34;29,97;;;25
28/09/26;IBERDROLA;PUT;Dic-26;10,50;20.34;29,00;;;502
28/09/26;IBERDROLA;PUT;Dic-26;11,00;20.34;28,35;;;1.348
28/09/26;IBERDROLA;PUT;Dic-26;11,50;20.34;27,70;;;26
28/09/26;IBERDROLA;PUT;Dic-26;12,00;20.34;27,06;;;10.150
28/09/26;IBERDROLA;PUT;Dic-26;13,00;20.34;25,76;;;21
28/09/26;IBERDROLA;PUT;Dic-26;13,50;20.34;25,12;;;10.000
28/09/26;IBERDROLA;PUT;Dic-26;14,00;20.34;24,47;;;15.010
28/09/26;IBERDROLA;PUT;Dic-26;14,50;20.34;23,82;;;10
28/09/26;IBERDROLA;PUT;Dic-26;15,00;20.34;23,17;;;2
28/09/26;IBERDROLA;PUT;Dic-26;15,50;20.34;22,53;;;30
28/09/26;IBERDROLA;PUT;Dic-26;16,00;20.34;21,88;-0,01;;34.287
28/09/26;IBERDROLA;PUT;Dic-26;16,50;20.34;21,23;-0,01;;255
28/09/26;IBERDROLA;PUT;Dic-26;17,00;20.34;20,58;-0,03;;67.047
28/09/26;IBERDROLA;PUT;Dic-26;17,50;20.34;19,94;-0,04;;10.009
28/09/26;IBERDROLA;PUT;Dic-26;18,00;20.34;19,29;-0,07;;83.783
28/09/26;IBERDROLA;PUT;Dic-26;18,50;20.34;18,64;-0,12;;7.410
28/09/26;IBERDROLA;PUT;Dic-26;19,00;20.34;17,99;-0,18;;2.025
28/09/26;IBERDROLA;PUT;Dic-26;19,50;20.34;17,35;-0,27;;16.528
28/09/26;IBERDROLA;PUT;Dic-26;20,00;20.34;16,70;-0,38;;85.022
28/09/26;IBERDROLA;PUT;Dic-26;20,50;20.34;16,24;-0,51;;1
28/09/26;IBERDROLA;PUT;Dic-26;21,00;20.34;16,18;-0,64;;888
28/09/26;IBERDROLA;PUT;Dic-26;21,50;20.34;16,13;-0,75;;11
28/09/26;IBERDROLA;PUT;Dic-26;22,00;20.34;16,07;-0,85;;3
28/09/26;IBERDROLA;PUT;Mar-27;10,50;20.34;27,10;;;1
28/09/26;IBERDROLA;PUT;Mar-27;14,00;20.34;23,32;-0,01;;1
28/09/26;IBERDROLA;PUT;Mar-27;15,00;20.34;22,24;-0,02;;1
28/09/26;IBERDROLA;PUT;Mar-27;16,00;20.34;21,15;-0,04;;21
28/09/26;IBERDROLA;PUT;Mar-27;16,50;20.34;20,61;-0,06;;4
28/09/26;IBERDROLA;PUT;Mar-27;18,00;20.34;18,99;-0,16;;4
28/09/26;IBERDROLA;PUT;Mar-27;18,50;20.34;18,45;-0,22;;3
28/09/26;IBERDROLA;PUT;Mar-27;19,00;20.34;17,91;-0,28;;5.011
28/09/26;IBERDROLA;PUT;Mar-27;19,50;20.34;17,37;-0,35;;306
28/09/26;IBERDROLA;PUT;Mar-27;20,00;20.34;16,83;-0,43;;80
28/09/26;IBERDROLA;PUT;Mar-27;24,00;20.34;15,56;-0,95;;1
28/09/26;IBERDROLA;PUT;Jun-27;15,00;20.34;22,08;-0,04;;13
28/09/26;IBERDROLA;PUT;Jun-27;15,50;20.34;21,60;-0,05;;2
28/09/26;IBERDROLA;PUT;Jun-27;16,00;20.34;21,13;-0,07;;1.020
28/09/26;IBERDROLA;PUT;Jun-27;16,50;20.34;20,65;-0,10;;12
28/09/26;IBERDROLA;PUT;Jun-27;17,00;20.34;20,17;-0,12;;5.521
28/09/26;IBERDROLA;PUT;Jun-27;17,50;20.34;19,70;-0,16;;5
28/09/26;IBERDROLA;PUT;Jun-27;18,00;20.34;19,22;-0,20;;19
28/09/26;IBERDROLA;PUT;Jun-27;18,50;20.34;18,75;-0,25;;5
28/09/26;IBERDROLA;PUT;Jun-27;19,00;20.34;18,27;-0,30;;9
28/09/26;IBERDROLA;PUT;Jun-27;19,50;20.34;17,80;-0,36;;50
28/09/26;IBERDROLA;PUT;Jun-27;20,00;20.34;17,32;-0,43;;14.023
28/09/26;IBERDROLA;PUT;Jun-27;21,00;20.34;16,85;-0,57;;5
28/09/26;IBERDROLA;PUT;Jun-27;23,00;20.34;16,39;-0,82;;2
28/09/26;IBERDROLA;PUT;Sep-27;16,00;20.34;21,09;-0,11;;35.004
28/09/26;IBERDROLA;PUT;Sep-27;16,50;20.34;20,65;-0,14;;200
28/09/26;IBERDROLA;PUT;Sep-27;17,00;20.34;20,21;-0,17;;105
28/09/26;IBERDROLA;PUT;Sep-27;17,50;20.34;19,76;-0,21;;200
28/09/26;IBERDROLA;PUT;Sep-27;18,00;20.34;19,32;-0,25;;5.300
28/09/26;IBERDROLA;PUT;Sep-27;19,00;20.34;18,44;-0,35;;50
28/09/26;IBERDROLA;PUT;Sep-27;19,50;20.34;17,99;-0,40;;3.050
28/09/26;IBERDROLA;PUT;Sep-27;20,00;20.34;17,55;-0,46;;27
28/09/26;IBERDROLA;PUT;Sep-27;20,50;20.34;17,22;-0,52;;50
28/09/26;IBERDROLA;PUT;Dic-27;9,50;20.34;26,05;;;2.000
28/09/26;IBERDROLA;PUT;Dic-27;10,00;20.34;25,63;;;5
28/09/26;IBERDROLA;PUT;Dic-27;11,50;20.34;24,38;-0,01;;1.800
28/09/26;IBERDROLA;PUT;Dic-27;12,00;20.34;23,96;-0,02;;30.000
28/09/26;IBERDROLA;PUT;Dic-27;13,00;20.34;23,12;-0,03;;35.000
28/09/26;IBERDROLA;PUT;Dic-27;14,00;20.34;22,29;-0,05;;10.000
28/09/26;IBERDROLA;PUT;Dic-27;14,50;20.34;21,87;-0,07;;20.002
28/09/26;IBERDROLA;PUT;Dic-27;16,00;20.34;20,62;-0,13;;25.001
28/09/26;IBERDROLA;PUT;Dic-27;16,50;20.34;20,20;-0,15;;2.002
28/09/26;IBERDROLA;PUT;Dic-27;17,00;20.34;19,78;-0,18;;2.750
28/09/26;IBERDROLA;PUT;Dic-27;17,50;20.34;19,36;-0,22;;460
28/09/26;IBERDROLA;PUT;Dic-27;18,00;20.34;18,95;-0,26;;409
28/09/26;IBERDROLA;PUT;Dic-27;18,50;20.34;18,53;-0,30;;175
28/09/26;IBERDROLA;PUT;Dic-27;19,00;20.34;18,11;-0,35;;1.811
28/09/26;IBERDROLA;PUT;Dic-27;19,50;20.34;17,69;-0,40;;25
28/09/26;IBERDROLA;PUT;Dic-27;20,00;20.34;17,27;-0,45;;9.250
28/09/26;IBERDROLA;PUT;Dic-27;21,00;20.34;16,86;-0,56;;1.250
28/09/26;IBERDROLA;PUT;Dic-27;22,00;20.34;16,66;-0,67;;50
28/09/26;IBERDROLA;PUT;Mar-28;18,00;20.34;18,48;-0,27;;200
28/09/26;IBERDROLA;PUT;Jun-28;13,00;20.34;21,94;-0,04;;150
28/09/26;IBERDROLA;PUT;Jun-28;14,00;20.34;21,17;-0,07;;150
28/09/26;IBERDROLA;PUT;Dic-28;15,00;20.34;19,46;-0,12;;5.000
28/09/26;IBERDROLA;PUT;Dic-28;21,50;20.34;15,51;-0,59;;4.000
28/09/26;IBERDROLA;PUT;Dic-28;24,00;20.34;15,10;-0,77;;1
28/09/26;IBERDROLA;PUT;Dic-29;19,00;20.34;16,18;-0,38;;2
28/09/26;IBERDROLA;PUT;Dic-30;14,50;20.34;18,91;-0,16;;5
28/09/26;IBERDROLA;CALL;Oct-26;20,50;20.34;15,74;0,43;;2.041
28/09/26;IBERDROLA;CALL;Oct-26;21,00;20.34;15,70;0,20;;4.082
28/09/26;IBERDROLA;CALL;Nov-26;20,50;20.34;16,40;0,48;;1
28/09/26;IBERDROLA;CALL;Nov-26;21,00;20.34;16,39;0,34;;4
28/09/26;IBERDROLA;CALL;Dic-26;14,00;20.34;24,97;0,99;;150
28/09/26;IBERDROLA;CALL;Dic-26;14,50;20.34;24,32;0,99;;810
28/09/26;IBERDROLA;CALL;Dic-26;18,00;20.34;19,79;0,92;;10
28/09/26;IBERDROLA;CALL;Dic-26;18,50;20.34;19,14;0,87;;200
28/09/26;IBERDROLA;CALL;Dic-26;19,00;20.34;18,49;0,81;;50
28/09/26;IBERDROLA;CALL;Dic-26;20,00;20.34;17,20;0,62;;10
28/09/26;IBERDROLA;CALL;Dic-26;20,50;20.34;16,74;0,50;;1
28/09/26;IBERDROLA;CALL;Dic-26;21,00;20.34;16,68;0,38;;15
28/09/26;IBERDROLA;CALL;Dic-26;22,00;20.34;16,57;0,19;;17
28/09/26;IBERDROLA;CALL;Mar-27;20,50;20.34;17,60;0,49;;1
28/09/26;IBERDROLA;CALL;Mar-27;21,00;20.34;17,48;0,41;;10
28/09/26;IBERDROLA;CALL;Mar-27;24,00;20.34;16,74;0,08;;10
28/09/26;IBERDROLA;CALL;Jun-27;24,00;20.34;17,26;0,16;;5
28/09/26;IBERDROLA;CALL;Dic-27;12,00;20.34;25,60;0,94;;2.000
28/09/26;IBERDROLA;CALL;Dic-27;17,00;20.34;21,42;0,78;;2
28/09/26;IBERDROLA;CALL;Jun-30;21,00;20.34;19,78;0,48;;1
28/09/26;IBERDROLA;PUT;Oct-26;20,25;20.34;16,28;-0,43;;1
28/09/26;IBERDROLA;PUT;Dic-26;15,00;20.34;23,17;;;600
28/09/26;IBERDROLA;PUT;Dic-26;16,00;20.34;21,88;-0,01;;1
28/09/26;IBERDROLA;PUT;Dic-26;19,00;20.34;17,99;-0,18;;21
28/09/26;IBERDROLA;PUT;Dic-26;19,50;20.34;17,35;-0,27;;4
28/09/26;IBERDROLA;PUT;Dic-26;19,50;20.34;17,35;-0,27;;10
28/09/26;IBERDROLA;PUT;Dic-26;20,00;20.34;16,70;-0,37;;6
28/09/26;IBERDROLA;PUT;Dic-26;21,00;20.34;16,18;-0,62;;10
28/09/26;IBERDROLA;PUT;Dic-26;21,00;20.34;16,18;-0,62;;10
28/09/26;IBERDROLA;PUT;Dic-26;22,00;20.34;16,07;-0,82;;10
28/09/26;IBERDROLA;PUT;Dic-27;12,00;20.34;23,96;-0,02;;2.000
28/09/26;INDITEX;CALL;Oct-26;52,25;53.34;21,68;0,68;;3
28/09/26;INDITEX;CALL;Oct-26;56,11;53.34;20,36;0,14;;1
28/09/26;INDITEX;CALL;Oct-26;61,92;53.34;19,31;;;3
28/09/26;INDITEX;CALL;Oct-26;63,85;53.34;18,96;;;100
28/09/26;INDITEX;CALL;Nov-26;54,17;53.34;21,25;0,44;;1
28/09/26;INDITEX;CALL;Nov-26;56,11;53.34;20,93;0,27;;32
28/09/26;INDITEX;CALL;Nov-26;63,85;53.34;19,67;0,01;;1
28/09/26;INDITEX;CALL;Nov-26;65,78;53.34;19,36;;;100
28/09/26;INDITEX;CALL;Dic-26;35,80;53.34;36,44;1,00;;3
28/09/26;INDITEX;CALL;Dic-26;38,70;53.34;34,50;0,99;;1
28/09/26;INDITEX;CALL;Dic-26;39,67;53.34;33,85;0,98;;50
28/09/26;INDITEX;CALL;Dic-26;40,63;53.34;33,21;0,98;;25
28/09/26;INDITEX;CALL;Dic-26;44,49;53.34;30,63;0,92;;120
28/09/26;INDITEX;CALL;Dic-26;46,44;53.34;29,32;0,87;;26
28/09/26;INDITEX;CALL;Dic-26;47,41;53.34;28,68;0,83;;325
28/09/26;INDITEX;CALL;Dic-26;48,38;53.34;28,03;0,79;;400
28/09/26;INDITEX;CALL;Dic-26;50,00;53.34;26,94;0,72;;2
28/09/26;INDITEX;CALL;Dic-26;50,31;53.34;26,74;0,70;;50
28/09/26;INDITEX;CALL;Dic-26;52,25;53.34;25,44;0,59;;31
28/09/26;INDITEX;CALL;Dic-26;54,17;53.34;24,57;0,47;;57
28/09/26;INDITEX;CALL;Dic-26;56,11;53.34;24,24;0,35;;149
28/09/26;INDITEX;CALL;Dic-26;58,00;53.34;23,92;0,25;;750
28/09/26;INDITEX;CALL;Dic-26;58,05;53.34;23,92;0,24;;660
28/09/26;INDITEX;CALL;Dic-26;59,99;53.34;23,59;0,16;;207
28/09/26;INDITEX;CALL;Dic-26;61,92;53.34;23,26;0,09;;253
28/09/26;INDITEX;CALL;Dic-26;63,85;53.34;22,94;0,05;;212
28/09/26;INDITEX;CALL;Dic-26;65,78;53.34;22,61;0,03;;18
28/09/26;INDITEX;CALL;Dic-26;67,72;53.34;22,28;0,01;;15
28/09/26;INDITEX;CALL;Dic-26;69,66;53.34;21,96;0,01;;10
28/09/26;INDITEX;CALL;Dic-26;71,60;53.34;21,63;;;3
28/09/26;INDITEX;CALL;Mar-27;52,25;53.34;25,74;0,60;;100
28/09/26;INDITEX;CALL;Mar-27;54,17;53.34;24,97;0,51;;3
28/09/26;INDITEX;CALL;Mar-27;58,05;53.34;24,41;0,35;;100
28/09/26;INDITEX;CALL;Mar-27;59,99;53.34;24,13;0,28;;4
28/09/26;INDITEX;CALL;Mar-27;63,85;53.34;23,58;0,16;;410
28/09/26;INDITEX;CALL;Mar-27;65,78;53.34;23,30;0,12;;300
28/09/26;INDITEX;CALL;Mar-27;67,72;53.34;23,02;0,08;;75
28/09/26;INDITEX;CALL;Mar-27;69,66;53.34;22,74;0,06;;25
28/09/26;INDITEX;CALL;Mar-27;71,60;53.34;22,47;0,04;;10
28/09/26;INDITEX;CALL;Mar-27;73,53;53.34;22,19;0,02;;20
28/09/26;INDITEX;CALL;Jun-27;38,70;53.34;33,31;0,92;;150
28/09/26;INDITEX;CALL;Jun-27;45,47;53.34;29,97;0,79;;25
28/09/26;INDITEX;CALL;Jun-27;50,31;53.34;27,58;0,66;;25
28/09/26;INDITEX;CALL;Jun-27;54,17;53.34;25,94;0,53;;1
28/09/26;INDITEX;CALL;Jun-27;58,05;53.34;25,29;0,40;;150
28/09/26;INDITEX;CALL;Jun-27;59,99;53.34;24,96;0,33;;188
28/09/26;INDITEX;CALL;Jun-27;61,92;53.34;24,63;0,28;;100
28/09/26;INDITEX;CALL;Jun-27;69,66;53.34;23,33;0,11;;100
28/09/26;INDITEX;CALL;Jun-27;71,60;53.34;23,00;0,08;;25
28/09/26;INDITEX;CALL;Jun-27;73,53;53.34;22,67;0,06;;50
28/09/26;INDITEX;CALL;Sep-27;54,17;53.34;26,50;0,54;1;2
28/09/26;INDITEX;CALL;Sep-27;59,99;53.34;25,62;0,38;;25
28/09/26;INDITEX;CALL;Sep-27;63,85;53.34;25,04;0,28;;25
28/09/26;INDITEX;CALL;Sep-27;69,66;53.34;24,17;0,17;;1
28/09/26;INDITEX;CALL;Sep-27;71,60;53.34;23,88;0,13;;25
28/09/26;INDITEX;CALL;Dic-27;37,73;53.34;32,32;0,89;;25
28/09/26;INDITEX;CALL;Dic-27;38,70;53.34;31,97;0,88;;1
28/09/26;INDITEX;CALL;Dic-27;39,67;53.34;31,63;0,86;;1
28/09/26;INDITEX;CALL;Dic-27;43,54;53.34;30,25;0,79;;50
28/09/26;INDITEX;CALL;Dic-27;45,47;53.34;29,56;0,76;;25
28/09/26;INDITEX;CALL;Dic-27;47,41;53.34;28,87;0,71;;25
28/09/26;INDITEX;CALL;Dic-27;52,25;53.34;27,15;0,60;;25
28/09/26;INDITEX;CALL;Dic-27;54,17;53.34;26,65;0,55;;25
28/09/26;INDITEX;CALL;Dic-27;58,05;53.34;26,14;0,45;;3
28/09/26;INDITEX;CALL;Dic-27;59,99;53.34;25,89;0,40;;25
28/09/26;INDITEX;CALL;Dic-27;61,92;53.34;25,63;0,36;;175
28/09/26;INDITEX;CALL;Dic-27;63,85;53.34;25,38;0,32;;500
28/09/26;INDITEX;CALL;Dic-27;65,78;53.34;25,13;0,28;;10
28/09/26;INDITEX;CALL;Dic-27;71,60;53.34;24,36;0,17;;1
28/09/26;INDITEX;CALL;Mar-28;33,30;53.34;34,25;0,92;;2
28/09/26;INDITEX;CALL;Mar-28;52,89;53.34;27,40;0,60;;50
28/09/26;INDITEX;CALL;Mar-28;54,86;53.34;27,01;0,55;;75
28/09/26;INDITEX;CALL;Mar-28;56,81;53.34;26,72;0,51;;75
28/09/26;INDITEX;CALL;Mar-28;58,77;53.34;26,43;0,46;;50
28/09/26;INDITEX;CALL;Mar-28;60,73;53.34;26,13;0,42;;25
28/09/26;INDITEX;CALL;Mar-28;64,65;53.34;25,54;0,34;;25
28/09/26;INDITEX;CALL;Mar-28;66,60;53.34;25,25;0,30;;25
28/09/26;INDITEX;CALL;Mar-28;68,56;53.34;24,96;0,27;;25
28/09/26;INDITEX;CALL;Mar-28;70,53;53.34;24,66;0,23;;25
28/09/26;INDITEX;CALL;Mar-28;72,49;53.34;24,37;0,20;;25
28/09/26;INDITEX;CALL;Jun-28;42,12;53.34;31,31;0,80;;25
28/09/26;INDITEX;CALL;Jun-28;43,10;53.34;30,96;0,79;;25
28/09/26;INDITEX;CALL;Jun-28;56,81;53.34;26,88;0,52;;25
28/09/26;INDITEX;CALL;Jun-28;58,77;53.34;26,60;0,48;;50
28/09/26;INDITEX;CALL;Jun-28;66,60;53.34;25,47;0,32;;50
28/09/26;INDITEX;CALL;Jun-28;68,56;53.34;25,19;0,29;;25
28/09/26;INDITEX;CALL;Jun-28;70,53;53.34;24,91;0,26;;25
28/09/26;INDITEX;CALL;Jun-28;72,49;53.34;24,63;0,23;;25
28/09/26;INDITEX;CALL;Sep-28;34,61;53.34;33,51;0,89;;1
28/09/26;INDITEX;CALL;Dic-28;49,44;53.34;28,42;0,67;;2
28/09/26;INDITEX;CALL;Dic-28;67,24;53.34;25,62;0,36;;490
28/09/26;INDITEX;CALL;Dic-29;43,51;53.34;28,51;0,77;;220
28/09/26;INDITEX;PUT;Oct-26;47,41;53.34;25,40;-0,02;;3
28/09/26;INDITEX;PUT;Oct-26;48,38;53.34;24,67;-0,03;;3
28/09/26;INDITEX;PUT;Oct-26;50,00;53.34;23,45;-0,10;;7
28/09/26;INDITEX;PUT;Oct-26;50,31;53.34;23,21;-0,12;1;4
28/09/26;INDITEX;PUT;Oct-26;52,25;53.34;21,74;-0,32;;15
28/09/26;INDITEX;PUT;Oct-26;54,17;53.34;20,77;-0,62;;6
28/09/26;INDITEX;PUT;Oct-26;56,11;53.34;20,42;-0,87;;5
28/09/26;INDITEX;PUT;Nov-26;44,49;53.34;26,98;-0,04;;2
28/09/26;INDITEX;PUT;Nov-26;47,41;53.34;24,81;-0,10;1;1
28/09/26;INDITEX;PUT;Nov-26;48,38;53.34;24,09;-0,14;1;5
28/09/26;INDITEX;PUT;Nov-26;50,00;53.34;22,88;-0,23;1;9
28/09/26;INDITEX;PUT;Nov-26;50,31;53.34;22,65;-0,25;;1
28/09/26;INDITEX;PUT;Nov-26;52,25;53.34;21,21;-0,40;;3
28/09/26;INDITEX;PUT;Nov-26;54,17;53.34;20,27;-0,58;;1
28/09/26;INDITEX;PUT;Dic-26;32,90;53.34;36,79;;;26
28/09/26;INDITEX;PUT;Dic-26;33,87;53.34;36,14;;;21
28/09/26;INDITEX;PUT;Dic-26;34,83;53.34;35,50;;;25
28/09/26;INDITEX;PUT;Dic-26;35,80;53.34;34,85;-0,01;;25
28/09/26;INDITEX;PUT;Dic-26;36,76;53.34;34,21;-0,01;;26
28/09/26;INDITEX;PUT;Dic-26;37,73;53.34;33,56;-0,01;;150
28/09/26;INDITEX;PUT;Dic-26;38,70;53.34;32,91;-0,02;;150
28/09/26;INDITEX;PUT;Dic-26;39,67;53.34;32,26;-0,02;;11
28/09/26;INDITEX;PUT;Dic-26;40,63;53.34;31,62;-0,03;;2
28/09/26;INDITEX;PUT;Dic-26;41,60;53.34;30,97;-0,04;;86
28/09/26;INDITEX;PUT;Dic-26;42,57;53.34;30,32;-0,05;;150
28/09/26;INDITEX;PUT;Dic-26;43,54;53.34;29,67;-0,06;;75
28/09/26;INDITEX;PUT;Dic-26;44,49;53.34;29,04;-0,08;;62
28/09/26;INDITEX;PUT;Dic-26;45,47;53.34;28,38;-0,10;;35
28/09/26;INDITEX;PUT;Dic-26;46,44;53.34;27,73;-0,13;;345
28/09/26;INDITEX;PUT;Dic-26;47,41;53.34;27,09;-0,16;;2.410
28/09/26;INDITEX;PUT;Dic-26;48,38;53.34;26,44;-0,20;;78
28/09/26;INDITEX;PUT;Dic-26;50,00;53.34;25,35;-0,28;;298
28/09/26;INDITEX;PUT;Dic-26;50,31;53.34;25,15;-0,30;;170
28/09/26;INDITEX;PUT;Dic-26;52,25;53.34;23,85;-0,41;;35
28/09/26;INDITEX;PUT;Dic-26;54,17;53.34;22,98;-0,54;;127
28/09/26;INDITEX;PUT;Dic-26;56,11;53.34;22,65;-0,68;;210
28/09/26;INDITEX;PUT;Dic-26;59,99;53.34;22,00;-0,88;;176
28/09/26;INDITEX;PUT;Mar-27;33,87;53.34;34,65;-0,02;;50
28/09/26;INDITEX;PUT;Mar-27;34,83;53.34;34,08;-0,02;;50
28/09/26;INDITEX;PUT;Mar-27;35,80;53.34;33,50;-0,03;;75
28/09/26;INDITEX;PUT;Mar-27;36,76;53.34;32,93;-0,04;;75
28/09/26;INDITEX;PUT;Mar-27;37,73;53.34;32,36;-0,05;;25
28/09/26;INDITEX;PUT;Mar-27;38,70;53.34;31,78;-0,05;;25
28/09/26;INDITEX;PUT;Mar-27;39,67;53.34;31,21;-0,07;;52
28/09/26;INDITEX;PUT;Mar-27;40,63;53.34;30,64;-0,08;;88
28/09/26;INDITEX;PUT;Mar-27;41,60;53.34;30,06;-0,09;;10
28/09/26;INDITEX;PUT;Mar-27;42,57;53.34;29,48;-0,11;;1
28/09/26;INDITEX;PUT;Mar-27;44,49;53.34;28,34;-0,15;;18
28/09/26;INDITEX;PUT;Mar-27;45,47;53.34;27,76;-0,17;;13
28/09/26;INDITEX;PUT;Mar-27;47,41;53.34;26,61;-0,22;;1
28/09/26;INDITEX;PUT;Mar-27;50,00;53.34;25,07;-0,31;;3.012
28/09/26;INDITEX;PUT;Mar-27;50,31;53.34;24,89;-0,33;;402
28/09/26;INDITEX;PUT;Mar-27;52,25;53.34;23,74;-0,41;;200
28/09/26;INDITEX;PUT;Mar-27;54,17;53.34;22,97;-0,50;;5
28/09/26;INDITEX;PUT;Jun-27;26,12;53.34;36,92;-0,01;;1
28/09/26;INDITEX;PUT;Jun-27;30,96;53.34;34,53;-0,02;;150
28/09/26;INDITEX;PUT;Jun-27;33,87;53.34;33,09;-0,04;;200
28/09/26;INDITEX;PUT;Jun-27;34,83;53.34;32,62;-0,05;;180
28/09/26;INDITEX;PUT;Jun-27;36,76;53.34;31,67;-0,07;;25
28/09/26;INDITEX;PUT;Jun-27;38,70;53.34;30,71;-0,09;;150
28/09/26;INDITEX;PUT;Jun-27;39,67;53.34;30,23;-0,10;;101
28/09/26;INDITEX;PUT;Jun-27;41,60;53.34;29,28;-0,13;;176
28/09/26;INDITEX;PUT;Jun-27;42,57;53.34;28,80;-0,15;;150
28/09/26;INDITEX;PUT;Jun-27;43,54;53.34;28,32;-0,17;;150
28/09/26;INDITEX;PUT;Jun-27;44,49;53.34;27,85;-0,19;;50
28/09/26;INDITEX;PUT;Jun-27;46,44;53.34;26,89;-0,24;;25
28/09/26;INDITEX;PUT;Jun-27;47,41;53.34;26,41;-0,27;;153
28/09/26;INDITEX;PUT;Jun-27;48,38;53.34;25,93;-0,30;;150
28/09/26;INDITEX;PUT;Jun-27;50,00;53.34;25,13;-0,35;;10
28/09/26;INDITEX;PUT;Jun-27;50,31;53.34;24,98;-0,36;;3
28/09/26;INDITEX;PUT;Jun-27;52,25;53.34;24,02;-0,43;;150
28/09/26;INDITEX;PUT;Jun-27;56,11;53.34;23,01;-0,58;;25
28/09/26;INDITEX;PUT;Jun-27;65,78;53.34;21,38;-0,87;;1
28/09/26;INDITEX;PUT;Sep-27;43,54;53.34;28,01;-0,19;;25
28/09/26;INDITEX;PUT;Sep-27;44,49;53.34;27,62;-0,21;;25
28/09/26;INDITEX;PUT;Sep-27;45,47;53.34;27,23;-0,23;;25
28/09/26;INDITEX;PUT;Sep-27;46,44;53.34;26,83;-0,26;;26
28/09/26;INDITEX;PUT;Sep-27;50,00;53.34;25,39;-0,35;;10
28/09/26;INDITEX;PUT;Sep-27;73,53;53.34;21,00;-0,96;;1
28/09/26;INDITEX;PUT;Dic-27;21,29;53.34;35,74;-0,01;;2
28/09/26;INDITEX;PUT;Dic-27;33,87;53.34;31,26;-0,07;;100
28/09/26;INDITEX;PUT;Dic-27;36,76;53.34;30,23;-0,10;;25
28/09/26;INDITEX;PUT;Dic-27;37,73;53.34;29,88;-0,11;;25
28/09/26;INDITEX;PUT;Dic-27;39,67;53.34;29,19;-0,14;;1
28/09/26;INDITEX;PUT;Dic-27;43,54;53.34;27,81;-0,20;;10
28/09/26;INDITEX;PUT;Dic-27;45,47;53.34;27,12;-0,24;;1.100
28/09/26;INDITEX;PUT;Dic-27;46,44;53.34;26,78;-0,27;;150
28/09/26;INDITEX;PUT;Dic-27;47,41;53.34;26,43;-0,29;;325
28/09/26;INDITEX;PUT;Dic-27;48,38;53.34;26,09;-0,31;;175
28/09/26;INDITEX;PUT;Dic-27;50,31;53.34;25,40;-0,36;;352
28/09/26;INDITEX;PUT;Dic-27;52,25;53.34;24,71;-0,42;;375
28/09/26;INDITEX;PUT;Dic-27;54,17;53.34;24,21;-0,47;;450
28/09/26;INDITEX;PUT;Dic-27;56,11;53.34;23,96;-0,53;;500
28/09/26;INDITEX;PUT;Dic-27;58,05;53.34;23,70;-0,59;;50
28/09/26;INDITEX;PUT;Dic-27;59,99;53.34;23,45;-0,64;;25
28/09/26;INDITEX;PUT;Mar-28;47,02;53.34;26,43;-0,28;;1
28/09/26;INDITEX;PUT;Jun-28;43,10;53.34;27,57;-0,22;;25
28/09/26;INDITEX;PUT;Jun-28;44,08;53.34;27,23;-0,23;;25
28/09/26;INDITEX;PUT;Jun-28;45,06;53.34;26,89;-0,25;;25
28/09/26;INDITEX;PUT;Jun-28;47,99;53.34;25,86;-0,31;;25
28/09/26;INDITEX;PUT;Dic-28;51,42;53.34;24,62;-0,38;;25
28/09/26;INDITEX;PUT;Dic-29;43,51;53.34;26,28;-0,24;;220
28/09/26;INDITEX;CALL;Oct-26;61,30;53.34;19,42;;;5.945
28/09/26;INDITEX;CALL;Oct-26;63,85;53.34;18,96;;;1
28/09/26;INDITEX;CALL;Nov-26;63,85;53.34;19,67;0,01;;4
28/09/26;INDITEX;CALL;Dic-26;54,17;53.34;24,57;0,47;;2
28/09/26;INDITEX;CALL;Dic-26;56,11;53.34;24,24;0,35;;15
28/09/26;INDITEX;CALL;Dic-26;58,05;53.34;23,92;0,24;;8
28/09/26;INDITEX;PUT;Oct-26;51,42;53.34;22,37;-0,22;;5
28/09/26;INDITEX;PUT;Oct-26;52,25;53.34;21,74;-0,32;;2
28/09/26;INDITEX;PUT;Oct-26;54,17;53.34;20,77;-0,61;;3
28/09/26;INDITEX;PUT;Oct-26;56,11;53.34;20,42;-0,85;;1
28/09/26;INDITEX;PUT;Nov-26;52,25;53.34;21,21;-0,39;;1
28/09/26;INDITEX;PUT;Dic-26;42,57;53.34;30,32;-0,05;;140
28/09/26;INDITEX;PUT;Dic-26;46,44;53.34;27,73;-0,13;;1
28/09/26;INDITEX;PUT;Dic-26;54,17;53.34;22,98;-0,53;;23
28/09/26;INDITEX;PUT;Mar-27;42,57;53.34;29,48;-0,11;;1
28/09/26;INDITEX;PUT;Jun-27;54,17;53.34;23,34;-0,48;;12
28/09/26;INDITEX;PUT;Dic-27;59,99;53.34;23,45;-0,59;;10
28/09/26;INDRA;CALL;Oct-26;60,00;60.08;41,78;0,53;;129
28/09/26;INDRA;CALL;Oct-26;62,00;60.08;41,24;0,39;;22
28/09/26;INDRA;CALL;Oct-26;64,00;60.08;40,72;0,26;1;3
28/09/26;INDRA;CALL;Oct-26;66,00;60.08;40,20;0,16;;16
28/09/26;INDRA;CALL;Oct-26;68,00;60.08;39,67;0,09;;12
28/09/26;INDRA;CALL;Oct-26;70,00;60.08;39,15;0,04;;12
28/09/26;INDRA;CALL;Oct-26;72,00;60.08;38,63;0,02;;8
28/09/26;INDRA;CALL;Oct-26;74,00;60.08;38,11;0,01;;8
28/09/26;INDRA;CALL;Oct-26;86,00;60.08;34,98;;;4
28/09/26;INDRA;CALL;Nov-26;60,00;60.08;42,94;0,54;;1
28/09/26;INDRA;CALL;Nov-26;70,00;60.08;40,93;0,19;;5
28/09/26;INDRA;CALL;Nov-26;72,00;60.08;40,53;0,14;443;443
28/09/26;INDRA;CALL;Nov-26;78,00;60.08;39,33;0,05;;2
28/09/26;INDRA;CALL;Nov-26;80,00;60.08;38,93;0,03;2;7
28/09/26;INDRA;CALL;Dic-26;30,00;60.08;53,72;1,00;;25
28/09/26;INDRA;CALL;Dic-26;31,00;60.08;53,34;1,00;;25
28/09/26;INDRA;CALL;Dic-26;32,00;60.08;52,96;1,00;;25
28/09/26;INDRA;CALL;Dic-26;35,00;60.08;51,83;0,99;;25
28/09/26;INDRA;CALL;Dic-26;45,00;60.08;48,06;0,92;;21
28/09/26;INDRA;CALL;Dic-26;47,00;60.08;47,30;0,89;;4
28/09/26;INDRA;CALL;Dic-26;48,00;60.08;46,93;0,87;;5
28/09/26;INDRA;CALL;Dic-26;50,00;60.08;46,17;0,84;;5
28/09/26;INDRA;CALL;Dic-26;52,00;60.08;45,42;0,79;;3
28/09/26;INDRA;CALL;Dic-26;54,00;60.08;44,66;0,74;;130
28/09/26;INDRA;CALL;Dic-26;56,00;60.08;43,91;0,68;;50
28/09/26;INDRA;CALL;Dic-26;58,00;60.08;43,15;0,62;;82
28/09/26;INDRA;CALL;Dic-26;60,00;60.08;42,40;0,55;;196
28/09/26;INDRA;CALL;Dic-26;62,00;60.08;42,26;0,49;;4
28/09/26;INDRA;CALL;Dic-26;64,00;60.08;42,15;0,42;;14
28/09/26;INDRA;CALL;Dic-26;66,00;60.08;42,04;0,37;;87
28/09/26;INDRA;CALL;Dic-26;68,00;60.08;41,93;0,31;;12
28/09/26;INDRA;CALL;Dic-26;70,00;60.08;41,82;0,26;;20
28/09/26;INDRA;CALL;Dic-26;72,00;60.08;41,71;0,21;;1
28/09/26;INDRA;CALL;Dic-26;74,00;60.08;41,60;0,18;;15
28/09/26;INDRA;CALL;Mar-27;38,00;60.08;50,09;0,94;;28
28/09/26;INDRA;CALL;Mar-27;49,00;60.08;45,88;0,80;;1
28/09/26;INDRA;CALL;Mar-27;60,00;60.08;41,67;0,58;;1
28/09/26;INDRA;CALL;Mar-27;62,00;60.08;41,11;0,53;;26
28/09/26;INDRA;CALL;Mar-27;64,00;60.08;40,55;0,48;;2
28/09/26;INDRA;CALL;Mar-27;70,00;60.08;38,89;0,35;;11
28/09/26;INDRA;CALL;Jun-27;41,00;60.08;47,06;0,89;;6
28/09/26;INDRA;CALL;Jun-27;50,00;60.08;44,32;0,77;;1
28/09/26;INDRA;CALL;Jun-27;60,00;60.08;41,26;0,59;;3
28/09/26;INDRA;CALL;Jun-27;66,00;60.08;40,48;0,48;;1
28/09/26;INDRA;CALL;Jun-27;70,00;60.08;39,97;0,41;;11
28/09/26;INDRA;CALL;Sep-27;20,00;60.08;52,93;0,99;;1
28/09/26;INDRA;CALL;Sep-27;33,00;60.08;49,25;0,94;;2
28/09/26;INDRA;CALL;Sep-27;36,00;60.08;48,40;0,91;;1
28/09/26;INDRA;CALL;Sep-27;58,00;60.08;42,18;0,64;;1
28/09/26;INDRA;CALL;Dic-27;38,00;60.08;47,58;0,88;;1
28/09/26;INDRA;CALL;Sep-28;52,00;60.08;39,12;0,74;;25
28/09/26;INDRA;CALL;Dic-28;62,00;60.08;36,75;0,63;;25
28/09/26;INDRA;PUT;Oct-26;38,00;60.08;50,44;;;5
28/09/26;INDRA;PUT;Oct-26;44,00;60.08;47,71;;;1
28/09/26;INDRA;PUT;Oct-26;46,00;60.08;46,80;;;2
28/09/26;INDRA;PUT;Oct-26;47,00;60.08;46,34;-0,01;;1
28/09/26;INDRA;PUT;Oct-26;48,00;60.08;45,89;-0,01;;3
28/09/26;INDRA;PUT;Oct-26;50,00;60.08;44,98;-0,03;;4
28/09/26;INDRA;PUT;Oct-26;52,00;60.08;44,07;-0,06;;1
28/09/26;INDRA;PUT;Oct-26;54,00;60.08;43,16;-0,12;;12
28/09/26;INDRA;PUT;Oct-26;56,00;60.08;42,25;-0,21;1;12
28/09/26;INDRA;PUT;Oct-26;58,00;60.08;41,34;-0,33;2;51
28/09/26;INDRA;PUT;Oct-26;60,00;60.08;40,43;-0,47;;26
28/09/26;INDRA;PUT;Oct-26;62,00;60.08;39,89;-0,62;;16
28/09/26;INDRA;PUT;Oct-26;64,00;60.08;39,37;-0,75;;3
28/09/26;INDRA;PUT;Oct-26;72,00;60.08;37,28;-0,99;;3
28/09/26;INDRA;PUT;Nov-26;42,00;60.08;50,23;-0,02;;5
28/09/26;INDRA;PUT;Nov-26;47,00;60.08;48,10;-0,07;;1
28/09/26;INDRA;PUT;Nov-26;50,00;60.08;46,82;-0,13;;5
28/09/26;INDRA;PUT;Nov-26;52,00;60.08;45,96;-0,18;;2
28/09/26;INDRA;PUT;Nov-26;58,00;60.08;43,40;-0,38;3;6
28/09/26;INDRA;PUT;Dic-26;28,00;60.08;54,12;;;1
28/09/26;INDRA;PUT;Dic-26;30,00;60.08;53,37;;;5
28/09/26;INDRA;PUT;Dic-26;31,00;60.08;52,99;;;1
28/09/26;INDRA;PUT;Dic-26;32,00;60.08;52,61;;;10
28/09/26;INDRA;PUT;Dic-26;35,00;60.08;51,48;-0,01;;1
28/09/26;INDRA;PUT;Dic-26;37,00;60.08;50,73;-0,01;;6
28/09/26;INDRA;PUT;Dic-26;38,00;60.08;50,35;-0,02;;1
28/09/26;INDRA;PUT;Dic-26;40,00;60.08;49,60;-0,03;;11
28/09/26;INDRA;PUT;Dic-26;42,00;60.08;48,84;-0,05;;10
28/09/26;INDRA;PUT;Dic-26;44,00;60.08;48,09;-0,07;;4
28/09/26;INDRA;PUT;Dic-26;45,00;60.08;47,71;-0,08;;2
28/09/26;INDRA;PUT;Dic-26;46,00;60.08;47,33;-0,09;;7
28/09/26;INDRA;PUT;Dic-26;47,00;60.08;46,95;-0,11;;9
28/09/26;INDRA;PUT;Dic-26;48,00;60.08;46,58;-0,13;;22
28/09/26;INDRA;PUT;Dic-26;50,00;60.08;45,82;-0,16;;50
28/09/26;INDRA;PUT;Dic-26;52,00;60.08;45,07;-0,21;;78
28/09/26;INDRA;PUT;Dic-26;54,00;60.08;44,31;-0,26;;126
28/09/26;INDRA;PUT;Dic-26;58,00;60.08;42,80;-0,38;;25
28/09/26;INDRA;PUT;Dic-26;60,00;60.08;42,05;-0,45;;50
28/09/26;INDRA;PUT;Dic-26;62,00;60.08;41,91;-0,52;;35
28/09/26;INDRA;PUT;Dic-26;70,00;60.08;41,47;-0,75;;1
28/09/26;INDRA;PUT;Mar-27;37,00;60.08;50,20;-0,05;;2
28/09/26;INDRA;PUT;Mar-27;39,00;60.08;49,43;-0,07;;1
28/09/26;INDRA;PUT;Mar-27;42,00;60.08;48,28;-0,10;;2
28/09/26;INDRA;PUT;Mar-27;43,00;60.08;47,90;-0,11;;1
28/09/26;INDRA;PUT;Mar-27;45,00;60.08;47,13;-0,14;;1
28/09/26;INDRA;PUT;Mar-27;49,00;60.08;45,60;-0,20;;10
28/09/26;INDRA;PUT;Mar-27;50,00;60.08;45,22;-0,22;;10
28/09/26;INDRA;PUT;Mar-27;52,00;60.08;44,45;-0,26;;1
28/09/26;INDRA;PUT;Mar-27;54,00;60.08;43,69;-0,30;;1
28/09/26;INDRA;PUT;Mar-27;60,00;60.08;41,39;-0,43;;3
28/09/26;INDRA;PUT;Jun-27;32,00;60.08;49,78;-0,04;;1
28/09/26;INDRA;PUT;Jun-27;50,00;60.08;44,29;-0,24;;1
28/09/26;INDRA;PUT;Jun-27;52,00;60.08;43,68;-0,27;;1
28/09/26;INDRA;PUT;Jun-27;58,00;60.08;41,84;-0,38;;12
28/09/26;INDRA;PUT;Jun-27;60,00;60.08;41,23;-0,41;;4
28/09/26;INDRA;PUT;Jun-27;62,00;60.08;40,96;-0,45;;3
28/09/26;INDRA;PUT;Sep-27;31,00;60.08;49,77;-0,05;1;2
28/09/26;INDRA;PUT;Sep-27;33,00;60.08;49,20;-0,06;;1
28/09/26;INDRA;PUT;Sep-27;34,00;60.08;48,92;-0,07;;1
28/09/26;INDRA;PUT;Sep-27;36,00;60.08;48,35;-0,09;;1
28/09/26;INDRA;PUT;Sep-27;40,00;60.08;47,22;-0,12;;1
28/09/26;INDRA;PUT;Sep-27;45,00;60.08;45,81;-0,18;;15
28/09/26;INDRA;PUT;Sep-27;56,00;60.08;42,69;-0,34;;1
28/09/26;INDRA;PUT;Dic-27;11,00;60.08;55,43;;;25
28/09/26;INDRA;PUT;Dic-27;38,00;60.08;47,35;-0,12;;1
28/09/26;INDRA;PUT;Dic-27;44,00;60.08;45,55;-0,18;;500
28/09/26;INDRA;PUT;Sep-28;47,00;60.08;39,73;-0,21;;25
28/09/26;INDRA;CALL;Dic-26;41,00;60.08;49,57;0,96;;5
28/09/26;INDRA;CALL;Dic-26;48,00;60.08;46,93;0,87;;5
28/09/26;INDRA;CALL;Dic-26;60,00;60.08;42,40;0,55;;100
28/09/26;INDRA;CALL;Dic-26;64,00;60.08;42,15;0,42;;5
28/09/26;INDRA;CALL;Dic-26;70,00;60.08;41,82;0,26;;5
28/09/26;INDRA;PUT;Dic-26;50,00;60.08;45,82;-0,16;;5
28/09/26;LABORAT. ROVI;CALL;Oct-26;58,00;59.95;23,94;0,75;;10
28/09/26;LABORAT. ROVI;CALL;Oct-26;60,00;59.95;23,06;0,51;;1
28/09/26;LABORAT. ROVI;CALL;Oct-26;62,00;59.95;22,93;0,27;;2
28/09/26;LABORAT. ROVI;CALL;Nov-26;60,00;59.95;26,82;0,53;;5
28/09/26;LABORAT. ROVI;CALL;Nov-26;62,00;59.95;26,71;0,40;;1
28/09/26;LABORAT. ROVI;CALL;Nov-26;64,00;59.95;26,59;0,29;;1
28/09/26;LABORAT. ROVI;CALL;Dic-26;60,00;59.95;26,57;0,54;;4
28/09/26;LABORAT. ROVI;CALL;Dic-26;62,00;59.95;26,41;0,44;;15
28/09/26;LABORAT. ROVI;CALL;Dic-26;66,00;59.95;26,10;0,25;;751
28/09/26;LABORAT. ROVI;CALL;Dic-26;70,00;59.95;25,79;0,12;;9
28/09/26;LABORAT. ROVI;CALL;Dic-26;80,00;59.95;25,01;0,01;;15
28/09/26;LABORAT. ROVI;CALL;Dic-26;82,00;59.95;24,85;;;15
28/09/26;LABORAT. ROVI;CALL;Dic-26;84,00;59.95;24,70;;;15
28/09/26;LABORAT. ROVI;CALL;Dic-26;86,00;59.95;24,54;;;15
28/09/26;LABORAT. ROVI;CALL;Dic-26;88,00;59.95;24,39;;;14
28/09/26;LABORAT. ROVI;CALL;Dic-26;90,00;59.95;24,23;;;14
28/09/26;LABORAT. ROVI;CALL;Dic-26;92,00;59.95;24,08;;;5
28/09/26;LABORAT. ROVI;CALL;Dic-26;96,00;59.95;23,76;;;5
28/09/26;LABORAT. ROVI;CALL;Dic-26;100,00;59.95;23,45;;;5
28/09/26;LABORAT. ROVI;CALL;Mar-27;70,00;59.95;26,17;0,24;;2
28/09/26;LABORAT. ROVI;CALL;Mar-27;88,00;59.95;23,97;0,01;;10
28/09/26;LABORAT. ROVI;CALL;Jun-27;56,00;59.95;28,79;0,69;;18
28/09/26;LABORAT. ROVI;CALL;Jun-27;60,00;59.95;27,75;0,58;;1
28/09/26;LABORAT. ROVI;CALL;Jun-27;80,00;59.95;25,31;0,13;;16
28/09/26;LABORAT. ROVI;PUT;Oct-26;54,00;59.95;26,42;-0,03;;5
28/09/26;LABORAT. ROVI;PUT;Oct-26;58,00;59.95;24,62;-0,26;;20
28/09/26;LABORAT. ROVI;PUT;Nov-26;52,00;59.95;30,60;-0,10;;1
28/09/26;LABORAT. ROVI;PUT;Nov-26;56,00;59.95;28,75;-0,24;;10
28/09/26;LABORAT. ROVI;PUT;Dic-26;40,00;59.95;34,94;;;1
28/09/26;LABORAT. ROVI;PUT;Dic-26;50,00;59.95;30,82;-0,09;;2
28/09/26;LABORAT. ROVI;PUT;Dic-26;52,00;59.95;30,00;-0,13;1;1
28/09/26;LABORAT. ROVI;PUT;Dic-26;54,00;59.95;29,18;-0,19;;7
28/09/26;LABORAT. ROVI;PUT;Dic-26;56,00;59.95;28,36;-0,27;;6
28/09/26;LABORAT. ROVI;PUT;Dic-26;58,00;59.95;27,53;-0,36;;7
28/09/26;LABORAT. ROVI;PUT;Dic-26;60,00;59.95;26,73;-0,47;;55
28/09/26;LABORAT. ROVI;PUT;Dic-26;62,00;59.95;26,57;-0,57;;1.500
28/09/26;LABORAT. ROVI;PUT;Dic-26;66,00;59.95;26,26;-0,76;;10
28/09/26;LABORAT. ROVI;PUT;Dic-26;68,00;59.95;26,10;-0,84;;65
28/09/26;LABORAT. ROVI;PUT;Mar-27;50,00;59.95;30,28;-0,15;;2
28/09/26;LABORAT. ROVI;PUT;Mar-27;54,00;59.95;29,03;-0,25;;5
28/09/26;LABORAT. ROVI;PUT;Mar-27;56,00;59.95;28,41;-0,31;;6
28/09/26;LABORAT. ROVI;PUT;Mar-27;58,00;59.95;27,79;-0,38;;7
28/09/26;LABORAT. ROVI;PUT;Mar-27;60,00;59.95;27,17;-0,45;;8
28/09/26;LABORAT. ROVI;PUT;Mar-27;62,00;59.95;26,93;-0,52;;2
28/09/26;LABORAT. ROVI;PUT;Jun-27;43,00;59.95;32,18;-0,08;;10
28/09/26;LABORAT. ROVI;PUT;Jun-27;44,00;59.95;31,92;-0,09;;20
28/09/26;LABORAT. ROVI;PUT;Jun-27;45,00;59.95;31,66;-0,10;;5
28/09/26;LABORAT. ROVI;PUT;Jun-27;54,00;59.95;29,30;-0,27;;1
28/09/26;LABORAT. ROVI;PUT;Jun-27;58,00;59.95;28,26;-0,38;;1
28/09/26;LABORAT. ROVI;PUT;Jun-27;60,00;59.95;27,74;-0,43;;14
28/09/26;LABORAT. ROVI;PUT;Jun-27;70,00;59.95;26,52;-0,72;;1
28/09/26;LABORAT. ROVI;PUT;Mar-27;50,00;59.95;30,28;-0,15;;3
28/09/26;MAPFRE;CALL;Oct-26;4,50;4.31;17,93;0,15;;1
28/09/26;MAPFRE;CALL;Oct-26;4,60;4.31;17,85;0,06;;10
28/09/26;MAPFRE;CALL;Nov-26;4,40;4.31;19,58;0,43;;3
28/09/26;MAPFRE;CALL;Nov-26;4,50;4.31;19,49;0,31;;1
28/09/26;MAPFRE;CALL;Nov-26;4,60;4.31;19,41;0,22;;20
28/09/26;MAPFRE;CALL;Dic-26;3,90;4.31;20,18;0,90;;5
28/09/26;MAPFRE;CALL;Dic-26;4,10;4.31;20,10;0,75;;35
28/09/26;MAPFRE;CALL;Dic-26;4,40;4.31;19,95;0,44;;10
28/09/26;MAPFRE;CALL;Dic-26;4,50;4.31;19,86;0,34;;13
28/09/26;MAPFRE;CALL;Mar-27;4,00;4.31;20,98;0,74;;1
28/09/26;MAPFRE;CALL;Mar-27;4,30;4.31;20,86;0,53;;1
28/09/26;MAPFRE;CALL;Mar-27;4,90;4.31;20,45;0,19;;30
28/09/26;MAPFRE;CALL;Jun-27;4,20;4.31;22,01;0,59;;7
28/09/26;MAPFRE;CALL;Jun-27;4,30;4.31;21,97;0,54;;8
28/09/26;MAPFRE;CALL;Jun-27;4,50;4.31;21,85;0,44;;2
28/09/26;MAPFRE;CALL;Jun-27;4,60;4.31;21,79;0,39;;1
28/09/26;MAPFRE;CALL;Jun-27;5,00;4.31;21,54;0,22;;1
28/09/26;MAPFRE;CALL;Dic-27;5,00;4.31;24,04;0,31;;5
28/09/26;MAPFRE;PUT;Oct-26;4,30;4.31;20,82;-0,46;;14
28/09/26;MAPFRE;PUT;Nov-26;4,50;4.31;21,60;-0,68;;1
28/09/26;MAPFRE;PUT;Dic-26;3,20;4.31;21,41;;;2
28/09/26;MAPFRE;PUT;Dic-26;3,60;4.31;21,26;-0,04;;3
28/09/26;MAPFRE;PUT;Dic-26;3,70;4.31;21,22;-0,07;;116
28/09/26;MAPFRE;PUT;Dic-26;3,80;4.31;21,18;-0,12;;20
28/09/26;MAPFRE;PUT;Dic-26;4,00;4.31;21,10;-0,25;;5
28/09/26;MAPFRE;PUT;Dic-26;4,10;4.31;21,06;-0,34;;2
28/09/26;MAPFRE;PUT;Dic-26;4,20;4.31;21,02;-0,43;;50
28/09/26;MAPFRE;PUT;Dic-26;4,30;4.31;20,98;-0,53;;11
28/09/26;MAPFRE;PUT;Dic-26;4,50;4.31;20,82;-0,70;;20
28/09/26;MAPFRE;PUT;Mar-27;3,50;4.31;20,40;-0,07;;4
28/09/26;MAPFRE;PUT;Mar-27;3,60;4.31;20,37;-0,10;;1
28/09/26;MAPFRE;PUT;Mar-27;3,70;4.31;20,33;-0,13;;5
28/09/26;MAPFRE;PUT;Mar-27;4,00;4.31;20,21;-0,29;;3.000
28/09/26;MAPFRE;PUT;Mar-27;4,40;4.31;20,03;-0,57;;1
28/09/26;MAPFRE;PUT;Dic-27;3,60;4.31;22,22;-0,23;;10
28/09/26;MELIA HOTELS;CALL;Dic-26;10,00;10.0;29,51;0,54;;20
28/09/26;MELIA HOTELS;CALL;Dic-26;11,00;10.0;28,61;0,28;;15
28/09/26;MELIA HOTELS;CALL;Dic-26;11,50;10.0;28,16;0,17;;3
28/09/26;MELIA HOTELS;CALL;Dic-26;13,00;10.0;26,81;0,02;;35
28/09/26;MELIA HOTELS;CALL;Mar-27;7,75;10.0;32,52;0,91;;8
28/09/26;MELIA HOTELS;CALL;Mar-27;8,75;10.0;31,15;0,78;;5
28/09/26;MELIA HOTELS;CALL;Mar-27;10,00;10.0;29,44;0,57;;1.900
28/09/26;MELIA HOTELS;CALL;Mar-27;12,00;10.0;27,97;0,22;;400
28/09/26;MELIA HOTELS;CALL;Mar-27;12,50;10.0;27,61;0,16;;50
28/09/26;MELIA HOTELS;CALL;Jun-27;7,50;10.0;31,55;0,90;;5
28/09/26;MELIA HOTELS;CALL;Jun-27;7,75;10.0;31,30;0,88;;5
28/09/26;MELIA HOTELS;CALL;Sep-27;7,25;10.0;31,20;0,91;;5
28/09/26;MELIA HOTELS;CALL;Dic-27;7,00;10.0;30,93;0,91;;2
28/09/26;MELIA HOTELS;PUT;Oct-26;9,50;10.0;28,37;-0,19;;4
28/09/26;MELIA HOTELS;PUT;Dic-26;8,25;10.0;31,95;-0,08;;30
28/09/26;MELIA HOTELS;PUT;Dic-26;11,00;10.0;28,07;-0,74;;20
28/09/26;MELIA HOTELS;PUT;Mar-27;9,25;10.0;30,07;-0,30;;50
28/09/26;MELIA HOTELS;PUT;Mar-27;9,50;10.0;29,72;-0,34;;100
28/09/26;MELIA HOTELS;PUT;Mar-27;9,75;10.0;29,38;-0,39;;25
28/09/26;MELIA HOTELS;PUT;Mar-27;10,00;10.0;29,04;-0,44;;100
28/09/26;MELIA HOTELS;PUT;Mar-27;11,00;10.0;28,31;-0,64;;23
28/09/26;MELIA HOTELS;PUT;Jun-27;8,75;10.0;29,44;-0,23;;2
28/09/26;MERLIN;CALL;Oct-26;13,00;12.23;21,39;0,11;;10
28/09/26;MERLIN;CALL;Nov-26;11,00;12.23;25,01;0,88;;5
28/09/26;MERLIN;CALL;Nov-26;13,50;12.23;21,71;0,13;;5
28/09/26;MERLIN;CALL;Nov-26;14,00;12.23;21,44;0,06;;5
28/09/26;MERLIN;CALL;Nov-26;14,50;12.23;21,16;0,02;;5
28/09/26;MERLIN;CALL;Dic-26;16,50;12.23;20,81;;;14.693
28/09/26;MERLIN;CALL;Mar-27;14,50;12.23;23,02;0,15;;5
28/09/26;MERLIN;CALL;Mar-27;16,00;12.23;22,41;0,05;;3
28/09/26;MERLIN;CALL;Jun-27;13,50;12.23;23,10;0,33;;1
28/09/26;MERLIN;PUT;Oct-26;11,50;12.23;25,34;-0,13;;12
28/09/26;MERLIN;PUT;Oct-26;12,00;12.23;24,29;-0,35;;1
28/09/26;MERLIN;PUT;Oct-26;13,00;12.23;23,39;-0,88;;1
28/09/26;MERLIN;PUT;Oct-26;13,50;12.23;23,12;-0,98;;24
28/09/26;MERLIN;PUT;Oct-26;14,00;12.23;22,85;-1,00;;31
28/09/26;MERLIN;PUT;Oct-26;14,50;12.23;22,57;-1,00;;200
28/09/26;MERLIN;PUT;Nov-26;11,50;12.23;25,58;-0,24;;1
28/09/26;MERLIN;PUT;Nov-26;12,00;12.23;24,52;-0,39;;11
28/09/26;MERLIN;PUT;Nov-26;12,50;12.23;23,88;-0,57;;1
28/09/26;MERLIN;PUT;Nov-26;14,50;12.23;22,79;-1,00;;25
28/09/26;MERLIN;PUT;Dic-26;11,00;12.23;26,09;-0,20;;300
28/09/26;MERLIN;PUT;Dic-26;11,50;12.23;25,08;-0,32;;3
28/09/26;MERLIN;PUT;Dic-26;12,00;12.23;24,07;-0,45;;111
28/09/26;MERLIN;PUT;Dic-26;13,00;12.23;23,23;-0,73;;2
28/09/26;MERLIN;PUT;Dic-26;13,50;12.23;22,99;-0,84;;4
28/09/26;MERLIN;PUT;Dic-26;14,00;12.23;22,74;-0,91;;35
28/09/26;MERLIN;PUT;Mar-27;12,00;12.23;23,45;-0,44;;3
28/09/26;MERLIN;PUT;Mar-27;13,50;12.23;22,53;-0,74;;16
28/09/26;MERLIN;PUT;Jun-27;14,50;12.23;20,92;-0,84;;43
28/09/26;MERLIN;PUT;Jun-27;15,00;12.23;20,73;-0,88;;10
28/09/26;MERLIN;PUT;Dic-27;12,50;12.23;21,50;-0,52;;5.000
28/09/26;NATURGY;CALL;Oct-26;29,00;28.76;18,99;0,44;10;30
28/09/26;NATURGY;CALL;Oct-26;30,00;28.76;18,11;0,16;;2
28/09/26;NATURGY;CALL;Oct-26;30,50;28.76;17,67;0,07;;1
28/09/26;NATURGY;CALL;Nov-26;30,00;28.76;18,38;0,26;;4
28/09/26;NATURGY;CALL;Dic-26;27,00;28.76;21,72;0,79;;10
28/09/26;NATURGY;CALL;Dic-26;28,00;28.76;20,64;0,64;;4
28/09/26;NATURGY;CALL;Dic-26;29,00;28.76;19,64;0,46;;495
28/09/26;NATURGY;CALL;Dic-26;30,00;28.76;18,91;0,30;;317
28/09/26;NATURGY;CALL;Dic-26;31,00;28.76;18,18;0,16;;113
28/09/26;NATURGY;CALL;Dic-26;32,00;28.76;17,45;0,08;;8
28/09/26;NATURGY;CALL;Dic-26;35,00;28.76;15,26;;;1
28/09/26;NATURGY;CALL;Mar-27;25,00;28.76;23,01;0,86;;2
28/09/26;NATURGY;CALL;Mar-27;26,00;28.76;22,19;0,78;;90
28/09/26;NATURGY;CALL;Mar-27;27,00;28.76;21,37;0,69;;2
28/09/26;NATURGY;CALL;Mar-27;28,00;28.76;20,55;0,58;;11
28/09/26;NATURGY;CALL;Mar-27;29,00;28.76;19,79;0,48;;200
28/09/26;NATURGY;CALL;Mar-27;30,00;28.76;19,24;0,38;;300
28/09/26;NATURGY;CALL;Mar-27;32,00;28.76;18,16;0,20;;1
28/09/26;NATURGY;CALL;Mar-27;33,00;28.76;17,61;0,13;;2
28/09/26;NATURGY;CALL;Jun-27;25,00;28.76;23,23;0,81;;385
28/09/26;NATURGY;CALL;Jun-27;26,00;28.76;22,51;0,74;;2
28/09/26;NATURGY;CALL;Jun-27;27,00;28.76;21,79;0,66;;2
28/09/26;NATURGY;CALL;Jun-27;30,00;28.76;20,00;0,40;;136
28/09/26;NATURGY;CALL;Jun-27;32,00;28.76;19,14;0,25;;401
28/09/26;NATURGY;CALL;Jun-27;33,00;28.76;18,71;0,18;;2
28/09/26;NATURGY;CALL;Jun-27;35,00;28.76;17,85;0,09;;1
28/09/26;NATURGY;CALL;Sep-27;35,00;28.76;18,94;0,13;;1
28/09/26;NATURGY;CALL;Dic-27;30,00;28.76;21,06;0,43;;1
28/09/26;NATURGY;CALL;Dic-27;33,00;28.76;20,05;0,25;;1
28/09/26;NATURGY;PUT;Oct-26;24,00;28.76;23,24;;;2
28/09/26;NATURGY;PUT;Oct-26;28,00;28.76;18,28;-0,24;;15
28/09/26;NATURGY;PUT;Oct-26;28,50;28.76;17,66;-0,39;1;1
28/09/26;NATURGY;PUT;Oct-26;29,00;28.76;17,13;-0,57;;45
28/09/26;NATURGY;PUT;Oct-26;29,50;28.76;16,69;-0,74;;1
28/09/26;NATURGY;PUT;Oct-26;30,00;28.76;16,25;-0,88;;20
28/09/26;NATURGY;PUT;Nov-26;28,00;28.76;14,98;-0,43;;6
28/09/26;NATURGY;PUT;Nov-26;31,00;28.76;12,06;-0,98;;1
28/09/26;NATURGY;PUT;Dic-26;18,00;28.76;28,30;;;2
28/09/26;NATURGY;PUT;Dic-26;19,50;28.76;26,68;;;5
28/09/26;NATURGY;PUT;Dic-26;20,00;28.76;26,14;;;13
28/09/26;NATURGY;PUT;Dic-26;22,00;28.76;23,99;-0,01;;2
28/09/26;NATURGY;PUT;Dic-26;23,00;28.76;22,91;-0,02;;10
28/09/26;NATURGY;PUT;Dic-26;24,00;28.76;21,83;-0,05;;2.142
28/09/26;NATURGY;PUT;Dic-26;25,00;28.76;20,75;-0,09;;124
28/09/26;NATURGY;PUT;Dic-26;26,00;28.76;19,67;-0,17;;104
28/09/26;NATURGY;PUT;Dic-26;27,00;28.76;18,60;-0,28;;20
28/09/26;NATURGY;PUT;Dic-26;28,00;28.76;17,52;-0,44;;16
28/09/26;NATURGY;PUT;Dic-26;29,00;28.76;16,52;-0,62;;52
28/09/26;NATURGY;PUT;Dic-26;30,00;28.76;15,79;-0,79;;1
28/09/26;NATURGY;PUT;Dic-26;31,00;28.76;15,06;-0,91;;1
28/09/26;NATURGY;PUT;Dic-26;32,00;28.76;14,33;-0,98;;50
28/09/26;NATURGY;PUT;Mar-27;18,00;28.76;26,89;;;1
28/09/26;NATURGY;PUT;Mar-27;24,00;28.76;21,96;-0,11;;501
28/09/26;NATURGY;PUT;Mar-27;26,00;28.76;20,31;-0,24;;193
28/09/26;NATURGY;PUT;Mar-27;28,00;28.76;18,67;-0,43;;1
28/09/26;NATURGY;PUT;Jun-27;24,00;28.76;21,45;-0,17;;1
28/09/26;NATURGY;PUT;Jun-27;25,00;28.76;20,73;-0,23;;5
28/09/26;NATURGY;PUT;Jun-27;26,00;28.76;20,01;-0,30;;1
28/09/26;NATURGY;PUT;Jun-27;27,00;28.76;19,29;-0,38;;2
28/09/26;NATURGY;PUT;Jun-27;28,00;28.76;18,58;-0,47;;12
28/09/26;NATURGY;PUT;Jun-27;32,00;28.76;16,64;-0,82;;1
28/09/26;NATURGY;PUT;Sep-27;26,00;28.76;19,93;-0,34;;95
28/09/26;NATURGY;PUT;Dic-27;26,00;28.76;19,88;-0,37;;97
28/09/26;NATURGY;PUT;Jun-28;26,00;28.76;19,59;-0,39;;95
28/09/26;NATURGY;PUT;Dic-26;28,00;28.76;17,52;-0,43;;2
28/09/26;OBRASCON HUARTE;CALL;Oct-26;0,35;0.36;43,72;0,59;;5
28/09/26;OBRASCON HUARTE;CALL;Oct-26;0,40;0.36;43,69;0,12;;100
28/09/26;OBRASCON HUARTE;CALL;Dic-26;0,50;0.36;42,71;0,06;;1
28/09/26;OBRASCON HUARTE;CALL;Mar-27;0,40;0.36;44,65;0,43;;300
28/09/26;OBRASCON HUARTE;CALL;Jun-27;0,35;0.36;45,25;0,61;;1.000
28/09/26;OBRASCON HUARTE;CALL;Mar-28;0,50;0.36;43,82;0,38;;10
28/09/26;OBRASCON HUARTE;CALL;Mar-28;0,60;0.36;43,82;0,26;;50
28/09/26;OBRASCON HUARTE;CALL;Jun-28;0,35;0.36;43,65;0,66;;900
28/09/26;PHARMA MAR;CALL;Dic-26;76,00;73.9;40,52;0,49;;1
28/09/26;PHARMA MAR;CALL;Dic-26;110,00;73.9;36,23;0,01;;1
28/09/26;PHARMA MAR;CALL;Mar-27;88,00;73.9;38,51;0,32;;1
28/09/26;PHARMA MAR;CALL;Jun-27;120,00;73.9;37,11;0,10;;6
28/09/26;PHARMA MAR;PUT;Dic-26;29,00;73.9;77,71;;;5
28/09/26;PHARMA MAR;PUT;Dic-26;46,00;73.9;63,37;-0,04;;2
28/09/26;PHARMA MAR;PUT;Dic-26;48,00;73.9;61,69;-0,05;;1
28/09/26;PHARMA MAR;PUT;Dic-26;50,00;73.9;60,00;-0,06;;1
28/09/26;PHARMA MAR;PUT;Dic-26;60,00;73.9;51,56;-0,16;;2
28/09/26;PHARMA MAR;PUT;Dic-26;70,00;73.9;43,13;-0,35;;2
28/09/26;PHARMA MAR;PUT;Dic-26;76,00;73.9;39,57;-0,51;;15
28/09/26;PHARMA MAR;PUT;Dic-26;78,00;73.9;39,32;-0,57;;10
28/09/26;PHARMA MAR;PUT;Mar-27;41,00;73.9;60,35;-0,05;;8
28/09/26;PHARMA MAR;PUT;Mar-27;43,00;73.9;59,13;-0,06;;3
28/09/26;PHARMA MAR;PUT;Mar-27;52,00;73.9;53,60;-0,12;;1
28/09/26;PHARMA MAR;PUT;Mar-27;60,00;73.9;48,70;-0,21;;1
28/09/26;PHARMA MAR;PUT;Mar-27;78,00;73.9;39,84;-0,51;;1
28/09/26;PHARMA MAR;PUT;Mar-27;80,00;73.9;39,67;-0,55;;2
28/09/26;PHARMA MAR;PUT;Mar-27;105,00;73.9;37,64;-0,92;;1
28/09/26;PHARMA MAR;PUT;Jun-27;37,00;73.9;58,15;-0,05;;2
28/09/26;PHARMA MAR;PUT;Jun-27;39,00;73.9;57,23;-0,06;;3
28/09/26;PHARMA MAR;PUT;Jun-27;42,00;73.9;55,85;-0,07;;1
28/09/26;PHARMA MAR;PUT;Jun-27;44,00;73.9;54,93;-0,08;;3
28/09/26;PHARMA MAR;PUT;Jun-27;48,00;73.9;53,09;-0,11;;1
28/09/26;PHARMA MAR;PUT;Jun-27;60,00;73.9;47,57;-0,22;;1
28/09/26;PHARMA MAR;PUT;Jun-27;66,00;73.9;44,80;-0,30;;1
28/09/26;PHARMA MAR;PUT;Jun-27;70,00;73.9;42,96;-0,36;;2
28/09/26;PHARMA MAR;PUT;Jun-27;120,00;73.9;38,05;-0,96;;1
28/09/26;PHARMA MAR;PUT;Sep-27;60,00;73.9;46,50;-0,24;;2
28/09/26;PUIG;CALL;Oct-26;16,50;17.85;26,41;0,92;;10
28/09/26;PUIG;CALL;Oct-26;17,00;17.85;25,98;0,82;;25
28/09/26;PUIG;CALL;Oct-26;18,00;17.85;25,11;0,46;;8
28/09/26;PUIG;CALL;Oct-26;18,50;17.85;24,70;0,27;;5
28/09/26;PUIG;CALL;Oct-26;19,00;17.85;24,29;0,13;;5
28/09/26;PUIG;CALL;Nov-26;17,00;17.85;31,05;0,69;;6
28/09/26;PUIG;CALL;Nov-26;17,50;17.85;30,59;0,60;;5
28/09/26;PUIG;CALL;Nov-26;18,00;17.85;30,18;0,51;;7
28/09/26;PUIG;CALL;Nov-26;18,50;17.85;29,87;0,41;;20
28/09/26;PUIG;CALL;Nov-26;19,00;17.85;29,56;0,32;;9
28/09/26;PUIG;CALL;Nov-26;19,50;17.85;29,25;0,24;;1
28/09/26;PUIG;CALL;Nov-26;20,00;17.85;28,95;0,17;5;5
28/09/26;PUIG;CALL;Dic-26;15,00;17.85;32,70;0,89;;3
28/09/26;PUIG;CALL;Dic-26;16,50;17.85;31,36;0,74;;7
28/09/26;PUIG;CALL;Dic-26;17,00;17.85;30,91;0,67;;11
28/09/26;PUIG;CALL;Dic-26;18,00;17.85;30,06;0,52;;37
28/09/26;PUIG;CALL;Dic-26;18,50;17.85;29,77;0,44;;5
28/09/26;PUIG;CALL;Dic-26;19,00;17.85;29,48;0,37;1;102
28/09/26;PUIG;CALL;Dic-26;21,00;17.85;28,33;0,13;;6
28/09/26;PUIG;CALL;Dic-26;22,00;17.85;27,75;0,07;;1
28/09/26;PUIG;CALL;Dic-26;23,00;17.85;27,17;0,03;;2
28/09/26;PUIG;CALL;Mar-27;18,50;17.85;33,45;0,51;;2
28/09/26;PUIG;CALL;Mar-27;19,00;17.85;33,34;0,46;;5
28/09/26;PUIG;CALL;Mar-27;19,50;17.85;33,23;0,42;;10
28/09/26;PUIG;CALL;Jun-27;11,00;17.85;35,87;0,97;;5
28/09/26;PUIG;CALL;Jun-27;15,50;17.85;32,68;0,77;;4
28/09/26;PUIG;CALL;Jun-27;16,00;17.85;32,32;0,73;;1
28/09/26;PUIG;CALL;Jun-27;16,50;17.85;31,97;0,69;;2
28/09/26;PUIG;CALL;Jun-27;17,50;17.85;31,26;0,61;;1
28/09/26;PUIG;CALL;Jun-27;19,50;17.85;30,86;0,44;;10
28/09/26;PUIG;PUT;Oct-26;16,00;17.85;26,87;-0,03;;3
28/09/26;PUIG;PUT;Oct-26;16,50;17.85;26,43;-0,08;;4
28/09/26;PUIG;PUT;Oct-26;17,00;17.85;26,00;-0,19;;15
28/09/26;PUIG;PUT;Oct-26;18,00;17.85;25,13;-0,54;;10
28/09/26;PUIG;PUT;Oct-26;18,50;17.85;24,72;-0,73;;10
28/09/26;PUIG;PUT;Nov-26;14,50;17.85;32,92;-0,04;;5
28/09/26;PUIG;PUT;Nov-26;15,00;17.85;32,46;-0,07;;10
28/09/26;PUIG;PUT;Nov-26;15,50;17.85;32,00;-0,11;;10
28/09/26;PUIG;PUT;Nov-26;16,50;17.85;31,09;-0,23;;7
28/09/26;PUIG;PUT;Nov-26;18,00;17.85;29,76;-0,50;;5
28/09/26;PUIG;PUT;Nov-26;18,50;17.85;29,45;-0,60;;5
28/09/26;PUIG;PUT;Dic-26;11,00;17.85;35,21;;;2
28/09/26;PUIG;PUT;Dic-26;12,00;17.85;34,31;-0,01;;500
28/09/26;PUIG;PUT;Dic-26;12,50;17.85;33,87;-0,01;;5
28/09/26;PUIG;PUT;Dic-26;13,00;17.85;33,42;-0,02;;3
28/09/26;PUIG;PUT;Dic-26;13,50;17.85;32,97;-0,03;;4
28/09/26;PUIG;PUT;Dic-26;14,00;17.85;32,52;-0,05;;47
28/09/26;PUIG;PUT;Dic-26;14,50;17.85;32,07;-0,07;;2.467
28/09/26;PUIG;PUT;Dic-26;15,00;17.85;31,62;-0,10;;26
28/09/26;PUIG;PUT;Dic-26;15,50;17.85;31,18;-0,14;;30
28/09/26;PUIG;PUT;Dic-26;16,00;17.85;30,73;-0,20;;13
28/09/26;PUIG;PUT;Dic-26;16,50;17.85;30,28;-0,26;;8
28/09/26;PUIG;PUT;Dic-26;17,00;17.85;29,83;-0,33;;15
28/09/26;PUIG;PUT;Dic-26;17,50;17.85;29,38;-0,40;;14
28/09/26;PUIG;PUT;Dic-26;18,00;17.85;28,98;-0,49;;5
28/09/26;PUIG;PUT;Dic-26;21,00;17.85;27,25;-0,90;;6
28/09/26;PUIG;PUT;Mar-27;12,00;17.85;37,47;-0,04;;1
28/09/26;PUIG;PUT;Mar-27;13,00;17.85;36,63;-0,08;;1
28/09/26;PUIG;PUT;Mar-27;13,50;17.85;36,21;-0,10;;5
28/09/26;PUIG;PUT;Mar-27;14,00;17.85;35,79;-0,12;;2
28/09/26;PUIG;PUT;Mar-27;15,00;17.85;34,94;-0,19;;2
28/09/26;PUIG;PUT;Mar-27;15,50;17.85;34,52;-0,22;;7
28/09/26;PUIG;PUT;Mar-27;16,00;17.85;34,10;-0,27;;87
28/09/26;PUIG;PUT;Mar-27;16,50;17.85;33,68;-0,31;;274
28/09/26;PUIG;PUT;Mar-27;18,00;17.85;32,52;-0,46;;4
28/09/26;PUIG;PUT;Jun-27;13,00;17.85;33,74;-0,11;;1
28/09/26;PUIG;PUT;Jun-27;14,00;17.85;33,03;-0,16;;4
28/09/26;PUIG;PUT;Jun-27;15,00;17.85;32,32;-0,23;;5
28/09/26;PUIG;PUT;Jun-27;16,00;17.85;31,61;-0,30;;411
28/09/26;PUIG;PUT;Jun-27;16,50;17.85;31,26;-0,34;;2
28/09/26;PUIG;PUT;Jun-27;17,50;17.85;30,55;-0,43;;1
28/09/26;PUIG;PUT;Jun-27;21,00;17.85;30,01;-0,70;;20
28/09/26;PUIG;PUT;Sep-27;11,00;17.85;32,76;-0,05;;19
28/09/26;PUIG;PUT;Dic-27;15,00;17.85;29,00;-0,24;;4
28/09/26;PUIG;PUT;Dic-27;15,50;17.85;28,79;-0,27;;162
28/09/26;PUIG;PUT;Dic-27;16,00;17.85;28,57;-0,30;;156
28/09/26;PUIG;PUT;Dic-27;16,50;17.85;28,36;-0,34;;151
28/09/26;PUIG;PUT;Mar-28;17,50;17.85;27,13;-0,41;;143
28/09/26;REDEIA;CALL;Nov-26;15,50;14.9;16,90;0,30;;1
28/09/26;REDEIA;CALL;Dic-26;11,00;14.9;22,58;1,00;;1
28/09/26;REDEIA;CALL;Dic-26;14,00;14.9;18,56;0,79;;35
28/09/26;REDEIA;CALL;Dic-26;14,50;14.9;17,89;0,67;;5
28/09/26;REDEIA;CALL;Dic-26;15,00;14.9;17,24;0,51;;32
28/09/26;REDEIA;CALL;Dic-26;15,50;14.9;16,69;0,35;;31
28/09/26;REDEIA;CALL;Dic-26;16,00;14.9;16,14;0,21;;265
28/09/26;REDEIA;CALL;Dic-26;16,50;14.9;15,60;0,10;;58
28/09/26;REDEIA;CALL;Dic-26;17,00;14.9;15,05;0,04;;25
28/09/26;REDEIA;CALL;Dic-26;17,50;14.9;14,50;0,01;;26
28/09/26;REDEIA;CALL;Dic-26;18,00;14.9;13,95;;;2
28/09/26;REDEIA;CALL;Mar-27;13,50;14.9;19,90;0,81;;1
28/09/26;REDEIA;CALL;Mar-27;14,00;14.9;19,39;0,73;;20
28/09/26;REDEIA;CALL;Mar-27;15,50;14.9;17,90;0,40;;138
28/09/26;REDEIA;CALL;Mar-27;16,00;14.9;17,43;0,30;;206
28/09/26;REDEIA;CALL;Mar-27;16,50;14.9;16,96;0,21;;27
28/09/26;REDEIA;CALL;Mar-27;17,00;14.9;16,49;0,13;;6
28/09/26;REDEIA;CALL;Mar-27;17,50;14.9;16,02;0,08;;10
28/09/26;REDEIA;CALL;Jun-27;14,00;14.9;19,74;0,69;;10
28/09/26;REDEIA;CALL;Jun-27;15,50;14.9;18,47;0,45;;10
28/09/26;REDEIA;CALL;Jun-27;16,00;14.9;18,06;0,36;;1
28/09/26;REDEIA;CALL;Jun-27;16,50;14.9;17,65;0,29;;2
28/09/26;REDEIA;CALL;Jun-27;17,00;14.9;17,23;0,22;;6
28/09/26;REDEIA;CALL;Jun-27;18,00;14.9;16,40;0,11;;1
28/09/26;REDEIA;CALL;Sep-27;15,50;14.9;18,86;0,45;;4
28/09/26;REDEIA;CALL;Dic-27;14,50;14.9;19,57;0,60;;278
28/09/26;REDEIA;CALL;Dic-27;18,00;14.9;16,82;0,16;;6
28/09/26;REDEIA;CALL;Dic-27;22,00;14.9;13,60;;;5
28/09/26;REDEIA;PUT;Oct-26;14,00;14.9;18,59;-0,06;;1
28/09/26;REDEIA;PUT;Oct-26;14,50;14.9;17,80;-0,23;5;73
28/09/26;REDEIA;PUT;Oct-26;15,00;14.9;17,05;-0,55;;79
28/09/26;REDEIA;PUT;Oct-26;15,50;14.9;16,48;-0,86;;4
28/09/26;REDEIA;PUT;Oct-26;16,00;14.9;15,90;-1,00;;3
28/09/26;REDEIA;PUT;Nov-26;13,50;14.9;18,65;-0,07;;10
28/09/26;REDEIA;PUT;Nov-26;14,00;14.9;17,87;-0,16;;38
28/09/26;REDEIA;PUT;Nov-26;14,50;14.9;17,09;-0,31;;2
28/09/26;REDEIA;PUT;Nov-26;15,00;14.9;16,35;-0,52;;6
28/09/26;REDEIA;PUT;Dic-26;11,50;14.9;21,58;;;20
28/09/26;REDEIA;PUT;Dic-26;12,00;14.9;20,91;-0,01;;10
28/09/26;REDEIA;PUT;Dic-26;12,50;14.9;20,24;-0,03;;15
28/09/26;REDEIA;PUT;Dic-26;13,00;14.9;19,57;-0,06;;13
28/09/26;REDEIA;PUT;Dic-26;13,50;14.9;18,90;-0,11;;93
28/09/26;REDEIA;PUT;Dic-26;14,00;14.9;18,23;-0,21;1;122
28/09/26;REDEIA;PUT;Dic-26;14,50;14.9;17,56;-0,34;;184
28/09/26;REDEIA;PUT;Dic-26;15,00;14.9;16,91;-0,50;3;88
28/09/26;REDEIA;PUT;Dic-26;15,50;14.9;16,36;-0,67;;4
28/09/26;REDEIA;PUT;Dic-26;16,00;14.9;15,81;-0,83;;8
28/09/26;REDEIA;PUT;Mar-27;11,50;14.9;20,09;-0,03;;1
28/09/26;REDEIA;PUT;Mar-27;12,00;14.9;19,57;-0,05;;8
28/09/26;REDEIA;PUT;Mar-27;12,50;14.9;19,06;-0,08;;8
28/09/26;REDEIA;PUT;Mar-27;13,00;14.9;18,55;-0,13;;101
28/09/26;REDEIA;PUT;Mar-27;13,50;14.9;18,03;-0,20;;24
28/09/26;REDEIA;PUT;Mar-27;14,00;14.9;17,52;-0,29;;192
28/09/26;REDEIA;PUT;Mar-27;14,50;14.9;17,00;-0,40;;7
28/09/26;REDEIA;PUT;Mar-27;15,00;14.9;16,50;-0,52;;6
28/09/26;REDEIA;PUT;Mar-27;15,50;14.9;16,03;-0,64;;3
28/09/26;REDEIA;PUT;Mar-27;16,00;14.9;15,56;-0,76;;3
28/09/26;REDEIA;PUT;Jun-27;12,50;14.9;18,93;-0,12;;4
28/09/26;REDEIA;PUT;Jun-27;13,50;14.9;18,08;-0,23;;2
28/09/26;REDEIA;PUT;Jun-27;14,00;14.9;17,66;-0,31;;7
28/09/26;REDEIA;PUT;Jun-27;14,50;14.9;17,23;-0,40;;56
28/09/26;REDEIA;PUT;Jun-27;15,00;14.9;16,81;-0,50;;10
28/09/26;REDEIA;PUT;Jun-27;15,50;14.9;16,39;-0,60;;38
28/09/26;REDEIA;PUT;Jun-27;16,00;14.9;15,98;-0,70;;1
28/09/26;REDEIA;PUT;Sep-27;12,50;14.9;18,24;-0,19;;5
28/09/26;REDEIA;PUT;Sep-27;14,50;14.9;16,81;-0,48;1;1
28/09/26;REDEIA;PUT;Sep-27;15,00;14.9;16,44;-0,57;;11
28/09/26;REDEIA;PUT;Sep-27;19,50;14.9;13,02;-0,99;;1
28/09/26;REDEIA;PUT;Dic-27;14,00;14.9;16,87;-0,39;;20
28/09/26;REDEIA;PUT;Dic-27;15,00;14.9;16,23;-0,55;;11
28/09/26;REDEIA;PUT;Dic-27;19,00;14.9;13,01;-0,98;;6
28/09/26;REDEIA;PUT;Dic-28;13,00;14.9;17,12;-0,33;;1
28/09/26;REDEIA;PUT;Dic-26;13,50;14.9;18,90;-0,11;;4
28/09/26;REDEIA;PUT;Dic-26;14,50;14.9;17,56;-0,33;;4
28/09/26;REDEIA;PUT;Dic-26;15,00;14.9;16,91;-0,49;;6
28/09/26;REDEIA;PUT;Mar-27;14,00;14.9;17,52;-0,28;;2
28/09/26;REDEIA;PUT;Mar-27;14,50;14.9;17,00;-0,39;;5
28/09/26;REDEIA;PUT;Jun-27;14,50;14.9;17,23;-0,37;;5
28/09/26;REPSOL;CALL;Oct-26;23,00;31.29;44,34;1,00;;300
28/09/26;REPSOL;CALL;Oct-26;24,00;31.29;43,55;1,00;;300
28/09/26;REPSOL;CALL;Oct-26;25,00;31.29;42,76;0,99;;300
28/09/26;REPSOL;CALL;Oct-26;26,00;31.29;41,97;0,98;;150
28/09/26;REPSOL;CALL;Oct-26;27,00;31.29;41,18;0,95;;20
28/09/26;REPSOL;CALL;Oct-26;28,00;31.29;40,39;0,90;;17
28/09/26;REPSOL;CALL;Oct-26;29,00;31.29;39,61;0,82;;5.002
28/09/26;REPSOL;CALL;Oct-26;30,00;31.29;38,82;0,71;2;254
28/09/26;REPSOL;CALL;Oct-26;31,00;31.29;38,03;0,57;1;179
28/09/26;REPSOL;CALL;Oct-26;32,00;31.29;37,57;0,42;;3.647
28/09/26;REPSOL;CALL;Oct-26;33,00;31.29;37,24;0,28;;159
28/09/26;REPSOL;CALL;Oct-26;34,00;31.29;36,91;0,17;;53
28/09/26;REPSOL;CALL;Oct-26;35,00;31.29;36,57;0,09;101;201
28/09/26;REPSOL;CALL;Nov-26;23,00;31.29;43,48;0,97;;150
28/09/26;REPSOL;CALL;Nov-26;25,00;31.29;41,92;0,93;;150
28/09/26;REPSOL;CALL;Nov-26;28,00;31.29;39,59;0,80;;5
28/09/26;REPSOL;CALL;Nov-26;29,00;31.29;38,81;0,73;2;2
28/09/26;REPSOL;CALL;Nov-26;30,00;31.29;38,03;0,65;1;100
28/09/26;REPSOL;CALL;Nov-26;31,00;31.29;37,26;0,56;;4
28/09/26;REPSOL;CALL;Nov-26;32,00;31.29;36,84;0,48;1;44
28/09/26;REPSOL;CALL;Nov-26;33,00;31.29;36,57;0,39;;152
28/09/26;REPSOL;CALL;Nov-26;34,00;31.29;36,31;0,31;;28
28/09/26;REPSOL;CALL;Nov-26;35,00;31.29;36,04;0,24;;2
28/09/26;REPSOL;CALL;Dic-26;12,00;31.29;49,33;1,00;;2
28/09/26;REPSOL;CALL;Dic-26;13,00;31.29;48,65;1,00;;10
28/09/26;REPSOL;CALL;Dic-26;15,00;31.29;47,29;1,00;;150
28/09/26;REPSOL;CALL;Dic-26;15,50;31.29;46,95;1,00;;160
28/09/26;REPSOL;CALL;Dic-26;16,00;31.29;46,60;1,00;;150
28/09/26;REPSOL;CALL;Dic-26;16,50;31.29;46,26;1,00;;150
28/09/26;REPSOL;CALL;Dic-26;17,00;31.29;45,92;1,00;;75
28/09/26;REPSOL;CALL;Dic-26;17,50;31.29;45,58;1,00;;48
28/09/26;REPSOL;CALL;Dic-26;18,00;31.29;45,24;1,00;;107
28/09/26;REPSOL;CALL;Dic-26;18,50;31.29;44,90;1,00;;354
28/09/26;REPSOL;CALL;Dic-26;19,00;31.29;44,56;0,99;;15
28/09/26;REPSOL;CALL;Dic-26;19,50;31.29;44,22;0,99;;101
28/09/26;REPSOL;CALL;Dic-26;20,00;31.29;43,88;0,99;;52
28/09/26;REPSOL;CALL;Dic-26;20,50;31.29;43,54;0,99;;2
28/09/26;REPSOL;CALL;Dic-26;21,00;31.29;43,20;0,98;;7
28/09/26;REPSOL;CALL;Dic-26;22,00;31.29;42,51;0,97;;4.063
28/09/26;REPSOL;CALL;Dic-26;23,00;31.29;41,83;0,95;;12
28/09/26;REPSOL;CALL;Dic-26;24,00;31.29;41,15;0,93;;11.619
28/09/26;REPSOL;CALL;Dic-26;25,00;31.29;40,47;0,90;;78
28/09/26;REPSOL;CALL;Dic-26;26,00;31.29;39,79;0,87;;1.177
28/09/26;REPSOL;CALL;Dic-26;27,00;31.29;39,10;0,82;;13
28/09/26;REPSOL;CALL;Dic-26;28,00;31.29;38,42;0,77;;325
28/09/26;REPSOL;CALL;Dic-26;29,00;31.29;37,74;0,71;;41
28/09/26;REPSOL;CALL;Dic-26;30,00;31.29;37,06;0,64;1;155
28/09/26;REPSOL;CALL;Dic-26;31,00;31.29;36,38;0,57;;124
28/09/26;REPSOL;CALL;Dic-26;32,00;31.29;35,92;0,49;;1.574
28/09/26;REPSOL;CALL;Dic-26;33,00;31.29;35,56;0,42;20;39
28/09/26;REPSOL;CALL;Dic-26;34,00;31.29;35,20;0,35;;9
28/09/26;REPSOL;CALL;Dic-26;35,00;31.29;34,84;0,29;;106
28/09/26;REPSOL;CALL;Dic-26;38,00;31.29;33,75;0,14;;173
28/09/26;REPSOL;CALL;Dic-26;41,00;31.29;32,66;0,05;6;6
28/09/26;REPSOL;CALL;Mar-27;14,50;31.29;46,00;1,00;;5
28/09/26;REPSOL;CALL;Mar-27;16,00;31.29;44,81;1,00;;15
28/09/26;REPSOL;CALL;Mar-27;16,50;31.29;44,42;1,00;;25
28/09/26;REPSOL;CALL;Mar-27;17,00;31.29;44,03;0,99;;2
28/09/26;REPSOL;CALL;Mar-27;17,50;31.29;43,63;0,99;;32
28/09/26;REPSOL;CALL;Mar-27;18,00;31.29;43,24;0,99;;55
28/09/26;REPSOL;CALL;Mar-27;18,50;31.29;42,84;0,99;;16
28/09/26;REPSOL;CALL;Mar-27;19,00;31.29;42,45;0,98;;35
28/09/26;REPSOL;CALL;Mar-27;19,50;31.29;42,05;0,98;;10
28/09/26;REPSOL;CALL;Mar-27;20,00;31.29;41,66;0,97;;20
28/09/26;REPSOL;CALL;Mar-27;22,00;31.29;40,08;0,94;;27
28/09/26;REPSOL;CALL;Mar-27;23,00;31.29;39,30;0,92;;4.000
28/09/26;REPSOL;CALL;Mar-27;24,00;31.29;38,51;0,89;;324
28/09/26;REPSOL;CALL;Mar-27;25,00;31.29;37,72;0,86;;176
28/09/26;REPSOL;CALL;Mar-27;26,00;31.29;36,93;0,82;;7
28/09/26;REPSOL;CALL;Mar-27;27,00;31.29;36,14;0,78;;29
28/09/26;REPSOL;CALL;Mar-27;28,00;31.29;35,35;0,73;;21
28/09/26;REPSOL;CALL;Mar-27;29,00;31.29;34,57;0,68;;2.015
28/09/26;REPSOL;CALL;Mar-27;30,00;31.29;33,78;0,62;;12
28/09/26;REPSOL;CALL;Mar-27;31,00;31.29;32,99;0,57;;35
28/09/26;REPSOL;CALL;Mar-27;32,00;31.29;32,59;0,51;;181
28/09/26;REPSOL;CALL;Mar-27;33,00;31.29;32,36;0,45;;5
28/09/26;REPSOL;CALL;Mar-27;34,00;31.29;32,12;0,39;1;3
28/09/26;REPSOL;CALL;Mar-27;35,00;31.29;31,89;0,34;;2
28/09/26;REPSOL;CALL;Jun-27;11,00;31.29;42,81;1,00;;1
28/09/26;REPSOL;CALL;Jun-27;15,00;31.29;40,55;1,00;;75
28/09/26;REPSOL;CALL;Jun-27;15,50;31.29;40,27;1,00;;50
28/09/26;REPSOL;CALL;Jun-27;16,50;31.29;39,70;0,99;;23
28/09/26;REPSOL;CALL;Jun-27;17,00;31.29;39,42;0,99;;1.019
28/09/26;REPSOL;CALL;Jun-27;17,50;31.29;39,14;0,99;;27
28/09/26;REPSOL;CALL;Jun-27;19,00;31.29;38,29;0,97;;1
28/09/26;REPSOL;CALL;Jun-27;19,50;31.29;38,01;0,97;;1
28/09/26;REPSOL;CALL;Jun-27;23,00;31.29;36,03;0,89;;27
28/09/26;REPSOL;CALL;Jun-27;24,00;31.29;35,47;0,86;;2
28/09/26;REPSOL;CALL;Jun-27;25,00;31.29;34,90;0,83;;4
28/09/26;REPSOL;CALL;Jun-27;26,00;31.29;34,34;0,79;;8
28/09/26;REPSOL;CALL;Jun-27;27,00;31.29;33,77;0,75;;3
28/09/26;REPSOL;CALL;Jun-27;28,00;31.29;33,21;0,71;;100
28/09/26;REPSOL;CALL;Jun-27;30,00;31.29;32,08;0,62;;35
28/09/26;REPSOL;CALL;Jun-27;32,00;31.29;31,25;0,53;;10
28/09/26;REPSOL;CALL;Jun-27;36,00;31.29;30,70;0,35;;15
28/09/26;REPSOL;CALL;Sep-27;15,50;31.29;39,47;1,00;;1
28/09/26;REPSOL;CALL;Sep-27;18,00;31.29;38,20;0,98;;3.000
28/09/26;REPSOL;CALL;Sep-27;18,50;31.29;37,94;0,97;;3.000
28/09/26;REPSOL;CALL;Sep-27;20,00;31.29;37,17;0,95;;2.000
28/09/26;REPSOL;CALL;Sep-27;21,00;31.29;36,66;0,93;;6
28/09/26;REPSOL;CALL;Sep-27;22,00;31.29;36,15;0,90;;5
28/09/26;REPSOL;CALL;Sep-27;24,00;31.29;35,13;0,84;;17
28/09/26;REPSOL;CALL;Sep-27;27,00;31.29;33,59;0,74;;1
28/09/26;REPSOL;CALL;Sep-27;32,00;31.29;31,35;0,53;;2
28/09/26;REPSOL;CALL;Sep-27;33,00;31.29;31,27;0,49;;1
28/09/26;REPSOL;CALL;Dic-27;12,00;31.29;41,84;1,00;;2
28/09/26;REPSOL;CALL;Dic-27;14,00;31.29;40,73;1,00;;1.400
28/09/26;REPSOL;CALL;Dic-27;15,00;31.29;40,17;0,99;;149
28/09/26;REPSOL;CALL;Dic-27;15,50;31.29;39,90;0,99;;2
28/09/26;REPSOL;CALL;Dic-27;16,00;31.29;39,62;0,99;;3
28/09/26;REPSOL;CALL;Dic-27;16,50;31.29;39,34;0,98;;1.528
28/09/26;REPSOL;CALL;Dic-27;17,00;31.29;39,07;0,98;;24
28/09/26;REPSOL;CALL;Dic-27;17,50;31.29;38,79;0,97;;2
28/09/26;REPSOL;CALL;Dic-27;18,00;31.29;38,51;0,96;;3
28/09/26;REPSOL;CALL;Dic-27;19,50;31.29;37,68;0,94;;5
28/09/26;REPSOL;CALL;Dic-27;20,00;31.29;37,40;0,93;;10.000
28/09/26;REPSOL;CALL;Dic-27;23,00;31.29;35,74;0,85;;4
28/09/26;REPSOL;CALL;Dic-27;24,00;31.29;35,19;0,82;;5.000
28/09/26;REPSOL;CALL;Dic-27;25,00;31.29;34,63;0,79;;1
28/09/26;REPSOL;CALL;Dic-27;27,00;31.29;33,53;0,73;;20
28/09/26;REPSOL;CALL;Dic-27;30,00;31.29;31,86;0,62;;10.000
28/09/26;REPSOL;CALL;Dic-27;33,00;31.29;31,10;0,51;;1
28/09/26;REPSOL;CALL;Dic-27;34,00;31.29;31,06;0,47;;1
28/09/26;REPSOL;CALL;Dic-27;35,00;31.29;31,03;0,44;;1
28/09/26;REPSOL;CALL;Mar-28;16,50;31.29;38,53;0,98;;1
28/09/26;REPSOL;CALL;Mar-28;18,00;31.29;37,73;0,96;;1
28/09/26;REPSOL;CALL;Mar-28;19,00;31.29;37,20;0,94;;5
28/09/26;REPSOL;CALL;Mar-28;22,00;31.29;35,60;0,87;;5
28/09/26;REPSOL;CALL;Mar-28;24,00;31.29;34,53;0,82;;6
28/09/26;REPSOL;CALL;Mar-28;25,00;31.29;34,00;0,79;;1.000
28/09/26;REPSOL;CALL;Mar-28;26,00;31.29;33,47;0,76;;2.000
28/09/26;REPSOL;CALL;Mar-28;27,00;31.29;32,94;0,72;;2.000
28/09/26;REPSOL;CALL;Mar-28;32,00;31.29;30,63;0,55;;5.000
28/09/26;REPSOL;CALL;Mar-28;33,00;31.29;30,61;0,51;;1.800
28/09/26;REPSOL;CALL;Jun-28;10,00;31.29;41,24;1,00;;10
28/09/26;REPSOL;CALL;Jun-28;19,00;31.29;36,83;0,93;;6
28/09/26;REPSOL;CALL;Jun-28;20,00;31.29;36,34;0,91;;10
28/09/26;REPSOL;CALL;Jun-28;22,00;31.29;35,36;0,86;;4
28/09/26;REPSOL;CALL;Jun-28;24,00;31.29;34,38;0,80;;2.500
28/09/26;REPSOL;CALL;Jun-28;30,00;31.29;31,44;0,62;;200
28/09/26;REPSOL;CALL;Jun-28;32,00;31.29;30,78;0,56;;1.000
28/09/26;REPSOL;CALL;Jun-28;34,00;31.29;30,69;0,50;;1.000
28/09/26;REPSOL;CALL;Jun-28;36,00;31.29;30,61;0,44;;1.500
28/09/26;REPSOL;CALL;Sep-28;18,50;31.29;36,70;0,94;;1
28/09/26;REPSOL;CALL;Sep-28;38,00;31.29;30,69;0,40;;2.000
28/09/26;REPSOL;CALL;Sep-28;41,00;31.29;30,57;0,33;25;25
28/09/26;REPSOL;CALL;Dic-28;16,00;31.29;37,12;0,98;;2.000
28/09/26;REPSOL;CALL;Dic-28;24,00;31.29;33,88;0,79;;1.520
28/09/26;REPSOL;CALL;Dic-28;27,00;31.29;32,67;0,71;;11
28/09/26;REPSOL;CALL;Dic-28;29,00;31.29;31,86;0,66;;8
28/09/26;REPSOL;CALL;Dic-28;31,00;31.29;31,05;0,60;;11
28/09/26;REPSOL;CALL;Dic-28;34,00;31.29;30,84;0,52;;1
28/09/26;REPSOL;CALL;Dic-29;10,00;31.29;37,07;1,00;;200
28/09/26;REPSOL;CALL;Dic-29;11,50;31.29;36,64;1,00;;1
28/09/26;REPSOL;CALL;Dic-29;12,00;31.29;36,50;1,00;;1
28/09/26;REPSOL;CALL;Dic-29;12,50;31.29;36,35;1,00;;3
28/09/26;REPSOL;CALL;Dic-29;17,00;31.29;35,06;0,97;;25
28/09/26;REPSOL;CALL;Dic-29;35,00;31.29;30,95;0,52;;1
28/09/26;REPSOL;CALL;Dic-30;22,00;31.29;33,21;0,83;;1.500
28/09/26;REPSOL;CALL;Dic-30;26,00;31.29;32,31;0,73;;3.000
28/09/26;REPSOL;PUT;Oct-26;22,00;31.29;43,22;;;2
28/09/26;REPSOL;PUT;Oct-26;23,00;31.29;42,44;;;2
28/09/26;REPSOL;PUT;Oct-26;24,00;31.29;41,65;;;108
28/09/26;REPSOL;PUT;Oct-26;25,00;31.29;40,86;-0,01;;11
28/09/26;REPSOL;PUT;Oct-26;26,00;31.29;40,07;-0,02;;19
28/09/26;REPSOL;PUT;Oct-26;27,00;31.29;39,28;-0,04;;197
28/09/26;REPSOL;PUT;Oct-26;28,00;31.29;38,49;-0,09;;4.016
28/09/26;REPSOL;PUT;Oct-26;29,00;31.29;37,71;-0,17;1;20
28/09/26;REPSOL;PUT;Oct-26;30,00;31.29;36,92;-0,29;;56
28/09/26;REPSOL;PUT;Oct-26;31,00;31.29;36,13;-0,43;;3
28/09/26;REPSOL;PUT;Oct-26;35,00;31.29;34,67;-0,93;;5
28/09/26;REPSOL;PUT;Oct-26;39,00;31.29;33,35;-1,00;;10
28/09/26;REPSOL;PUT;Nov-26;24,00;31.29;40,04;-0,03;;586
28/09/26;REPSOL;PUT;Nov-26;25,00;31.29;39,26;-0,06;;12
28/09/26;REPSOL;PUT;Nov-26;26,00;31.29;38,48;-0,09;;12
28/09/26;REPSOL;PUT;Nov-26;27,00;31.29;37,71;-0,13;;15
28/09/26;REPSOL;PUT;Nov-26;29,00;31.29;36,15;-0,26;;1
28/09/26;REPSOL;PUT;Nov-26;30,00;31.29;35,37;-0,34;;10
28/09/26;REPSOL;PUT;Nov-26;37,00;31.29;32,85;-0,91;;2
28/09/26;REPSOL;PUT;Dic-26;8,00;31.29;50,53;;;9.500
28/09/26;REPSOL;PUT;Dic-26;8,75;31.29;50,02;;;1
28/09/26;REPSOL;PUT;Dic-26;9,00;31.29;49,85;;;13.015
28/09/26;REPSOL;PUT;Dic-26;9,50;31.29;49,51;;;750
28/09/26;REPSOL;PUT;Dic-26;10,00;31.29;49,17;;;34.000
28/09/26;REPSOL;PUT;Dic-26;10,50;31.29;48,82;;;1.000
28/09/26;REPSOL;PUT;Dic-26;11,00;31.29;48,48;;;15.621
28/09/26;REPSOL;PUT;Dic-26;11,50;31.29;48,14;;;3.187
28/09/26;REPSOL;PUT;Dic-26;12,00;31.29;47,80;;;15.760
28/09/26;REPSOL;PUT;Dic-26;12,50;31.29;47,46;;;156
28/09/26;REPSOL;PUT;Dic-26;13,00;31.29;47,12;;;12.000
28/09/26;REPSOL;PUT;Dic-26;13,50;31.29;46,78;;;1
28/09/26;REPSOL;PUT;Dic-26;14,00;31.29;46,44;;;11.025
28/09/26;REPSOL;PUT;Dic-26;14,50;31.29;46,10;;;224
28/09/26;REPSOL;PUT;Dic-26;15,00;31.29;45,76;;;4.184
28/09/26;REPSOL;PUT;Dic-26;15,50;31.29;45,42;;;21.501
28/09/26;REPSOL;PUT;Dic-26;16,00;31.29;45,07;;;2.160
28/09/26;REPSOL;PUT;Dic-26;16,50;31.29;44,73;;;161
28/09/26;REPSOL;PUT;Dic-26;17,00;31.29;44,39;;;136
28/09/26;REPSOL;PUT;Dic-26;17,50;31.29;44,05;;;160
28/09/26;REPSOL;PUT;Dic-26;18,00;31.29;43,71;;;26
28/09/26;REPSOL;PUT;Dic-26;18,50;31.29;43,37;;;1
28/09/26;REPSOL;PUT;Dic-26;19,00;31.29;43,03;;;4.102
28/09/26;REPSOL;PUT;Dic-26;19,50;31.29;42,69;-0,01;;116
28/09/26;REPSOL;PUT;Dic-26;20,00;31.29;42,35;-0,01;;2.035
28/09/26;REPSOL;PUT;Dic-26;20,50;31.29;42,01;-0,01;;4
28/09/26;REPSOL;PUT;Dic-26;21,00;31.29;41,67;-0,02;;293
28/09/26;REPSOL;PUT;Dic-26;22,00;31.29;40,98;-0,03;;74
28/09/26;REPSOL;PUT;Dic-26;23,00;31.29;40,30;-0,04;;136
28/09/26;REPSOL;PUT;Dic-26;24,00;31.29;39,62;-0,06;10;51
28/09/26;REPSOL;PUT;Dic-26;25,00;31.29;38,94;-0,09;3;29
28/09/26;REPSOL;PUT;Dic-26;26,00;31.29;38,26;-0,13;;5.038
28/09/26;REPSOL;PUT;Dic-26;27,00;31.29;37,57;-0,17;;178
28/09/26;REPSOL;PUT;Dic-26;28,00;31.29;36,89;-0,23;;824
28/09/26;REPSOL;PUT;Dic-26;29,00;31.29;36,21;-0,29;2;11
28/09/26;REPSOL;PUT;Dic-26;30,00;31.29;35,53;-0,36;;501
28/09/26;REPSOL;PUT;Dic-26;33,00;31.29;34,03;-0,59;;10
28/09/26;REPSOL;PUT;Mar-27;7,25;31.29;50,09;;;4
28/09/26;REPSOL;PUT;Mar-27;8,00;31.29;49,50;;;1
28/09/26;REPSOL;PUT;Mar-27;10,00;31.29;47,92;;;245
28/09/26;REPSOL;PUT;Mar-27;11,50;31.29;46,74;;;216
28/09/26;REPSOL;PUT;Mar-27;12,00;31.29;46,35;;;210
28/09/26;REPSOL;PUT;Mar-27;12,50;31.29;45,95;;;401
28/09/26;REPSOL;PUT;Mar-27;13,50;31.29;45,16;;;4
28/09/26;REPSOL;PUT;Mar-27;14,00;31.29;44,77;;;55
28/09/26;REPSOL;PUT;Mar-27;14,50;31.29;44,38;;;100
28/09/26;REPSOL;PUT;Mar-27;15,00;31.29;43,98;;;140
28/09/26;REPSOL;PUT;Mar-27;15,50;31.29;43,59;-0,01;;250
28/09/26;REPSOL;PUT;Mar-27;16,00;31.29;43,19;-0,01;;754
28/09/26;REPSOL;PUT;Mar-27;16,50;31.29;42,80;-0,01;;25
28/09/26;REPSOL;PUT;Mar-27;17,00;31.29;42,41;-0,01;;75
28/09/26;REPSOL;PUT;Mar-27;18,00;31.29;41,62;-0,02;;20
28/09/26;REPSOL;PUT;Mar-27;18,50;31.29;41,22;-0,02;;6
28/09/26;REPSOL;PUT;Mar-27;19,00;31.29;40,83;-0,03;;250
28/09/26;REPSOL;PUT;Mar-27;20,00;31.29;40,04;-0,04;;300
28/09/26;REPSOL;PUT;Mar-27;20,50;31.29;39,65;-0,05;;150
28/09/26;REPSOL;PUT;Mar-27;21,00;31.29;39,25;-0,05;;210
28/09/26;REPSOL;PUT;Mar-27;22,00;31.29;38,46;-0,08;;106
28/09/26;REPSOL;PUT;Mar-27;23,00;31.29;37,68;-0,10;;12
28/09/26;REPSOL;PUT;Mar-27;24,00;31.29;36,89;-0,13;;15
28/09/26;REPSOL;PUT;Mar-27;25,00;31.29;36,10;-0,16;4;120
28/09/26;REPSOL;PUT;Mar-27;26,00;31.29;35,31;-0,20;;18
28/09/26;REPSOL;PUT;Mar-27;27,00;31.29;34,52;-0,24;;21
28/09/26;REPSOL;PUT;Mar-27;28,00;31.29;33,73;-0,29;;2
28/09/26;REPSOL;PUT;Mar-27;29,00;31.29;32,95;-0,34;;150
28/09/26;REPSOL;PUT;Mar-27;30,00;31.29;32,16;-0,39;;2
28/09/26;REPSOL;PUT;Mar-27;31,00;31.29;31,37;-0,45;;1
28/09/26;REPSOL;PUT;Jun-27;8,00;31.29;43,24;;;25.000
28/09/26;REPSOL;PUT;Jun-27;9,50;31.29;42,39;;;40
28/09/26;REPSOL;PUT;Jun-27;10,00;31.29;42,11;;;10
28/09/26;REPSOL;PUT;Jun-27;10,50;31.29;41,83;;;2
28/09/26;REPSOL;PUT;Jun-27;11,50;31.29;41,26;;;80
28/09/26;REPSOL;PUT;Jun-27;12,00;31.29;40,98;;;210
28/09/26;REPSOL;PUT;Jun-27;12,50;31.29;40,70;;;200
28/09/26;REPSOL;PUT;Jun-27;13,00;31.29;40,42;;;5.010
28/09/26;REPSOL;PUT;Jun-27;13,50;31.29;40,13;;;183
28/09/26;REPSOL;PUT;Jun-27;14,00;31.29;39,85;-0,01;;38
28/09/26;REPSOL;PUT;Jun-27;14,50;31.29;39,57;-0,01;;20
28/09/26;REPSOL;PUT;Jun-27;15,00;31.29;39,29;-0,01;;20
28/09/26;REPSOL;PUT;Jun-27;16,00;31.29;38,72;-0,01;;95
28/09/26;REPSOL;PUT;Jun-27;18,00;31.29;37,59;-0,03;;50
28/09/26;REPSOL;PUT;Jun-27;19,50;31.29;36,75;-0,05;;100
28/09/26;REPSOL;PUT;Jun-27;20,00;31.29;36,46;-0,05;;30
28/09/26;REPSOL;PUT;Jun-27;21,00;31.29;35,90;-0,07;;2
28/09/26;REPSOL;PUT;Jun-27;22,00;31.29;35,34;-0,09;;2
28/09/26;REPSOL;PUT;Jun-27;23,00;31.29;34,77;-0,12;;12
28/09/26;REPSOL;PUT;Jun-27;24,00;31.29;34,21;-0,14;;1
28/09/26;REPSOL;PUT;Jun-27;25,00;31.29;33,64;-0,18;;8
28/09/26;REPSOL;PUT;Jun-27;26,00;31.29;33,08;-0,21;;2
28/09/26;REPSOL;PUT;Jun-27;27,00;31.29;32,51;-0,25;;10
28/09/26;REPSOL;PUT;Jun-27;30,00;31.29;30,82;-0,39;;10
28/09/26;REPSOL;PUT;Jun-27;32,00;31.29;29,99;-0,49;;1
28/09/26;REPSOL;PUT;Sep-27;10,50;31.29;40,23;;;100
28/09/26;REPSOL;PUT;Sep-27;11,00;31.29;39,98;;;101
28/09/26;REPSOL;PUT;Sep-27;11,50;31.29;39,72;;;100
28/09/26;REPSOL;PUT;Sep-27;12,00;31.29;39,46;;;104
28/09/26;REPSOL;PUT;Sep-27;14,00;31.29;38,44;-0,01;;25
28/09/26;REPSOL;PUT;Sep-27;14,50;31.29;38,19;-0,01;;420
28/09/26;REPSOL;PUT;Sep-27;15,00;31.29;37,93;-0,02;;2
28/09/26;REPSOL;PUT;Sep-27;15,50;31.29;37,67;-0,02;;159
28/09/26;REPSOL;PUT;Sep-27;18,00;31.29;36,40;-0,04;;1.000
28/09/26;REPSOL;PUT;Sep-27;19,00;31.29;35,88;-0,06;;5
28/09/26;REPSOL;PUT;Sep-27;24,00;31.29;33,33;-0,18;;1
28/09/26;REPSOL;PUT;Sep-27;25,00;31.29;32,82;-0,21;;1
28/09/26;REPSOL;PUT;Sep-27;30,00;31.29;30,26;-0,40;;10
28/09/26;REPSOL;PUT;Dic-27;7,75;31.29;41,49;;;234
28/09/26;REPSOL;PUT;Dic-27;8,00;31.29;41,35;;;23.000
28/09/26;REPSOL;PUT;Dic-27;8,50;31.29;41,07;;;8.000
28/09/26;REPSOL;PUT;Dic-27;9,00;31.29;40,80;;;7.000
28/09/26;REPSOL;PUT;Dic-27;9,75;31.29;40,38;;;62
28/09/26;REPSOL;PUT;Dic-27;10,00;31.29;40,24;;;11.028
28/09/26;REPSOL;PUT;Dic-27;10,50;31.29;39,97;;;12.938
28/09/26;REPSOL;PUT;Dic-27;11,00;31.29;39,69;;;27.620
28/09/26;REPSOL;PUT;Dic-27;12,00;31.29;39,14;-0,01;;1
28/09/26;REPSOL;PUT;Dic-27;12,50;31.29;38,86;-0,01;;25
28/09/26;REPSOL;PUT;Dic-27;13,00;31.29;38,58;-0,01;;266
28/09/26;REPSOL;PUT;Dic-27;14,00;31.29;38,03;-0,02;;15.000
28/09/26;REPSOL;PUT;Dic-27;14,50;31.29;37,75;-0,02;;7
28/09/26;REPSOL;PUT;Dic-27;15,00;31.29;37,47;-0,02;;7.001
28/09/26;REPSOL;PUT;Dic-27;16,00;31.29;36,92;-0,03;;30.000
28/09/26;REPSOL;PUT;Dic-27;16,50;31.29;36,64;-0,04;;1.525
28/09/26;REPSOL;PUT;Dic-27;17,00;31.29;36,37;-0,04;;25
28/09/26;REPSOL;PUT;Dic-27;18,00;31.29;35,81;-0,06;;101
28/09/26;REPSOL;PUT;Dic-27;19,00;31.29;35,26;-0,07;;3
28/09/26;REPSOL;PUT;Dic-27;20,00;31.29;34,70;-0,09;10;55
28/09/26;REPSOL;PUT;Dic-27;21,00;31.29;34,15;-0,11;;50
28/09/26;REPSOL;PUT;Dic-27;22,00;31.29;33,60;-0,13;;2.020
28/09/26;REPSOL;PUT;Dic-27;23,00;31.29;33,04;-0,16;;9
28/09/26;REPSOL;PUT;Dic-27;24,00;31.29;32,49;-0,18;;510
28/09/26;REPSOL;PUT;Dic-27;25,00;31.29;31,93;-0,21;;1
28/09/26;REPSOL;PUT;Dic-27;26,00;31.29;31,38;-0,25;;3
28/09/26;REPSOL;PUT;Dic-27;28,00;31.29;30,27;-0,32;;2
28/09/26;REPSOL;PUT;Mar-28;12,00;31.29;37,44;-0,01;;1.000
28/09/26;REPSOL;PUT;Mar-28;13,50;31.29;36,65;-0,02;;1.000
28/09/26;REPSOL;PUT;Mar-28;18,00;31.29;34,25;-0,07;;151
28/09/26;REPSOL;PUT;Mar-28;21,00;31.29;32,65;-0,12;;120
28/09/26;REPSOL;PUT;Mar-28;22,00;31.29;32,12;-0,14;;114
28/09/26;REPSOL;PUT;Mar-28;26,00;31.29;29,99;-0,26;;25
28/09/26;REPSOL;PUT;Jun-28;18,00;31.29;33,53;-0,07;;4.000
28/09/26;REPSOL;PUT;Jun-28;19,50;31.29;32,80;-0,10;;1
28/09/26;REPSOL;PUT;Jun-28;20,00;31.29;32,55;-0,11;;3.000
28/09/26;REPSOL;PUT;Jun-28;21,00;31.29;32,06;-0,13;;120
28/09/26;REPSOL;PUT;Jun-28;22,00;31.29;31,57;-0,15;;6.500
28/09/26;REPSOL;PUT;Jun-28;23,00;31.29;31,08;-0,17;;107
28/09/26;REPSOL;PUT;Sep-28;18,00;31.29;33,00;-0,08;;300
28/09/26;REPSOL;PUT;Sep-28;29,00;31.29;28,07;-0,37;;86
28/09/26;REPSOL;PUT;Sep-28;31,00;31.29;27,18;-0,43;80;80
28/09/26;REPSOL;PUT;Dic-28;9,00;31.29;35,83;;;40.500
28/09/26;REPSOL;PUT;Dic-28;10,00;31.29;35,43;-0,01;;10.000
28/09/26;REPSOL;PUT;Dic-28;11,50;31.29;34,82;-0,01;;1.000
28/09/26;REPSOL;PUT;Dic-28;14,50;31.29;33,61;-0,04;;1
28/09/26;REPSOL;PUT;Dic-28;15,00;31.29;33,40;-0,04;;30.250
28/09/26;REPSOL;PUT;Dic-28;18,00;31.29;32,19;-0,09;;1.000
28/09/26;REPSOL;PUT;Dic-28;19,50;31.29;31,58;-0,11;;1
28/09/26;REPSOL;PUT;Dic-28;23,00;31.29;30,17;-0,19;;1
28/09/26;REPSOL;PUT;Dic-28;24,00;31.29;29,76;-0,22;;1.528
28/09/26;REPSOL;PUT;Dic-28;26,00;31.29;28,95;-0,27;;9
28/09/26;REPSOL;PUT;Dic-28;36,00;31.29;26,66;-0,59;;10
28/09/26;REPSOL;PUT;Dic-28;38,00;31.29;26,60;-0,64;;1
28/09/26;REPSOL;PUT;Jun-29;11,00;31.29;33,38;-0,01;;140
28/09/26;REPSOL;PUT;Dic-29;7,75;31.29;33,17;;;30.000
28/09/26;REPSOL;PUT;Dic-29;8,00;31.29;33,10;;;17.000
28/09/26;REPSOL;PUT;Dic-29;11,00;31.29;32,24;-0,02;;20.000
28/09/26;REPSOL;PUT;Dic-29;11,50;31.29;32,09;-0,02;;17.000
28/09/26;REPSOL;PUT;Dic-29;12,50;31.29;31,80;-0,03;;800
28/09/26;REPSOL;PUT;Dic-29;28,00;31.29;27,35;-0,34;;25
28/09/26;REPSOL;PUT;Dic-30;14,00;31.29;30,17;-0,06;;3.000
28/09/26;REPSOL;PUT;Dic-30;18,50;31.29;29,16;-0,13;;3.000
28/09/26;REPSOL;CALL;Oct-26;20,00;31.29;46,70;1,00;;6
28/09/26;REPSOL;CALL;Oct-26;23,00;31.29;44,34;1,00;;20
28/09/26;REPSOL;CALL;Oct-26;28,00;31.29;40,39;0,90;;6
28/09/26;REPSOL;CALL;Oct-26;29,00;31.29;39,61;0,82;;10
28/09/26;REPSOL;CALL;Oct-26;30,00;31.29;38,82;0,71;;3
28/09/26;REPSOL;CALL;Oct-26;30,00;31.29;38,82;0,71;;20
28/09/26;REPSOL;CALL;Oct-26;31,00;31.29;38,03;0,57;;10
28/09/26;REPSOL;CALL;Oct-26;31,00;31.29;38,03;0,57;;5
28/09/26;REPSOL;CALL;Oct-26;32,00;31.29;37,57;0,42;;33
28/09/26;REPSOL;CALL;Oct-26;32,00;31.29;37,57;0,42;;10
28/09/26;REPSOL;CALL;Oct-26;33,00;31.29;37,24;0,28;;10
28/09/26;REPSOL;CALL;Nov-26;27,00;31.29;40,37;0,85;;10
28/09/26;REPSOL;CALL;Nov-26;29,00;31.29;38,81;0,73;;25
28/09/26;REPSOL;CALL;Nov-26;30,00;31.29;38,03;0,65;;10
28/09/26;REPSOL;CALL;Nov-26;30,00;31.29;38,03;0,65;;10
28/09/26;REPSOL;CALL;Nov-26;32,00;31.29;36,84;0,47;;10
28/09/26;REPSOL;CALL;Nov-26;33,00;31.29;36,57;0,39;;1
28/09/26;REPSOL;CALL;Nov-26;34,00;31.29;36,31;0,31;;10
28/09/26;REPSOL;CALL;Dic-26;14,50;31.29;47,63;0,99;;1
28/09/26;REPSOL;CALL;Dic-26;15,00;31.29;47,29;0,99;;33
28/09/26;REPSOL;CALL;Dic-26;17,00;31.29;45,92;0,99;;7
28/09/26;REPSOL;CALL;Dic-26;18,00;31.29;45,24;0,99;;26
28/09/26;REPSOL;CALL;Dic-26;21,00;31.29;43,20;0,98;;10
28/09/26;REPSOL;CALL;Dic-26;22,00;31.29;42,51;0,96;;37
28/09/26;REPSOL;CALL;Dic-26;23,00;31.29;41,83;0,95;;6
28/09/26;REPSOL;CALL;Dic-26;24,00;31.29;41,15;0,93;;131
28/09/26;REPSOL;CALL;Dic-26;24,00;31.29;41,15;0,93;;10
28/09/26;REPSOL;CALL;Dic-26;25,00;31.29;40,47;0,90;;17
28/09/26;REPSOL;CALL;Dic-26;26,00;31.29;39,79;0,86;;80
28/09/26;REPSOL;CALL;Dic-26;26,00;31.29;39,79;0,86;;20
28/09/26;REPSOL;CALL;Dic-26;27,00;31.29;39,10;0,82;;20
28/09/26;REPSOL;CALL;Dic-26;28,00;31.29;38,42;0,76;;1
28/09/26;REPSOL;CALL;Dic-26;28,00;31.29;38,42;0,76;;10
28/09/26;REPSOL;CALL;Dic-26;30,00;31.29;37,06;0,64;;7
28/09/26;REPSOL;CALL;Dic-26;31,00;31.29;36,38;0,57;;32
28/09/26;REPSOL;CALL;Dic-26;34,00;31.29;35,20;0,35;;6
28/09/26;REPSOL;CALL;Dic-26;36,00;31.29;34,47;0,23;;300
28/09/26;REPSOL;CALL;Mar-27;22,00;31.29;40,08;0,91;;5
28/09/26;REPSOL;CALL;Mar-27;23,00;31.29;39,30;0,88;;1
28/09/26;REPSOL;CALL;Mar-27;24,00;31.29;38,51;0,86;;6
28/09/26;REPSOL;CALL;Mar-27;25,00;31.29;37,72;0,82;;5
28/09/26;REPSOL;CALL;Mar-27;26,00;31.29;36,93;0,79;;5
28/09/26;REPSOL;CALL;Jun-27;23,00;31.29;36,03;0,86;;5
28/09/26;REPSOL;CALL;Jun-27;28,00;31.29;33,21;0,69;;15
28/09/26;REPSOL;CALL;Dic-27;12,00;31.29;41,84;0,95;;15.000
28/09/26;REPSOL;CALL;Dic-27;16,00;31.29;39,62;0,93;;7
28/09/26;REPSOL;CALL;Dic-27;31,00;31.29;31,31;0,56;;6
28/09/26;REPSOL;CALL;Jun-28;26,00;31.29;33,40;0,70;;1
28/09/26;REPSOL;CALL;Dic-28;15,25;31.29;37,42;0,88;;750
28/09/26;REPSOL;CALL;Jun-29;26,00;31.29;32,86;0,66;;1
28/09/26;REPSOL;PUT;Oct-26;25,00;31.29;40,86;-0,01;;5
28/09/26;REPSOL;PUT;Oct-26;26,00;31.29;40,07;-0,02;;5
28/09/26;REPSOL;PUT;Oct-26;27,00;31.29;39,28;-0,04;;8
28/09/26;REPSOL;PUT;Oct-26;27,00;31.29;39,28;-0,04;;30
28/09/26;REPSOL;PUT;Oct-26;28,00;31.29;38,49;-0,09;;1
28/09/26;REPSOL;PUT;Oct-26;30,00;31.29;36,92;-0,29;10;30
28/09/26;REPSOL;PUT;Nov-26;24,00;31.29;40,04;-0,03;;6
28/09/26;REPSOL;PUT;Nov-26;26,00;31.29;38,48;-0,09;;10
28/09/26;REPSOL;PUT;Nov-26;27,00;31.29;37,71;-0,13;;5
28/09/26;REPSOL;PUT;Nov-26;29,00;31.29;36,15;-0,26;10;10
28/09/26;REPSOL;PUT;Nov-26;30,00;31.29;35,37;-0,34;;10
28/09/26;REPSOL;PUT;Dic-26;11,00;31.29;48,48;;;1
28/09/26;REPSOL;PUT;Dic-26;13,50;31.29;46,78;;;150
28/09/26;REPSOL;PUT;Dic-26;14,50;31.29;46,10;;;150
28/09/26;REPSOL;PUT;Dic-26;15,00;31.29;45,76;;;1
28/09/26;REPSOL;PUT;Dic-26;15,50;31.29;45,42;;;450
28/09/26;REPSOL;PUT;Dic-26;17,00;31.29;44,39;;;154
28/09/26;REPSOL;PUT;Dic-26;18,00;31.29;43,71;;;7
28/09/26;REPSOL;PUT;Dic-26;20,00;31.29;42,35;-0,01;;20
28/09/26;REPSOL;PUT;Dic-26;21,00;31.29;41,67;-0,02;;10
28/09/26;REPSOL;PUT;Dic-26;22,00;31.29;40,98;-0,03;;10
28/09/26;REPSOL;PUT;Dic-26;22,00;31.29;40,98;-0,03;;15
28/09/26;REPSOL;PUT;Dic-26;24,00;31.29;39,62;-0,06;;36
28/09/26;REPSOL;PUT;Dic-26;25,00;31.29;38,94;-0,09;;30
28/09/26;REPSOL;PUT;Dic-26;26,00;31.29;38,26;-0,13;;40
28/09/26;REPSOL;PUT;Dic-26;30,00;31.29;35,53;-0,35;;10
28/09/26;REPSOL;PUT;Mar-27;11,50;31.29;46,74;;;1
28/09/26;REPSOL;PUT;Jun-27;24,00;31.29;34,21;-0,14;;5
28/09/26;REPSOL;PUT;Jun-27;27,00;31.29;32,51;-0,24;;1
28/09/26;REPSOL;PUT;Sep-27;17,00;31.29;36,91;-0,03;;5
28/09/26;REPSOL;PUT;Dic-28;15,25;31.29;33,30;-0,04;;750
28/09/26;REPSOL;PUT;Dic-28;21,00;31.29;30,98;-0,13;;15
28/09/26;SACYR;CALL;Nov-26;4,50;4.04;25,73;0,16;;80
28/09/26;SACYR;CALL;Dic-26;3,90;4.04;27,94;0,65;;25
28/09/26;SACYR;CALL;Dic-26;4,00;4.04;27,88;0,57;;5
28/09/26;SACYR;CALL;Dic-26;4,20;4.04;27,39;0,42;;20
28/09/26;SACYR;CALL;Dic-26;4,30;4.04;27,10;0,35;;43
28/09/26;SACYR;CALL;Dic-26;4,50;4.04;26,52;0,22;;10
28/09/26;SACYR;CALL;Dic-26;4,70;4.04;25,94;0,13;;10
28/09/26;SACYR;CALL;Dic-26;4,80;4.04;25,66;0,09;;10
28/09/26;SACYR;CALL;Dic-26;5,00;4.04;25,08;0,05;;30
28/09/26;SACYR;CALL;Mar-27;3,70;4.04;26,25;0,73;;10
28/09/26;SACYR;CALL;Mar-27;3,80;4.04;26,19;0,68;;10
28/09/26;SACYR;CALL;Mar-27;4,80;4.04;24,96;0,18;;20.000
28/09/26;SACYR;CALL;Jun-27;3,90;4.04;24,80;0,62;;25
28/09/26;SACYR;CALL;Jun-27;4,80;4.04;24,05;0,24;;10
28/09/26;SACYR;CALL;Jun-27;4,90;4.04;23,96;0,21;;20
28/09/26;SACYR;CALL;Jun-27;5,00;4.04;23,87;0,18;;10
28/09/26;SACYR;CALL;Dic-27;4,00;4.04;23,66;0,57;;25
28/09/26;SACYR;PUT;Oct-26;4,50;4.04;22,76;-1,00;;100
28/09/26;SACYR;PUT;Dic-26;3,50;4.04;28,06;-0,12;;10
28/09/26;SACYR;PUT;Dic-26;4,00;4.04;27,73;-0,43;10;
28/09/26;SACYR;PUT;Dic-26;4,30;4.04;26,95;-0,66;;5
28/09/26;SACYR;PUT;Dic-26;4,50;4.04;26,37;-0,79;;1.000
28/09/26;SACYR;PUT;Dic-26;4,70;4.04;25,79;-0,89;;50
28/09/26;SACYR;PUT;Dic-26;5,00;4.04;24,93;-0,99;;100
28/09/26;SACYR;PUT;Mar-27;4,20;4.04;25,71;-0,56;;3
28/09/26;SACYR;PUT;Jun-27;3,40;4.04;25,08;-0,17;;20
28/09/26;SACYR;PUT;Jun-27;3,80;4.04;24,92;-0,34;;10
28/09/26;SACYR;PUT;Jun-27;3,90;4.04;24,88;-0,39;;10
28/09/26;SACYR;PUT;Jun-27;4,30;4.04;24,58;-0,58;;3
28/09/26;SACYR;PUT;Jun-27;4,50;4.04;24,40;-0,67;;1.100
28/09/26;SACYR;PUT;Sep-27;3,70;4.04;24,26;-0,34;;10
28/09/26;SANTANDER;CALL;Oct-26;8,75;12.5;40,78;1,00;;10
28/09/26;SANTANDER;CALL;Oct-26;11,00;12.5;33,11;0,96;;1
28/09/26;SANTANDER;CALL;Oct-26;11,50;12.5;31,40;0,89;;12
28/09/26;SANTANDER;CALL;Oct-26;12,50;12.5;27,99;0,52;;8.006
28/09/26;SANTANDER;CALL;Oct-26;12,75;12.5;27,73;0,39;1;6
28/09/26;SANTANDER;CALL;Oct-26;13,00;12.5;27,48;0,28;80;1.047
28/09/26;SANTANDER;CALL;Oct-26;13,25;12.5;27,22;0,18;;8
28/09/26;SANTANDER;CALL;Oct-26;13,50;12.5;26,97;0,11;;21
28/09/26;SANTANDER;CALL;Oct-26;14,00;12.5;26,46;0,03;;170
28/09/26;SANTANDER;CALL;Oct-26;14,50;12.5;25,96;0,01;;1
28/09/26;SANTANDER;CALL;Nov-26;11,00;12.5;35,08;0,87;;2
28/09/26;SANTANDER;CALL;Nov-26;11,50;12.5;33,37;0,78;;6
28/09/26;SANTANDER;CALL;Nov-26;12,50;12.5;29,96;0,52;;9
28/09/26;SANTANDER;CALL;Nov-26;13,00;12.5;29,46;0,37;;3
28/09/26;SANTANDER;CALL;Nov-26;13,50;12.5;28,97;0,25;;24
28/09/26;SANTANDER;CALL;Nov-26;14,00;12.5;28,47;0,15;;98
28/09/26;SANTANDER;CALL;Dic-26;3,00;12.5;62,57;1,00;;1
28/09/26;SANTANDER;CALL;Dic-26;4,00;12.5;59,16;1,00;;100
28/09/26;SANTANDER;CALL;Dic-26;4,50;12.5;57,45;1,00;;1
28/09/26;SANTANDER;CALL;Dic-26;4,80;12.5;56,43;1,00;;5.050
28/09/26;SANTANDER;CALL;Dic-26;4,90;12.5;56,08;1,00;;50
28/09/26;SANTANDER;CALL;Dic-26;5,00;12.5;55,74;1,00;;25
28/09/26;SANTANDER;CALL;Dic-26;5,25;12.5;54,89;1,00;;25
28/09/26;SANTANDER;CALL;Dic-26;5,75;12.5;53,18;1,00;;6
28/09/26;SANTANDER;CALL;Dic-26;6,00;12.5;52,33;1,00;;7
28/09/26;SANTANDER;CALL;Dic-26;6,50;12.5;50,62;1,00;;5
28/09/26;SANTANDER;CALL;Dic-26;7,00;12.5;48,92;1,00;;86
28/09/26;SANTANDER;CALL;Dic-26;7,50;12.5;47,21;1,00;;28
28/09/26;SANTANDER;CALL;Dic-26;7,75;12.5;46,36;1,00;;2
28/09/26;SANTANDER;CALL;Dic-26;8,00;12.5;45,50;1,00;;10.163
28/09/26;SANTANDER;CALL;Dic-26;8,25;12.5;44,65;0,99;;110
28/09/26;SANTANDER;CALL;Dic-26;8,50;12.5;43,80;0,99;;100
28/09/26;SANTANDER;CALL;Dic-26;8,75;12.5;42,94;0,99;;22
28/09/26;SANTANDER;CALL;Dic-26;9,00;12.5;42,09;0,98;;315
28/09/26;SANTANDER;CALL;Dic-26;9,25;12.5;41,24;0,97;;2
28/09/26;SANTANDER;CALL;Dic-26;9,50;12.5;40,39;0,96;1;65
28/09/26;SANTANDER;CALL;Dic-26;9,75;12.5;39,53;0,94;;5
28/09/26;SANTANDER;CALL;Dic-26;10,00;12.5;38,68;0,93;;67
28/09/26;SANTANDER;CALL;Dic-26;10,50;12.5;36,97;0,88;;67
28/09/26;SANTANDER;CALL;Dic-26;11,00;12.5;35,27;0,81;;58
28/09/26;SANTANDER;CALL;Dic-26;11,50;12.5;33,56;0,73;;378
28/09/26;SANTANDER;CALL;Dic-26;12,00;12.5;31,85;0,63;;57
28/09/26;SANTANDER;CALL;Dic-26;12,50;12.5;30,15;0,52;;80.162
28/09/26;SANTANDER;CALL;Dic-26;13,00;12.5;29,66;0,40;;26.033
28/09/26;SANTANDER;CALL;Dic-26;13,50;12.5;29,18;0,30;;52
28/09/26;SANTANDER;CALL;Dic-26;14,00;12.5;28,70;0,21;;113
28/09/26;SANTANDER;CALL;Dic-26;14,50;12.5;28,22;0,14;;113
28/09/26;SANTANDER;CALL;Mar-27;4,60;12.5;54,08;1,00;;25
28/09/26;SANTANDER;CALL;Mar-27;4,70;12.5;53,78;1,00;;25
28/09/26;SANTANDER;CALL;Mar-27;4,80;12.5;53,47;1,00;;50
28/09/26;SANTANDER;CALL;Mar-27;4,90;12.5;53,17;1,00;;50
28/09/26;SANTANDER;CALL;Mar-27;5,00;12.5;52,87;1,00;;50
28/09/26;SANTANDER;CALL;Mar-27;5,25;12.5;52,12;1,00;;25
28/09/26;SANTANDER;CALL;Mar-27;6,00;12.5;49,86;1,00;;25
28/09/26;SANTANDER;CALL;Mar-27;6,25;12.5;49,11;1,00;;25
28/09/26;SANTANDER;CALL;Mar-27;7,50;12.5;45,34;0,98;;1
28/09/26;SANTANDER;CALL;Mar-27;8,00;12.5;43,83;0,96;;3
28/09/26;SANTANDER;CALL;Mar-27;9,25;12.5;40,07;0,89;;140
28/09/26;SANTANDER;CALL;Mar-27;9,50;12.5;39,31;0,88;;36
28/09/26;SANTANDER;CALL;Mar-27;10,00;12.5;37,81;0,84;;30
28/09/26;SANTANDER;CALL;Mar-27;11,00;12.5;34,80;0,75;;1.820
28/09/26;SANTANDER;CALL;Mar-27;11,50;12.5;33,29;0,69;;52
28/09/26;SANTANDER;CALL;Mar-27;12,00;12.5;31,78;0,62;;6.615
28/09/26;SANTANDER;CALL;Mar-27;12,50;12.5;30,28;0,54;;52.506
28/09/26;SANTANDER;CALL;Mar-27;13,00;12.5;29,86;0,47;;30.105
28/09/26;SANTANDER;CALL;Mar-27;13,50;12.5;29,45;0,39;;6.100
28/09/26;SANTANDER;CALL;Mar-27;14,00;12.5;29,03;0,32;;43
28/09/26;SANTANDER;CALL;Mar-27;14,50;12.5;28,62;0,26;;100
28/09/26;SANTANDER;CALL;Mar-27;15,00;12.5;28,21;0,20;;122
28/09/26;SANTANDER;CALL;Mar-27;15,50;12.5;27,79;0,15;;26
28/09/26;SANTANDER;CALL;Mar-27;16,00;12.5;27,38;0,11;;13
28/09/26;SANTANDER;CALL;Jun-27;6,00;12.5;46,43;0,99;;25
28/09/26;SANTANDER;CALL;Jun-27;6,25;12.5;45,84;0,99;;25
28/09/26;SANTANDER;CALL;Jun-27;6,50;12.5;45,24;0,99;;25
28/09/26;SANTANDER;CALL;Jun-27;6,75;12.5;44,65;0,98;;25
28/09/26;SANTANDER;CALL;Jun-27;7,00;12.5;44,06;0,97;;25
28/09/26;SANTANDER;CALL;Jun-27;7,25;12.5;43,46;0,96;;25
28/09/26;SANTANDER;CALL;Jun-27;8,25;12.5;41,09;0,92;;5
28/09/26;SANTANDER;CALL;Jun-27;9,00;12.5;39,31;0,88;;6.000
28/09/26;SANTANDER;CALL;Jun-27;9,75;12.5;37,53;0,83;;1
28/09/26;SANTANDER;CALL;Jun-27;10,00;12.5;36,94;0,82;;5.030
28/09/26;SANTANDER;CALL;Jun-27;10,50;12.5;35,75;0,77;;100
28/09/26;SANTANDER;CALL;Jun-27;11,00;12.5;34,56;0,73;;19
28/09/26;SANTANDER;CALL;Jun-27;12,00;12.5;32,19;0,62;;5.000
28/09/26;SANTANDER;CALL;Jun-27;12,50;12.5;31,00;0,56;;7.507
28/09/26;SANTANDER;CALL;Jun-27;13,00;12.5;30,60;0,50;;624
28/09/26;SANTANDER;CALL;Jun-27;13,50;12.5;30,20;0,44;;157
28/09/26;SANTANDER;CALL;Jun-27;14,00;12.5;29,80;0,38;;5.001
28/09/26;SANTANDER;CALL;Jun-27;15,00;12.5;29,00;0,27;;2.020
28/09/26;SANTANDER;CALL;Jun-27;16,00;12.5;28,20;0,18;;10
28/09/26;SANTANDER;CALL;Jun-27;16,50;12.5;27,80;0,15;;50
28/09/26;SANTANDER;CALL;Sep-27;9,00;12.5;38,29;0,86;;153
28/09/26;SANTANDER;CALL;Sep-27;10,00;12.5;36,26;0,80;;2
28/09/26;SANTANDER;CALL;Sep-27;10,50;12.5;35,25;0,76;;30
28/09/26;SANTANDER;CALL;Sep-27;11,50;12.5;33,22;0,67;;15
28/09/26;SANTANDER;CALL;Sep-27;12,00;12.5;32,21;0,62;;2
28/09/26;SANTANDER;CALL;Sep-27;12,50;12.5;31,19;0,57;;1.500
28/09/26;SANTANDER;CALL;Sep-27;13,00;12.5;30,83;0,52;1;1
28/09/26;SANTANDER;CALL;Dic-27;2,30;12.5;50,49;1,00;;22
28/09/26;SANTANDER;CALL;Dic-27;4,20;12.5;46,94;1,00;;7.000
28/09/26;SANTANDER;CALL;Dic-27;4,90;12.5;45,64;1,00;;4
28/09/26;SANTANDER;CALL;Dic-27;5,00;12.5;45,45;1,00;;2
28/09/26;SANTANDER;CALL;Dic-27;5,25;12.5;44,98;1,00;;3
28/09/26;SANTANDER;CALL;Dic-27;5,50;12.5;44,52;0,99;;5
28/09/26;SANTANDER;CALL;Dic-27;7,00;12.5;41,72;0,94;;2.545
28/09/26;SANTANDER;CALL;Dic-27;7,50;12.5;40,79;0,93;;4
28/09/26;SANTANDER;CALL;Dic-27;8,00;12.5;39,85;0,90;;10
28/09/26;SANTANDER;CALL;Dic-27;8,50;12.5;38,92;0,88;;2
28/09/26;SANTANDER;CALL;Dic-27;9,00;12.5;37,99;0,85;;152
28/09/26;SANTANDER;CALL;Dic-27;9,25;12.5;37,52;0,84;;25
28/09/26;SANTANDER;CALL;Dic-27;10,00;12.5;36,12;0,79;;20
28/09/26;SANTANDER;CALL;Dic-27;10,50;12.5;35,19;0,75;;1
28/09/26;SANTANDER;CALL;Dic-27;11,00;12.5;34,25;0,71;;5.000
28/09/26;SANTANDER;CALL;Dic-27;11,50;12.5;33,32;0,67;;150
28/09/26;SANTANDER;CALL;Dic-27;12,00;12.5;32,39;0,63;;6
28/09/26;SANTANDER;CALL;Dic-27;14,00;12.5;30,41;0,44;;52.500
28/09/26;SANTANDER;CALL;Dic-27;14,50;12.5;30,06;0,39;;3.000
28/09/26;SANTANDER;CALL;Dic-27;15,00;12.5;29,72;0,35;;25.000
28/09/26;SANTANDER;CALL;Dic-27;15,50;12.5;29,37;0,31;;2
28/09/26;SANTANDER;CALL;Mar-28;8,75;12.5;37,95;0,85;;1
28/09/26;SANTANDER;CALL;Mar-28;9,00;12.5;37,53;0,84;;450
28/09/26;SANTANDER;CALL;Mar-28;9,25;12.5;37,10;0,83;;300
28/09/26;SANTANDER;CALL;Mar-28;9,50;12.5;36,67;0,81;;50
28/09/26;SANTANDER;CALL;Mar-28;9,75;12.5;36,25;0,80;;250
28/09/26;SANTANDER;CALL;Mar-28;10,00;12.5;35,82;0,78;;126
28/09/26;SANTANDER;CALL;Mar-28;12,00;12.5;32,41;0,63;;150
28/09/26;SANTANDER;CALL;Mar-28;12,50;12.5;31,55;0,59;;1
28/09/26;SANTANDER;CALL;Mar-28;13,50;12.5;30,86;0,50;;150
28/09/26;SANTANDER;CALL;Mar-28;14,00;12.5;30,51;0,46;;10.001
28/09/26;SANTANDER;CALL;Jun-28;6,00;12.5;41,98;0,97;;3
28/09/26;SANTANDER;CALL;Jun-28;7,75;12.5;39,28;0,90;;4
28/09/26;SANTANDER;CALL;Jun-28;9,50;12.5;36,57;0,81;;5
28/09/26;SANTANDER;CALL;Jun-28;10,00;12.5;35,80;0,77;;150
28/09/26;SANTANDER;CALL;Jun-28;12,50;12.5;31,93;0,59;;3
28/09/26;SANTANDER;CALL;Jun-28;15,50;12.5;30,01;0,37;;3.500
28/09/26;SANTANDER;CALL;Sep-28;13,00;12.5;31,89;0,56;;3
28/09/26;SANTANDER;CALL;Sep-28;15,50;12.5;30,36;0,39;;15
28/09/26;SANTANDER;CALL;Dic-28;8,50;12.5;37,99;0,85;;3.003
28/09/26;SANTANDER;CALL;Dic-28;9,00;12.5;37,31;0,82;;4
28/09/26;SANTANDER;CALL;Dic-28;12,00;12.5;33,23;0,64;;5.000
28/09/26;SANTANDER;CALL;Dic-28;12,50;12.5;32,55;0,61;;1
28/09/26;SANTANDER;CALL;Dic-28;13,00;12.5;32,27;0,57;;2
28/09/26;SANTANDER;PUT;Oct-26;10,00;12.5;37,24;;;4
28/09/26;SANTANDER;PUT;Oct-26;11,00;12.5;33,83;-0,04;;186
28/09/26;SANTANDER;PUT;Oct-26;11,50;12.5;32,12;-0,11;;737
28/09/26;SANTANDER;PUT;Oct-26;12,00;12.5;30,41;-0,26;2;10.017
28/09/26;SANTANDER;PUT;Oct-26;12,50;12.5;28,71;-0,48;;373
28/09/26;SANTANDER;PUT;Oct-26;12,75;12.5;28,45;-0,61;;1
28/09/26;SANTANDER;PUT;Oct-26;13,00;12.5;28,20;-0,72;;28
28/09/26;SANTANDER;PUT;Oct-26;13,25;12.5;27,94;-0,82;;5
28/09/26;SANTANDER;PUT;Oct-26;13,50;12.5;27,69;-0,89;;5
28/09/26;SANTANDER;PUT;Nov-26;10,50;12.5;35,99;-0,10;;20
28/09/26;SANTANDER;PUT;Nov-26;11,00;12.5;34,29;-0,16;;48
28/09/26;SANTANDER;PUT;Nov-26;11,50;12.5;32,58;-0,25;1;912
28/09/26;SANTANDER;PUT;Nov-26;12,00;12.5;30,87;-0,37;;681
28/09/26;SANTANDER;PUT;Nov-26;12,50;12.5;29,17;-0,51;;17
28/09/26;SANTANDER;PUT;Nov-26;13,00;12.5;28,67;-0,65;;5
28/09/26;SANTANDER;PUT;Dic-26;2,50;12.5;62,95;;;40
28/09/26;SANTANDER;PUT;Dic-26;2,80;12.5;61,93;;;60.000
28/09/26;SANTANDER;PUT;Dic-26;3,20;12.5;60,57;;;10
28/09/26;SANTANDER;PUT;Dic-26;3,40;12.5;59,88;;;2
28/09/26;SANTANDER;PUT;Dic-26;3,50;12.5;59,54;;;5
28/09/26;SANTANDER;PUT;Dic-26;3,60;12.5;59,20;;;50.002
28/09/26;SANTANDER;PUT;Dic-26;4,00;12.5;57,84;;;25.007
28/09/26;SANTANDER;PUT;Dic-26;4,20;12.5;57,15;;;25
28/09/26;SANTANDER;PUT;Dic-26;4,30;12.5;56,81;;;15.000
28/09/26;SANTANDER;PUT;Dic-26;4,40;12.5;56,47;;;10.000
28/09/26;SANTANDER;PUT;Dic-26;4,60;12.5;55,79;;;80
28/09/26;SANTANDER;PUT;Dic-26;4,70;12.5;55,45;;;5
28/09/26;SANTANDER;PUT;Dic-26;4,80;12.5;55,11;;;15.000
28/09/26;SANTANDER;PUT;Dic-26;4,90;12.5;54,76;;;150
28/09/26;SANTANDER;PUT;Dic-26;5,00;12.5;54,42;;;20.400
28/09/26;SANTANDER;PUT;Dic-26;5,25;12.5;53,57;;;600
28/09/26;SANTANDER;PUT;Dic-26;6,00;12.5;51,01;;;5.019
28/09/26;SANTANDER;PUT;Dic-26;6,25;12.5;50,16;;;5
28/09/26;SANTANDER;PUT;Dic-26;6,50;12.5;49,30;;;155
28/09/26;SANTANDER;PUT;Dic-26;6,75;12.5;48,45;;;156
28/09/26;SANTANDER;PUT;Dic-26;7,00;12.5;47,60;;;10.171
28/09/26;SANTANDER;PUT;Dic-26;7,25;12.5;46,74;-0,01;;50
28/09/26;SANTANDER;PUT;Dic-26;7,50;12.5;45,89;-0,01;;18
28/09/26;SANTANDER;PUT;Dic-26;7,75;12.5;45,04;-0,01;;51
28/09/26;SANTANDER;PUT;Dic-26;8,00;12.5;44,18;-0,01;;34.888
28/09/26;SANTANDER;PUT;Dic-26;8,25;12.5;43,33;-0,02;;611
28/09/26;SANTANDER;PUT;Dic-26;8,50;12.5;42,48;-0,02;;15.882
28/09/26;SANTANDER;PUT;Dic-26;8,75;12.5;41,62;-0,03;;856
28/09/26;SANTANDER;PUT;Dic-26;9,00;12.5;40,77;-0,04;;5.090
28/09/26;SANTANDER;PUT;Dic-26;9,25;12.5;39,92;-0,05;;999
28/09/26;SANTANDER;PUT;Dic-26;9,50;12.5;39,07;-0,06;;34
28/09/26;SANTANDER;PUT;Dic-26;9,75;12.5;38,21;-0,08;;20
28/09/26;SANTANDER;PUT;Dic-26;10,00;12.5;37,36;-0,09;;90.011
28/09/26;SANTANDER;PUT;Dic-26;10,50;12.5;35,65;-0,14;;15.210
28/09/26;SANTANDER;PUT;Dic-26;11,00;12.5;33,95;-0,20;3;1.237
28/09/26;SANTANDER;PUT;Dic-26;11,50;12.5;32,24;-0,28;;82
28/09/26;SANTANDER;PUT;Dic-26;12,00;12.5;30,53;-0,38;5;10.246
28/09/26;SANTANDER;PUT;Dic-26;12,50;12.5;28,83;-0,49;;179
28/09/26;SANTANDER;PUT;Dic-26;13,00;12.5;28,34;-0,61;;5.023
28/09/26;SANTANDER;PUT;Dic-26;13,50;12.5;27,86;-0,72;;100
28/09/26;SANTANDER;PUT;Dic-26;14,00;12.5;27,38;-0,82;;112
28/09/26;SANTANDER;PUT;Dic-26;16,00;12.5;25,46;-0,99;;1
28/09/26;SANTANDER;PUT;Mar-27;5,25;12.5;50,67;;;470
28/09/26;SANTANDER;PUT;Mar-27;5,50;12.5;49,92;;;150
28/09/26;SANTANDER;PUT;Mar-27;6,00;12.5;48,41;-0,01;;150
28/09/26;SANTANDER;PUT;Mar-27;6,75;12.5;46,15;-0,02;;371
28/09/26;SANTANDER;PUT;Mar-27;7,00;12.5;45,40;-0,02;;1
28/09/26;SANTANDER;PUT;Mar-27;7,25;12.5;44,64;-0,03;;16.000
28/09/26;SANTANDER;PUT;Mar-27;8,00;12.5;42,38;-0,05;;100
28/09/26;SANTANDER;PUT;Mar-27;8,25;12.5;41,63;-0,05;;5.400
28/09/26;SANTANDER;PUT;Mar-27;8,50;12.5;40,88;-0,07;;100
28/09/26;SANTANDER;PUT;Mar-27;8,75;12.5;40,12;-0,08;;5
28/09/26;SANTANDER;PUT;Mar-27;9,00;12.5;39,37;-0,09;;40
28/09/26;SANTANDER;PUT;Mar-27;9,25;12.5;38,62;-0,10;;3
28/09/26;SANTANDER;PUT;Mar-27;9,50;12.5;37,86;-0,12;;52.500
28/09/26;SANTANDER;PUT;Mar-27;9,75;12.5;37,11;-0,14;;6.700
28/09/26;SANTANDER;PUT;Mar-27;10,00;12.5;36,36;-0,15;;85
28/09/26;SANTANDER;PUT;Mar-27;10,50;12.5;34,85;-0,20;;55
28/09/26;SANTANDER;PUT;Mar-27;11,00;12.5;33,35;-0,25;;9.549
28/09/26;SANTANDER;PUT;Mar-27;11,50;12.5;31,84;-0,31;;90
28/09/26;SANTANDER;PUT;Mar-27;12,00;12.5;30,33;-0,39;;457
28/09/26;SANTANDER;PUT;Mar-27;12,50;12.5;28,83;-0,47;;29
28/09/26;SANTANDER;PUT;Mar-27;13,00;12.5;28,41;-0,55;;14.500
28/09/26;SANTANDER;PUT;Mar-27;14,50;12.5;27,17;-0,78;;1
28/09/26;SANTANDER;PUT;Jun-27;3,00;12.5;52,68;;;15.000
28/09/26;SANTANDER;PUT;Jun-27;4,00;12.5;50,30;;;1
28/09/26;SANTANDER;PUT;Jun-27;5,50;12.5;46,75;-0,01;;42
28/09/26;SANTANDER;PUT;Jun-27;6,00;12.5;45,56;-0,02;;20.100
28/09/26;SANTANDER;PUT;Jun-27;7,00;12.5;43,19;-0,04;;5.155
28/09/26;SANTANDER;PUT;Jun-27;7,25;12.5;42,59;-0,05;;150
28/09/26;SANTANDER;PUT;Jun-27;7,50;12.5;42,00;-0,05;;813
28/09/26;SANTANDER;PUT;Jun-27;7,75;12.5;41,41;-0,06;;150
28/09/26;SANTANDER;PUT;Jun-27;8,00;12.5;40,81;-0,07;;6.000
28/09/26;SANTANDER;PUT;Jun-27;8,50;12.5;39,63;-0,10;;5.000
28/09/26;SANTANDER;PUT;Jun-27;8,75;12.5;39,03;-0,11;;10
28/09/26;SANTANDER;PUT;Jun-27;9,00;12.5;38,44;-0,12;;16.000
28/09/26;SANTANDER;PUT;Jun-27;9,50;12.5;37,25;-0,16;;5
28/09/26;SANTANDER;PUT;Jun-27;10,00;12.5;36,07;-0,19;;10.000
28/09/26;SANTANDER;PUT;Jun-27;10,50;12.5;34,88;-0,23;;9.114
28/09/26;SANTANDER;PUT;Jun-27;11,50;12.5;32,51;-0,33;;5.260
28/09/26;SANTANDER;PUT;Jun-27;12,00;12.5;31,32;-0,39;;10.025
28/09/26;SANTANDER;PUT;Jun-27;12,50;12.5;30,13;-0,45;;371
28/09/26;SANTANDER;PUT;Jun-27;13,00;12.5;29,73;-0,52;1;28
28/09/26;SANTANDER;PUT;Sep-27;8,00;12.5;39,60;-0,09;;315
28/09/26;SANTANDER;PUT;Sep-27;9,50;12.5;36,56;-0,17;;263
28/09/26;SANTANDER;PUT;Sep-27;9,75;12.5;36,06;-0,19;;25
28/09/26;SANTANDER;PUT;Sep-27;10,00;12.5;35,55;-0,21;;5
28/09/26;SANTANDER;PUT;Sep-27;12,00;12.5;31,50;-0,39;;3.502
28/09/26;SANTANDER;PUT;Sep-27;12,50;12.5;30,48;-0,44;;1.500
28/09/26;SANTANDER;PUT;Sep-27;13,00;12.5;30,12;-0,50;;3
28/09/26;SANTANDER;PUT;Dic-27;3,30;12.5;47,53;;;10
28/09/26;SANTANDER;PUT;Dic-27;3,50;12.5;47,16;;;10.040
28/09/26;SANTANDER;PUT;Dic-27;3,90;12.5;46,41;-0,01;;10
28/09/26;SANTANDER;PUT;Dic-27;4,00;12.5;46,23;-0,01;;42
28/09/26;SANTANDER;PUT;Dic-27;4,20;12.5;45,85;-0,01;;7.000
28/09/26;SANTANDER;PUT;Dic-27;4,40;12.5;45,48;-0,01;;51.025
28/09/26;SANTANDER;PUT;Dic-27;4,70;12.5;44,92;-0,01;;10
28/09/26;SANTANDER;PUT;Dic-27;5,25;12.5;43,89;-0,02;;11.500
28/09/26;SANTANDER;PUT;Dic-27;5,50;12.5;43,43;-0,03;;1
28/09/26;SANTANDER;PUT;Dic-27;5,75;12.5;42,96;-0,03;;50.000
28/09/26;SANTANDER;PUT;Dic-27;6,00;12.5;42,50;-0,04;;5.150
28/09/26;SANTANDER;PUT;Dic-27;6,25;12.5;42,03;-0,04;;150
28/09/26;SANTANDER;PUT;Dic-27;6,50;12.5;41,56;-0,05;;151
28/09/26;SANTANDER;PUT;Dic-27;6,75;12.5;41,10;-0,06;;150
28/09/26;SANTANDER;PUT;Dic-27;7,00;12.5;40,63;-0,07;;10.505
28/09/26;SANTANDER;PUT;Dic-27;7,25;12.5;40,16;-0,07;;325
28/09/26;SANTANDER;PUT;Dic-27;7,50;12.5;39,70;-0,08;;300
28/09/26;SANTANDER;PUT;Dic-27;7,75;12.5;39,23;-0,09;;5.000
28/09/26;SANTANDER;PUT;Dic-27;8,00;12.5;38,76;-0,11;;75
28/09/26;SANTANDER;PUT;Dic-27;8,50;12.5;37,83;-0,13;;10.003
28/09/26;SANTANDER;PUT;Dic-27;8,75;12.5;37,36;-0,14;;23
28/09/26;SANTANDER;PUT;Dic-27;9,00;12.5;36,90;-0,16;;4.000
28/09/26;SANTANDER;PUT;Dic-27;9,75;12.5;35,50;-0,21;;25.000
28/09/26;SANTANDER;PUT;Dic-27;10,00;12.5;35,03;-0,22;;40.176
28/09/26;SANTANDER;PUT;Dic-27;10,50;12.5;34,10;-0,26;;4.745
28/09/26;SANTANDER;PUT;Dic-27;11,00;12.5;33,16;-0,30;;30.005
28/09/26;SANTANDER;PUT;Dic-27;11,50;12.5;32,23;-0,34;;25
28/09/26;SANTANDER;PUT;Dic-27;12,00;12.5;31,30;-0,39;;302
28/09/26;SANTANDER;PUT;Dic-27;12,50;12.5;30,36;-0,44;;3.025
28/09/26;SANTANDER;PUT;Mar-28;9,00;12.5;35,83;-0,16;;3.150
28/09/26;SANTANDER;PUT;Mar-28;9,25;12.5;35,40;-0,18;;150
28/09/26;SANTANDER;PUT;Mar-28;9,75;12.5;34,55;-0,21;;5
28/09/26;SANTANDER;PUT;Mar-28;10,00;12.5;34,12;-0,23;;150
28/09/26;SANTANDER;PUT;Mar-28;10,50;12.5;33,27;-0,26;;387
28/09/26;SANTANDER;PUT;Mar-28;11,00;12.5;32,41;-0,30;;20.175
28/09/26;SANTANDER;PUT;Mar-28;12,00;12.5;30,71;-0,39;;150
28/09/26;SANTANDER;PUT;Mar-28;12,50;12.5;29,85;-0,43;;1
28/09/26;SANTANDER;PUT;Jun-28;5,00;12.5;41,31;-0,02;;10.000
28/09/26;SANTANDER;PUT;Jun-28;10,50;12.5;32,81;-0,27;;10.000
28/09/26;SANTANDER;PUT;Jun-28;11,00;12.5;32,03;-0,31;;381
28/09/26;SANTANDER;PUT;Jun-28;11,50;12.5;31,26;-0,34;;450
28/09/26;SANTANDER;PUT;Jun-28;12,00;12.5;30,49;-0,38;;602
28/09/26;SANTANDER;PUT;Jun-28;12,50;12.5;29,71;-0,43;;3.500
28/09/26;SANTANDER;PUT;Dic-28;4,20;12.5;40,61;-0,02;;10.000
28/09/26;SANTANDER;PUT;Dic-28;6,00;12.5;38,16;-0,06;;12.500
28/09/26;SANTANDER;PUT;Dic-28;8,00;12.5;35,44;-0,14;;15.500
28/09/26;SANTANDER;PUT;Dic-28;8,50;12.5;34,76;-0,16;;3.000
28/09/26;SANTANDER;PUT;Dic-28;9,00;12.5;34,08;-0,19;;5.000
28/09/26;SANTANDER;PUT;Dic-28;10,00;12.5;32,72;-0,24;;12.000
28/09/26;SANTANDER;PUT;Dic-29;3,90;12.5;38,84;-0,02;;3.250
28/09/26;SANTANDER;PUT;Dic-29;5,50;12.5;37,01;-0,06;;25.000
28/09/26;SANTANDER;PUT;Dic-29;8,00;12.5;34,14;-0,15;;11.000
28/09/26;SANTANDER;PUT;Dic-29;10,50;12.5;31,28;-0,28;;100
28/09/26;SANTANDER;PUT;Dic-30;6,00;12.5;35,40;-0,09;;10.000
28/09/26;SANTANDER;PUT;Dic-30;12,50;12.5;28,81;-0,39;;58
28/09/26;SANTANDER;PUT;Dic-30;13,00;12.5;28,60;-0,42;;185
28/09/26;SANTANDER;CALL;Oct-26;11,00;12.5;33,11;0,96;;40
28/09/26;SANTANDER;CALL;Oct-26;12,00;12.5;29,69;0,75;;52
28/09/26;SANTANDER;CALL;Oct-26;12,50;12.5;27,99;0,52;;40
28/09/26;SANTANDER;CALL;Oct-26;13,00;12.5;27,48;0,28;10;82
28/09/26;SANTANDER;CALL;Oct-26;13,00;12.5;27,48;0,28;;62
28/09/26;SANTANDER;CALL;Oct-26;13,50;12.5;26,97;0,11;;4.596
28/09/26;SANTANDER;CALL;Oct-26;13,50;12.5;26,97;0,11;;10
28/09/26;SANTANDER;CALL;Oct-26;14,00;12.5;26,46;0,03;;48.139
28/09/26;SANTANDER;CALL;Nov-26;10,50;12.5;36,78;0,89;;1
28/09/26;SANTANDER;CALL;Nov-26;11,00;12.5;35,08;0,83;;1
28/09/26;SANTANDER;CALL;Nov-26;12,00;12.5;31,66;0,63;;20
28/09/26;SANTANDER;CALL;Nov-26;12,50;12.5;29,96;0,50;10;20
28/09/26;SANTANDER;CALL;Nov-26;13,00;12.5;29,46;0,36;;40
28/09/26;SANTANDER;CALL;Nov-26;13,00;12.5;29,46;0,36;;20
28/09/26;SANTANDER;CALL;Nov-26;13,50;12.5;28,97;0,24;;45
28/09/26;SANTANDER;CALL;Nov-26;13,50;12.5;28,97;0,24;;40
28/09/26;SANTANDER;CALL;Nov-26;14,00;12.5;28,47;0,15;;10
28/09/26;SANTANDER;CALL;Nov-26;14,00;12.5;28,47;0,15;;20
28/09/26;SANTANDER;CALL;Dic-26;5,50;12.5;54,04;0,99;;15
28/09/26;SANTANDER;CALL;Dic-26;6,50;12.5;50,62;0,99;;36
28/09/26;SANTANDER;CALL;Dic-26;8,00;12.5;45,50;0,98;;2
28/09/26;SANTANDER;CALL;Dic-26;8,50;12.5;43,80;0,97;;2
28/09/26;SANTANDER;CALL;Dic-26;8,75;12.5;42,94;0,96;;25
28/09/26;SANTANDER;CALL;Dic-26;9,00;12.5;42,09;0,95;;10
28/09/26;SANTANDER;CALL;Dic-26;10,50;12.5;36,97;0,85;;12
28/09/26;SANTANDER;CALL;Dic-26;12,00;12.5;31,85;0,62;;20
28/09/26;SANTANDER;CALL;Dic-26;12,50;12.5;30,15;0,51;;2
28/09/26;SANTANDER;CALL;Dic-26;13,50;12.5;29,18;0,30;;2
28/09/26;SANTANDER;CALL;Dic-26;14,00;12.5;28,70;0,21;;365
28/09/26;SANTANDER;CALL;Mar-27;4,00;12.5;55,89;0,99;;30
28/09/26;SANTANDER;CALL;Mar-27;5,00;12.5;52,87;0,98;;20
28/09/26;SANTANDER;CALL;Mar-27;10,00;12.5;37,81;0,83;;1
28/09/26;SANTANDER;CALL;Mar-27;12,50;12.5;30,28;0,54;;1
28/09/26;SANTANDER;CALL;Jun-27;14,00;12.5;29,80;0,37;;1
28/09/26;SANTANDER;CALL;Jun-27;15,00;12.5;29,00;0,26;;1
28/09/26;SANTANDER;CALL;Sep-27;11,00;12.5;34,23;0,69;;1
28/09/26;SANTANDER;CALL;Sep-27;13,50;12.5;30,47;0,46;;1
28/09/26;SANTANDER;CALL;Dic-27;14,00;12.5;30,41;0,42;;4
28/09/26;SANTANDER;CALL;Mar-28;14,00;12.5;30,51;0,44;;1
28/09/26;SANTANDER;CALL;Mar-28;14,50;12.5;30,16;0,40;;1
28/09/26;SANTANDER;CALL;Jun-28;14,50;12.5;30,65;0,41;;1
28/09/26;SANTANDER;CALL;Dic-28;6,00;12.5;41,39;0,87;;1
28/09/26;SANTANDER;CALL;Dic-28;7,00;12.5;40,03;0,84;;2
28/09/26;SANTANDER;PUT;Oct-26;11,00;12.5;33,83;-0,04;;2
28/09/26;SANTANDER;PUT;Oct-26;11,50;12.5;32,12;-0,11;;10
28/09/26;SANTANDER;PUT;Oct-26;11,50;12.5;32,12;-0,11;;10
28/09/26;SANTANDER;PUT;Oct-26;12,00;12.5;30,41;-0,26;;33
28/09/26;SANTANDER;PUT;Oct-26;12,50;12.5;28,71;-0,48;;52
28/09/26;SANTANDER;PUT;Oct-26;12,50;12.5;28,71;-0,48;;52
28/09/26;SANTANDER;PUT;Oct-26;13,00;12.5;28,20;-0,71;;101
28/09/26;SANTANDER;PUT;Oct-26;13,50;12.5;27,69;-0,88;;10
28/09/26;SANTANDER;PUT;Oct-26;14,50;12.5;26,68;-0,99;;20
28/09/26;SANTANDER;PUT;Oct-26;15,00;12.5;26,17;-1,00;;10
28/09/26;SANTANDER;PUT;Nov-26;11,00;12.5;34,29;-0,16;2;4
28/09/26;SANTANDER;PUT;Nov-26;11,50;12.5;32,58;-0,25;;20
28/09/26;SANTANDER;PUT;Nov-26;12,00;12.5;30,87;-0,37;;12
28/09/26;SANTANDER;PUT;Nov-26;12,00;12.5;30,87;-0,37;10;72
28/09/26;SANTANDER;PUT;Nov-26;12,50;12.5;29,17;-0,50;;32
28/09/26;SANTANDER;PUT;Nov-26;13,00;12.5;28,67;-0,64;;20
28/09/26;SANTANDER;PUT;Nov-26;15,50;12.5;26,20;-0,98;;5
28/09/26;SANTANDER;PUT;Dic-26;6,75;12.5;48,45;;;2.800
28/09/26;SANTANDER;PUT;Dic-26;9,00;12.5;40,77;-0,04;;10
28/09/26;SANTANDER;PUT;Dic-26;9,75;12.5;38,21;-0,08;;26
28/09/26;SANTANDER;PUT;Dic-26;10,00;12.5;37,36;-0,09;;25
28/09/26;SANTANDER;PUT;Dic-26;10,50;12.5;35,65;-0,14;;10
28/09/26;SANTANDER;PUT;Dic-26;11,00;12.5;33,95;-0,20;;20
28/09/26;SANTANDER;PUT;Dic-26;11,00;12.5;33,95;-0,20;;10
28/09/26;SANTANDER;PUT;Dic-26;11,50;12.5;32,24;-0,28;;2
28/09/26;SANTANDER;PUT;Dic-26;12,00;12.5;30,53;-0,37;10;37
28/09/26;SANTANDER;PUT;Dic-26;12,50;12.5;28,83;-0,49;;2
28/09/26;SANTANDER;PUT;Dic-26;13,00;12.5;28,34;-0,60;;1
28/09/26;SANTANDER;PUT;Dic-26;16,00;12.5;25,46;-0,97;;10
28/09/26;SANTANDER;PUT;Mar-27;9,00;12.5;39,37;-0,09;;2
28/09/26;SANTANDER;PUT;Mar-27;12,00;12.5;30,33;-0,37;;1
28/09/26;SANTANDER;PUT;Mar-27;12,50;12.5;28,83;-0,45;;2
28/09/26;SANTANDER;PUT;Mar-27;16,50;12.5;25,52;-0,92;;5
28/09/26;SANTANDER;PUT;Jun-27;11,50;12.5;32,51;-0,32;;1
28/09/26;SANTANDER;PUT;Jun-27;12,00;12.5;31,32;-0,38;;1
28/09/26;SANTANDER;PUT;Sep-27;12,00;12.5;31,50;-0,37;;1
28/09/26;SANTANDER;PUT;Dic-27;11,00;12.5;33,16;-0,29;;1
28/09/26;SANTANDER;PUT;Dic-29;10,50;12.5;31,28;-0,25;;60
28/09/26;SOLARIA;CALL;Oct-26;16,00;15.93;53,17;0,51;;3
28/09/26;SOLARIA;CALL;Oct-26;19,00;15.93;50,60;0,07;;8
28/09/26;SOLARIA;CALL;Nov-26;16,00;15.93;53,16;0,54;;3
28/09/26;SOLARIA;CALL;Dic-26;18,00;15.93;49,53;0,35;;9
28/09/26;SOLARIA;CALL;Dic-26;20,00;15.93;48,23;0,20;;4
28/09/26;SOLARIA;PUT;Nov-26;14,50;15.93;56,45;-0,29;;5
28/09/26;SOLARIA;PUT;Nov-26;15,00;15.93;55,31;-0,34;;5
28/09/26;SOLARIA;PUT;Nov-26;16,00;15.93;53,13;-0,46;;3
28/09/26;SOLARIA;PUT;Dic-26;14,00;15.93;54,77;-0,26;;1
28/09/26;SOLARIA;PUT;Dic-26;14,50;15.93;53,74;-0,30;;8
28/09/26;SOLARIA;PUT;Dic-26;18,00;15.93;49,47;-0,65;;5
28/09/26;SOLARIA;PUT;Dic-26;22,00;15.93;46,87;-0,92;;25
28/09/26;SOLARIA;PUT;Mar-27;14,00;15.93;50,63;-0,28;;5
28/09/26;SOLARIA;PUT;Jun-27;24,00;15.93;45,42;-0,83;;20
28/09/26;SOLARIA;PUT;Jun-27;26,00;15.93;45,17;-0,89;;20
28/09/26;TECNICAS REUNIDAS;CALL;Oct-26;27,49;26.46;47,33;0,38;;8
28/09/26;TECNICAS REUNIDAS;CALL;Oct-26;28,41;26.46;46,70;0,27;;10
28/09/26;TECNICAS REUNIDAS;CALL;Oct-26;29,32;26.46;46,08;0,18;;13
28/09/26;TECNICAS REUNIDAS;CALL;Oct-26;30,24;26.46;45,46;0,11;;19
28/09/26;TECNICAS REUNIDAS;CALL;Oct-26;34,82;26.46;42,34;;;2
28/09/26;TECNICAS REUNIDAS;CALL;Oct-26;36,65;26.46;41,10;;;5
28/09/26;TECNICAS REUNIDAS;CALL;Nov-26;30,24;26.46;45,17;0,24;;10
28/09/26;TECNICAS REUNIDAS;CALL;Nov-26;32,07;26.46;43,90;0,13;;4
28/09/26;TECNICAS REUNIDAS;CALL;Nov-26;32,99;26.46;43,27;0,09;;5
28/09/26;TECNICAS REUNIDAS;CALL;Nov-26;33,90;26.46;42,64;0,06;;5
28/09/26;TECNICAS REUNIDAS;CALL;Nov-26;35,74;26.46;41,36;0,03;;5
28/09/26;TECNICAS REUNIDAS;CALL;Dic-26;27,49;26.46;51,17;0,47;;10
28/09/26;TECNICAS REUNIDAS;CALL;Dic-26;35,74;26.46;46,18;0,09;;3
28/09/26;TECNICAS REUNIDAS;CALL;Dic-26;41,23;26.46;42,86;0,01;;5
28/09/26;TECNICAS REUNIDAS;CALL;Mar-27;37,00;26.46;48,42;0,19;;1
28/09/26;TECNICAS REUNIDAS;CALL;Jun-27;26,00;26.46;49,81;0,59;;4
28/09/26;TECNICAS REUNIDAS;CALL;Jun-27;29,00;26.46;48,60;0,49;;12
28/09/26;TECNICAS REUNIDAS;CALL;Mar-28;36,00;26.46;41,74;0,35;;20
28/09/26;TECNICAS REUNIDAS;CALL;Mar-28;37,00;26.46;41,66;0,33;;5
28/09/26;TECNICAS REUNIDAS;CALL;Mar-28;38,00;26.46;41,59;0,31;;20
28/09/26;TECNICAS REUNIDAS;PUT;Oct-26;20,16;26.46;51,70;-0,01;;5
28/09/26;TECNICAS REUNIDAS;PUT;Oct-26;23,82;26.46;44,87;-0,13;;15
28/09/26;TECNICAS REUNIDAS;PUT;Oct-26;24,74;26.46;43,16;-0,22;;1
28/09/26;TECNICAS REUNIDAS;PUT;Nov-26;19,24;26.46;51,66;-0,06;;3
28/09/26;TECNICAS REUNIDAS;PUT;Nov-26;21,99;26.46;46,50;-0,16;;2
28/09/26;TECNICAS REUNIDAS;PUT;Nov-26;24,74;26.46;41,34;-0,37;;2
28/09/26;TECNICAS REUNIDAS;PUT;Nov-26;25,66;26.46;39,61;-0,46;;1
28/09/26;TECNICAS REUNIDAS;PUT;Dic-26;18,33;26.46;52,56;-0,07;;2
28/09/26;TECNICAS REUNIDAS;PUT;Dic-26;20,16;26.46;49,44;-0,12;;2
28/09/26;TECNICAS REUNIDAS;PUT;Dic-26;21,07;26.46;47,90;-0,15;;5
28/09/26;TECNICAS REUNIDAS;PUT;Dic-26;22,91;26.46;44,77;-0,25;;2
28/09/26;TECNICAS REUNIDAS;PUT;Dic-26;23,82;26.46;43,22;-0,31;1;1
28/09/26;TECNICAS REUNIDAS;PUT;Dic-26;26,57;26.46;38,66;-0,53;;10
28/09/26;TECNICAS REUNIDAS;PUT;Dic-26;27,49;26.46;38,11;-0,60;;10
28/09/26;TECNICAS REUNIDAS;PUT;Mar-27;16,00;26.46;55,58;-0,07;;1
28/09/26;TECNICAS REUNIDAS;PUT;Mar-27;30,00;26.46;39,70;-0,66;;5
28/09/26;TECNICAS REUNIDAS;PUT;Jun-27;18,00;26.46;50,11;-0,14;;3
28/09/26;TECNICAS REUNIDAS;PUT;Jun-27;32,00;26.46;38,73;-0,69;;2
28/09/26;TECNICAS REUNIDAS;PUT;Sep-27;24,00;26.46;41,53;-0,34;;4
28/09/26;TECNICAS REUNIDAS;PUT;Sep-27;28,00;26.46;38,83;-0,50;;1
28/09/26;TECNICAS REUNIDAS;PUT;Jun-28;18,50;26.46;42,16;-0,18;;5
28/09/26;TECNICAS REUNIDAS;PUT;Dic-26;26,00;26.46;39,51;-0,47;;5
28/09/26;TECNICAS REUNIDAS;PUT;Dic-26;27,00;26.46;38,40;-0,55;;5
28/09/26;TELEFONICA;CALL;Oct-26;3,40;3.41;18,80;0,54;;1
28/09/26;TELEFONICA;CALL;Oct-26;3,50;3.41;18,46;0,27;;10
28/09/26;TELEFONICA;CALL;Oct-26;3,60;3.41;18,15;0,09;;2
28/09/26;TELEFONICA;CALL;Oct-26;3,70;3.41;17,85;0,02;;25.039
28/09/26;TELEFONICA;CALL;Oct-26;3,80;3.41;17,55;;;92
28/09/26;TELEFONICA;CALL;Oct-26;3,90;3.41;17,24;;;2
28/09/26;TELEFONICA;CALL;Nov-26;3,20;3.41;25,02;0,77;;1
28/09/26;TELEFONICA;CALL;Nov-26;3,50;3.41;23,02;0,41;;11
28/09/26;TELEFONICA;CALL;Nov-26;3,70;3.41;22,45;0,19;;68
28/09/26;TELEFONICA;CALL;Nov-26;3,80;3.41;22,16;0,11;;7.000
28/09/26;TELEFONICA;CALL;Nov-26;4,00;3.41;21,60;0,03;;88
28/09/26;TELEFONICA;CALL;Dic-26;2,80;3.41;29,26;0,94;;2.000
28/09/26;TELEFONICA;CALL;Dic-26;2,90;3.41;28,48;0,90;;1
28/09/26;TELEFONICA;CALL;Dic-26;3,00;3.41;27,70;0,86;;9
28/09/26;TELEFONICA;CALL;Dic-26;3,20;3.41;26,13;0,73;;5
28/09/26;TELEFONICA;CALL;Dic-26;3,30;3.41;25,35;0,65;;10
28/09/26;TELEFONICA;CALL;Dic-26;3,40;3.41;24,56;0,55;;65
28/09/26;TELEFONICA;CALL;Dic-26;3,50;3.41;24,24;0,45;;194
28/09/26;TELEFONICA;CALL;Dic-26;3,60;3.41;23,94;0,35;;86.509
28/09/26;TELEFONICA;CALL;Dic-26;3,70;3.41;23,65;0,26;;1.959
28/09/26;TELEFONICA;CALL;Dic-26;3,80;3.41;23,36;0,19;;2.330
28/09/26;TELEFONICA;CALL;Dic-26;3,90;3.41;23,06;0,13;;1.057
28/09/26;TELEFONICA;CALL;Dic-26;4,00;3.41;22,77;0,08;;120.750
28/09/26;TELEFONICA;CALL;Dic-26;4,10;3.41;22,48;0,05;;570
28/09/26;TELEFONICA;CALL;Dic-26;4,20;3.41;22,18;0,03;;1.214
28/09/26;TELEFONICA;CALL;Dic-26;4,30;3.41;21,89;0,02;;511
28/09/26;TELEFONICA;CALL;Dic-26;4,40;3.41;21,60;0,01;;14
28/09/26;TELEFONICA;CALL;Dic-26;4,50;3.41;21,30;;;43.670
28/09/26;TELEFONICA;CALL;Dic-26;4,60;3.41;21,01;;;35.000
28/09/26;TELEFONICA;CALL;Dic-26;4,70;3.41;20,71;;;20.010
28/09/26;TELEFONICA;CALL;Dic-26;4,90;3.41;20,13;;;8.004
28/09/26;TELEFONICA;CALL;Dic-26;5,00;3.41;19,83;;;771
28/09/26;TELEFONICA;CALL;Dic-26;5,25;3.41;19,10;;;8
28/09/26;TELEFONICA;CALL;Dic-26;5,50;3.41;18,37;;;2
28/09/26;TELEFONICA;CALL;Mar-27;2,20;3.41;31,60;0,99;;1
28/09/26;TELEFONICA;CALL;Mar-27;3,10;3.41;26,49;0,75;;30
28/09/26;TELEFONICA;CALL;Mar-27;3,20;3.41;25,92;0,70;;10
28/09/26;TELEFONICA;CALL;Mar-27;3,40;3.41;24,79;0,57;;1
28/09/26;TELEFONICA;CALL;Mar-27;3,50;3.41;24,45;0,50;;2
28/09/26;TELEFONICA;CALL;Mar-27;3,60;3.41;24,13;0,43;;56
28/09/26;TELEFONICA;CALL;Mar-27;3,70;3.41;23,80;0,37;;523
28/09/26;TELEFONICA;CALL;Mar-27;3,80;3.41;23,48;0,30;1;294
28/09/26;TELEFONICA;CALL;Mar-27;4,00;3.41;22,84;0,20;;140
28/09/26;TELEFONICA;CALL;Mar-27;4,20;3.41;22,19;0,11;;70
28/09/26;TELEFONICA;CALL;Mar-27;4,30;3.41;21,87;0,08;;4
28/09/26;TELEFONICA;CALL;Mar-27;4,40;3.41;21,54;0,06;;5.000
28/09/26;TELEFONICA;CALL;Mar-27;4,60;3.41;20,90;0,03;;20.000
28/09/26;TELEFONICA;CALL;Mar-27;4,80;3.41;20,25;0,01;;25
28/09/26;TELEFONICA;CALL;Jun-27;2,00;3.41;31,42;0,99;;10
28/09/26;TELEFONICA;CALL;Jun-27;3,00;3.41;27,02;0,79;;5
28/09/26;TELEFONICA;CALL;Jun-27;3,50;3.41;24,93;0,53;;1
28/09/26;TELEFONICA;CALL;Jun-27;3,60;3.41;24,61;0,47;;100
28/09/26;TELEFONICA;CALL;Jun-27;3,80;3.41;23,96;0,36;;26
28/09/26;TELEFONICA;CALL;Jun-27;3,90;3.41;23,64;0,31;;14
28/09/26;TELEFONICA;CALL;Jun-27;4,00;3.41;23,32;0,26;;58
28/09/26;TELEFONICA;CALL;Jun-27;4,10;3.41;22,99;0,21;;4.028
28/09/26;TELEFONICA;CALL;Jun-27;4,20;3.41;22,67;0,18;;24.007
28/09/26;TELEFONICA;CALL;Jun-27;4,30;3.41;22,35;0,14;;102
28/09/26;TELEFONICA;CALL;Jun-27;4,40;3.41;22,02;0,11;;456
28/09/26;TELEFONICA;CALL;Jun-27;4,50;3.41;21,70;0,08;;6.700
28/09/26;TELEFONICA;CALL;Jun-27;4,70;3.41;21,06;0,05;;10
28/09/26;TELEFONICA;CALL;Jun-27;4,80;3.41;20,73;0,03;;150
28/09/26;TELEFONICA;CALL;Jun-27;4,90;3.41;20,41;0,02;;150
28/09/26;TELEFONICA;CALL;Jun-27;5,00;3.41;20,09;0,02;;150
28/09/26;TELEFONICA;CALL;Jun-27;5,50;3.41;18,47;;;5
28/09/26;TELEFONICA;CALL;Jun-27;5,75;3.41;17,67;;;20
28/09/26;TELEFONICA;CALL;Sep-27;3,00;3.41;26,66;0,78;;4
28/09/26;TELEFONICA;CALL;Sep-27;3,30;3.41;25,61;0,63;;10
28/09/26;TELEFONICA;CALL;Sep-27;3,60;3.41;24,72;0,48;;10
28/09/26;TELEFONICA;CALL;Sep-27;3,70;3.41;24,46;0,43;;31
28/09/26;TELEFONICA;CALL;Sep-27;3,80;3.41;24,19;0,38;;4
28/09/26;TELEFONICA;CALL;Sep-27;3,90;3.41;23,93;0,33;;150
28/09/26;TELEFONICA;CALL;Sep-27;4,60;3.41;22,08;0,10;;2
28/09/26;TELEFONICA;CALL;Sep-27;5,50;3.41;19,70;0,01;;22
28/09/26;TELEFONICA;CALL;Dic-27;2,30;3.41;29,30;0,96;;10
28/09/26;TELEFONICA;CALL;Dic-27;2,40;3.41;28,98;0,94;;10
28/09/26;TELEFONICA;CALL;Dic-27;2,50;3.41;28,67;0,92;;10
28/09/26;TELEFONICA;CALL;Dic-27;2,60;3.41;28,36;0,89;;10
28/09/26;TELEFONICA;CALL;Dic-27;2,70;3.41;28,04;0,86;;25
28/09/26;TELEFONICA;CALL;Dic-27;2,80;3.41;27,73;0,83;;15
28/09/26;TELEFONICA;CALL;Dic-27;2,90;3.41;27,42;0,79;;15
28/09/26;TELEFONICA;CALL;Dic-27;3,00;3.41;27,10;0,76;;3
28/09/26;TELEFONICA;CALL;Dic-27;3,10;3.41;26,79;0,71;;10
28/09/26;TELEFONICA;CALL;Dic-27;3,20;3.41;26,48;0,67;;750
28/09/26;TELEFONICA;CALL;Dic-27;3,50;3.41;25,62;0,53;;142
28/09/26;TELEFONICA;CALL;Dic-27;3,60;3.41;25,40;0,49;;21
28/09/26;TELEFONICA;CALL;Dic-27;3,70;3.41;25,17;0,44;;6
28/09/26;TELEFONICA;CALL;Dic-27;3,80;3.41;24,95;0,40;;9.013
28/09/26;TELEFONICA;CALL;Dic-27;3,90;3.41;24,72;0,36;;1
28/09/26;TELEFONICA;CALL;Dic-27;4,00;3.41;24,50;0,32;;870
28/09/26;TELEFONICA;CALL;Dic-27;4,10;3.41;24,27;0,28;;102
28/09/26;TELEFONICA;CALL;Dic-27;4,20;3.41;24,05;0,25;;3
28/09/26;TELEFONICA;CALL;Dic-27;4,30;3.41;23,82;0,22;;36
28/09/26;TELEFONICA;CALL;Dic-27;4,40;3.41;23,60;0,19;;79
28/09/26;TELEFONICA;CALL;Dic-27;4,50;3.41;23,37;0,16;;139
28/09/26;TELEFONICA;CALL;Dic-27;4,60;3.41;23,15;0,14;;4.001
28/09/26;TELEFONICA;CALL;Dic-27;4,70;3.41;22,92;0,12;;30.150
28/09/26;TELEFONICA;CALL;Dic-27;5,00;3.41;22,25;0,07;;486
28/09/26;TELEFONICA;CALL;Dic-27;5,25;3.41;21,68;0,04;;167
28/09/26;TELEFONICA;CALL;Dic-27;5,50;3.41;21,12;0,02;;25
28/09/26;TELEFONICA;CALL;Dic-27;6,00;3.41;20,00;0,01;;21.105
28/09/26;TELEFONICA;CALL;Mar-28;2,10;3.41;29,92;0,97;;10
28/09/26;TELEFONICA;CALL;Mar-28;2,20;3.41;29,65;0,96;;10
28/09/26;TELEFONICA;CALL;Mar-28;2,30;3.41;29,37;0,94;;10
28/09/26;TELEFONICA;CALL;Mar-28;2,40;3.41;29,10;0,92;;10
28/09/26;TELEFONICA;CALL;Mar-28;2,50;3.41;28,82;0,90;;10
28/09/26;TELEFONICA;CALL;Mar-28;2,60;3.41;28,55;0,87;;10
28/09/26;TELEFONICA;CALL;Mar-28;2,70;3.41;28,28;0,84;;50
28/09/26;TELEFONICA;CALL;Mar-28;2,80;3.41;28,00;0,81;;15
28/09/26;TELEFONICA;CALL;Mar-28;2,90;3.41;27,73;0,77;;15
28/09/26;TELEFONICA;CALL;Mar-28;3,00;3.41;27,45;0,74;;20
28/09/26;TELEFONICA;CALL;Mar-28;3,10;3.41;27,18;0,70;;20
28/09/26;TELEFONICA;CALL;Mar-28;3,20;3.41;26,91;0,66;;27
28/09/26;TELEFONICA;CALL;Mar-28;3,30;3.41;26,63;0,62;;25
28/09/26;TELEFONICA;CALL;Mar-28;3,40;3.41;26,36;0,58;;521
28/09/26;TELEFONICA;CALL;Mar-28;3,50;3.41;26,15;0,54;;35
28/09/26;TELEFONICA;CALL;Mar-28;3,60;3.41;25,94;0,50;;26
28/09/26;TELEFONICA;CALL;Mar-28;3,70;3.41;25,74;0,46;;25
28/09/26;TELEFONICA;CALL;Mar-28;3,80;3.41;25,53;0,43;;1
28/09/26;TELEFONICA;CALL;Mar-28;4,00;3.41;25,12;0,36;;10
28/09/26;TELEFONICA;CALL;Mar-28;4,10;3.41;24,92;0,32;;1
28/09/26;TELEFONICA;CALL;Mar-28;4,50;3.41;24,09;0,21;;100
28/09/26;TELEFONICA;CALL;Mar-28;4,60;3.41;23,89;0,19;;1
28/09/26;TELEFONICA;CALL;Jun-28;4,00;3.41;25,41;0,38;;100
28/09/26;TELEFONICA;CALL;Jun-28;4,50;3.41;24,53;0,23;;27
28/09/26;TELEFONICA;CALL;Jun-28;4,60;3.41;24,35;0,21;;150
28/09/26;TELEFONICA;CALL;Jun-28;4,70;3.41;24,17;0,19;;175
28/09/26;TELEFONICA;CALL;Jun-28;5,00;3.41;23,64;0,13;;4
28/09/26;TELEFONICA;CALL;Sep-28;3,50;3.41;26,38;0,55;;30
28/09/26;TELEFONICA;CALL;Sep-28;4,00;3.41;25,54;0,39;;1
28/09/26;TELEFONICA;CALL;Dic-28;2,90;3.41;27,71;0,75;;25
28/09/26;TELEFONICA;CALL;Dic-28;3,00;3.41;27,54;0,72;;50
28/09/26;TELEFONICA;CALL;Dic-28;3,10;3.41;27,36;0,69;;50
28/09/26;TELEFONICA;CALL;Dic-28;3,20;3.41;27,18;0,65;;25
28/09/26;TELEFONICA;CALL;Dic-28;3,50;3.41;26,68;0,55;;30
28/09/26;TELEFONICA;CALL;Dic-28;3,60;3.41;26,54;0,52;;50
28/09/26;TELEFONICA;CALL;Dic-28;3,70;3.41;26,39;0,49;;5
28/09/26;TELEFONICA;CALL;Dic-28;3,80;3.41;26,24;0,46;;23
28/09/26;TELEFONICA;CALL;Dic-28;4,00;3.41;25,95;0,40;;18
28/09/26;TELEFONICA;CALL;Dic-28;4,50;3.41;25,22;0,28;;55
28/09/26;TELEFONICA;CALL;Dic-28;4,80;3.41;24,78;0,21;;10
28/09/26;TELEFONICA;CALL;Dic-28;5,00;3.41;24,48;0,18;;65
28/09/26;TELEFONICA;CALL;Dic-28;5,25;3.41;24,12;0,14;;50
28/09/26;TELEFONICA;CALL;Jun-29;4,50;3.41;25,88;0,32;;5
28/09/26;TELEFONICA;CALL;Dic-29;3,40;3.41;27,62;0,60;;10
28/09/26;TELEFONICA;CALL;Dic-29;4,30;3.41;26,56;0,39;;1
28/09/26;TELEFONICA;CALL;Dic-29;4,50;3.41;26,33;0,34;;37
28/09/26;TELEFONICA;CALL;Dic-29;5,00;3.41;25,74;0,25;;543
28/09/26;TELEFONICA;CALL;Jun-30;5,75;3.41;25,33;0,18;;400
28/09/26;TELEFONICA;CALL;Dic-30;4,50;3.41;26,96;0,39;;3
28/09/26;TELEFONICA;CALL;Jun-31;4,40;3.41;27,30;0,42;;50
28/09/26;TELEFONICA;PUT;Oct-26;3,20;3.41;21,94;-0,09;;10
28/09/26;TELEFONICA;PUT;Oct-26;3,30;3.41;21,12;-0,24;;10
28/09/26;TELEFONICA;PUT;Oct-26;3,40;3.41;20,30;-0,46;;13
28/09/26;TELEFONICA;PUT;Oct-26;3,50;3.41;19,96;-0,72;;82
28/09/26;TELEFONICA;PUT;Oct-26;3,60;3.41;19,65;-0,90;;20.849
28/09/26;TELEFONICA;PUT;Oct-26;3,70;3.41;19,35;-0,99;;30
28/09/26;TELEFONICA;PUT;Oct-26;3,80;3.41;19,05;-1,00;8;
28/09/26;TELEFONICA;PUT;Oct-26;3,90;3.41;18,74;-1,00;12;
28/09/26;TELEFONICA;PUT;Oct-26;4,00;3.41;18,44;-1,00;30;
28/09/26;TELEFONICA;PUT;Nov-26;3,20;3.41;24,83;-0,23;;13
28/09/26;TELEFONICA;PUT;Nov-26;3,30;3.41;23,99;-0,34;;20
28/09/26;TELEFONICA;PUT;Nov-26;3,40;3.41;23,15;-0,46;;34
28/09/26;TELEFONICA;PUT;Nov-26;3,50;3.41;22,83;-0,60;3;129
28/09/26;TELEFONICA;PUT;Nov-26;3,60;3.41;22,54;-0,72;;4
28/09/26;TELEFONICA;PUT;Nov-26;3,70;3.41;22,26;-0,83;;25
28/09/26;TELEFONICA;PUT;Nov-26;3,80;3.41;21,97;-0,91;;45
28/09/26;TELEFONICA;PUT;Dic-26;2,50;3.41;31,00;-0,01;;8
28/09/26;TELEFONICA;PUT;Dic-26;2,80;3.41;28,65;-0,06;;100
28/09/26;TELEFONICA;PUT;Dic-26;2,90;3.41;27,87;-0,09;;50
28/09/26;TELEFONICA;PUT;Dic-26;3,00;3.41;27,09;-0,14;;23
28/09/26;TELEFONICA;PUT;Dic-26;3,10;3.41;26,30;-0,20;;200
28/09/26;TELEFONICA;PUT;Dic-26;3,20;3.41;25,52;-0,27;;177
28/09/26;TELEFONICA;PUT;Dic-26;3,30;3.41;24,74;-0,36;6;53
28/09/26;TELEFONICA;PUT;Dic-26;3,40;3.41;23,95;-0,46;;65.267
28/09/26;TELEFONICA;PUT;Dic-26;3,50;3.41;23,63;-0,56;;20.219
28/09/26;TELEFONICA;PUT;Dic-26;3,60;3.41;23,33;-0,66;;95.174
28/09/26;TELEFONICA;PUT;Dic-26;3,70;3.41;23,04;-0,76;;320
28/09/26;TELEFONICA;PUT;Dic-26;3,80;3.41;22,75;-0,84;;348
28/09/26;TELEFONICA;PUT;Dic-26;3,90;3.41;22,45;-0,91;;2.733
28/09/26;TELEFONICA;PUT;Dic-26;4,00;3.41;22,16;-0,96;;107.538
28/09/26;TELEFONICA;PUT;Dic-26;4,10;3.41;21,87;-1,00;;9
28/09/26;TELEFONICA;PUT;Dic-26;4,20;3.41;21,57;-1,00;8;
28/09/26;TELEFONICA;PUT;Dic-26;4,30;3.41;21,28;-1,00;83;
28/09/26;TELEFONICA;PUT;Dic-26;4,50;3.41;20,69;-1,00;;37.510
28/09/26;TELEFONICA;PUT;Dic-26;4,60;3.41;20,40;-1,00;;15.000
28/09/26;TELEFONICA;PUT;Mar-27;3,10;3.41;26,89;-0,26;;13
28/09/26;TELEFONICA;PUT;Mar-27;3,20;3.41;26,32;-0,31;;33
28/09/26;TELEFONICA;PUT;Mar-27;3,30;3.41;25,76;-0,37;;6
28/09/26;TELEFONICA;PUT;Mar-27;3,40;3.41;25,19;-0,44;;11
28/09/26;TELEFONICA;PUT;Mar-27;3,50;3.41;24,85;-0,51;;78
28/09/26;TELEFONICA;PUT;Mar-27;3,60;3.41;24,53;-0,58;;50
28/09/26;TELEFONICA;PUT;Mar-27;3,70;3.41;24,20;-0,65;;19
28/09/26;TELEFONICA;PUT;Mar-27;3,80;3.41;23,88;-0,72;;220
28/09/26;TELEFONICA;PUT;Mar-27;3,90;3.41;23,56;-0,78;;724
28/09/26;TELEFONICA;PUT;Mar-27;4,00;3.41;23,24;-0,84;;681
28/09/26;TELEFONICA;PUT;Mar-27;4,10;3.41;22,91;-0,89;;29
28/09/26;TELEFONICA;PUT;Mar-27;4,20;3.41;22,59;-0,94;;600
28/09/26;TELEFONICA;PUT;Mar-27;4,50;3.41;21,62;-1,00;15;5
28/09/26;TELEFONICA;PUT;Mar-27;4,60;3.41;21,30;-1,00;;20.000
28/09/26;TELEFONICA;PUT;Mar-27;6,00;3.41;16,78;-1,00;20;
28/09/26;TELEFONICA;PUT;Jun-27;3,10;3.41;24,69;-0,33;;2
28/09/26;TELEFONICA;PUT;Jun-27;3,20;3.41;24,25;-0,38;;25
28/09/26;TELEFONICA;PUT;Jun-27;3,30;3.41;23,81;-0,44;;25
28/09/26;TELEFONICA;PUT;Jun-27;3,40;3.41;23,37;-0,50;;41
28/09/26;TELEFONICA;PUT;Jun-27;3,50;3.41;23,04;-0,56;;52
28/09/26;TELEFONICA;PUT;Jun-27;3,60;3.41;22,72;-0,62;;25.100
28/09/26;TELEFONICA;PUT;Jun-27;3,70;3.41;22,39;-0,68;;22
28/09/26;TELEFONICA;PUT;Jun-27;3,80;3.41;22,07;-0,73;;4.565
28/09/26;TELEFONICA;PUT;Jun-27;3,90;3.41;21,75;-0,78;;19
28/09/26;TELEFONICA;PUT;Jun-27;4,00;3.41;21,43;-0,82;;10
28/09/26;TELEFONICA;PUT;Jun-27;4,10;3.41;21,10;-0,86;;20
28/09/26;TELEFONICA;PUT;Jun-27;4,20;3.41;20,78;-0,89;;20
28/09/26;TELEFONICA;PUT;Jun-27;4,30;3.41;20,46;-0,92;;20
28/09/26;TELEFONICA;PUT;Jun-27;4,40;3.41;20,13;-0,94;;5
28/09/26;TELEFONICA;PUT;Jun-27;4,60;3.41;19,49;-0,97;;4
28/09/26;TELEFONICA;PUT;Jun-27;5,00;3.41;18,20;-1,00;;96
28/09/26;TELEFONICA;PUT;Jun-27;5,50;3.41;16,58;-1,00;;240
28/09/26;TELEFONICA;PUT;Sep-27;2,50;3.41;24,89;-0,10;;20
28/09/26;TELEFONICA;PUT;Sep-27;2,90;3.41;23,49;-0,23;;33
28/09/26;TELEFONICA;PUT;Sep-27;3,00;3.41;23,13;-0,28;;6
28/09/26;TELEFONICA;PUT;Sep-27;3,10;3.41;22,78;-0,33;;1
28/09/26;TELEFONICA;PUT;Sep-27;3,20;3.41;22,43;-0,38;;5
28/09/26;TELEFONICA;PUT;Sep-27;3,40;3.41;21,72;-0,49;;55
28/09/26;TELEFONICA;PUT;Sep-27;3,70;3.41;20,93;-0,66;;2
28/09/26;TELEFONICA;PUT;Sep-27;3,80;3.41;20,66;-0,71;;1
28/09/26;TELEFONICA;PUT;Sep-27;4,00;3.41;20,13;-0,80;;4
28/09/26;TELEFONICA;PUT;Sep-27;4,10;3.41;19,87;-0,84;;21
28/09/26;TELEFONICA;PUT;Sep-27;4,20;3.41;19,61;-0,87;;2
28/09/26;TELEFONICA;PUT;Sep-27;5,75;3.41;15,51;-1,00;;25
28/09/26;TELEFONICA;PUT;Dic-27;2,20;3.41;26,52;-0,05;;6.000
28/09/26;TELEFONICA;PUT;Dic-27;2,80;3.41;24,64;-0,21;;15
28/09/26;TELEFONICA;PUT;Dic-27;3,00;3.41;24,01;-0,29;;7.500
28/09/26;TELEFONICA;PUT;Dic-27;3,20;3.41;23,39;-0,38;;1
28/09/26;TELEFONICA;PUT;Dic-27;3,30;3.41;23,07;-0,43;;5
28/09/26;TELEFONICA;PUT;Dic-27;3,40;3.41;22,76;-0,48;;10
28/09/26;TELEFONICA;PUT;Dic-27;3,50;3.41;22,53;-0,53;;10
28/09/26;TELEFONICA;PUT;Dic-27;3,60;3.41;22,31;-0,58;;30.000
28/09/26;TELEFONICA;PUT;Dic-27;3,70;3.41;22,08;-0,63;;5
28/09/26;TELEFONICA;PUT;Dic-27;3,80;3.41;21,86;-0,67;;9.003
28/09/26;TELEFONICA;PUT;Dic-27;4,00;3.41;21,41;-0,76;;20.003
28/09/26;TELEFONICA;PUT;Dic-27;4,10;3.41;21,18;-0,79;;3
28/09/26;TELEFONICA;PUT;Dic-27;4,20;3.41;20,96;-0,83;;1
28/09/26;TELEFONICA;PUT;Dic-27;4,30;3.41;20,73;-0,86;;4
28/09/26;TELEFONICA;PUT;Dic-27;4,40;3.41;20,51;-0,89;;3
28/09/26;TELEFONICA;PUT;Dic-27;4,50;3.41;20,28;-0,91;;3
28/09/26;TELEFONICA;PUT;Dic-27;4,60;3.41;20,06;-0,93;;250
28/09/26;TELEFONICA;PUT;Dic-27;4,70;3.41;19,83;-0,95;;30.000
28/09/26;TELEFONICA;PUT;Dic-27;5,00;3.41;19,16;-0,98;;5
28/09/26;TELEFONICA;PUT;Dic-27;5,50;3.41;18,03;-1,00;;5
28/09/26;TELEFONICA;PUT;Mar-28;2,70;3.41;25,07;-0,19;;4
28/09/26;TELEFONICA;PUT;Mar-28;3,30;3.41;23,42;-0,42;;6
28/09/26;TELEFONICA;PUT;Mar-28;3,60;3.41;22,73;-0,56;;10
28/09/26;TELEFONICA;PUT;Mar-28;3,80;3.41;22,32;-0,65;;1
28/09/26;TELEFONICA;PUT;Mar-28;3,90;3.41;22,12;-0,69;;40
28/09/26;TELEFONICA;PUT;Mar-28;4,00;3.41;21,91;-0,73;;25
28/09/26;TELEFONICA;PUT;Mar-28;4,30;3.41;21,30;-0,83;;2
28/09/26;TELEFONICA;PUT;Mar-28;4,50;3.41;20,88;-0,88;;1
28/09/26;TELEFONICA;PUT;Mar-28;4,60;3.41;20,68;-0,91;;1
28/09/26;TELEFONICA;PUT;Mar-28;4,90;3.41;20,06;-0,95;;2
28/09/26;TELEFONICA;PUT;Mar-28;5,25;3.41;19,34;-0,98;;4
28/09/26;TELEFONICA;PUT;Mar-28;5,50;3.41;18,83;-0,99;;17
28/09/26;TELEFONICA;PUT;Jun-28;3,60;3.41;22,82;-0,56;;3
28/09/26;TELEFONICA;PUT;Jun-28;4,10;3.41;21,94;-0,73;;25
28/09/26;TELEFONICA;PUT;Sep-28;4,00;3.41;22,19;-0,68;;25
28/09/26;TELEFONICA;PUT;Sep-28;4,20;3.41;21,86;-0,74;;25
28/09/26;TELEFONICA;PUT;Dic-28;3,00;3.41;23,97;-0,33;;20.000
28/09/26;TELEFONICA;PUT;Dic-28;3,40;3.41;23,26;-0,47;;3
28/09/26;TELEFONICA;PUT;Dic-28;3,50;3.41;23,11;-0,50;;5
28/09/26;TELEFONICA;PUT;Dic-28;4,80;3.41;21,21;-0,86;;50
28/09/26;TELEFONICA;PUT;Dic-29;3,50;3.41;23,37;-0,49;;150
28/09/26;TELEFONICA;CALL;Dic-26;3,70;3.41;23,65;0,26;;54
28/09/26;TELEFONICA;CALL;Dic-26;4,30;3.41;21,89;0,02;;27
28/09/26;TELEFONICA;CALL;Dic-26;5,25;3.41;19,10;;;190
28/09/26;TELEFONICA;CALL;Mar-27;3,80;3.41;23,48;0,30;;40
28/09/26;TELEFONICA;CALL;Sep-27;3,70;3.41;24,46;0,38;;10
28/09/26;TELEFONICA;PUT;Dic-26;3,40;3.41;23,95;-0,45;;4
28/09/26;TELEFONICA;PUT;Dic-26;3,50;3.41;23,63;-0,55;;50
28/09/26;TELEFONICA;PUT;Dic-26;3,80;3.41;22,75;-0,81;;50
28/09/26;TELEFONICA;PUT;Dic-26;3,90;3.41;22,45;-0,87;;10
28/09/26;TELEFONICA;PUT;Dic-26;4,20;3.41;21,57;-0,97;;50
28/09/26;TELEFONICA;PUT;Dic-26;4,30;3.41;21,28;-0,98;;5
28/09/26;TELEFONICA;PUT;Dic-26;4,40;3.41;20,99;-0,99;;5
28/09/26;TELEFONICA;PUT;Dic-26;7,50;3.41;14,00;-0,99;;5
28/09/26;TELEFONICA;PUT;Dic-26;9,50;3.41;14,00;-0,99;;50
28/09/26;TELEFONICA;PUT;Dic-26;11,00;3.41;14,00;-0,99;;52
28/09/26;TELEFONICA;PUT;Dic-26;12,00;3.41;14,00;-0,99;;361
28/09/26;TELEFONICA;PUT;Dic-26;16,50;3.41;14,00;-0,99;;14
28/09/26;TELEFONICA;PUT;Mar-27;3,20;3.41;26,32;-0,30;;800
28/09/26;TELEFONICA;PUT;Mar-27;3,40;3.41;25,19;-0,43;;1.000
28/09/26;TELEFONICA;PUT;Mar-27;3,60;3.41;24,53;-0,56;;1.200
28/09/26;TELEFONICA;PUT;Mar-27;3,80;3.41;23,88;-0,68;;40
28/09/26;TELEFONICA;PUT;Mar-27;7,75;3.41;14,26;-0,99;;750
28/09/26;TELEFONICA;PUT;Jun-27;4,90;3.41;18,52;-0,97;;5
28/09/26;TELEFONICA;PUT;Jun-27;5,50;3.41;16,58;-0,98;;585
28/09/26;TELEFONICA;PUT;Sep-27;3,00;3.41;23,13;-0,26;;4
28/09/26;TELEFONICA;PUT;Dic-27;3,40;3.41;22,76;-0,44;;20
28/09/26;UNICAJA;CALL;Nov-26;3,50;3.54;28,19;0,58;;3
28/09/26;UNICAJA;CALL;Dic-26;3,40;3.54;27,93;0,66;;68
28/09/26;UNICAJA;CALL;Dic-26;3,50;3.54;27,88;0,58;;80
28/09/26;UNICAJA;CALL;Mar-27;3,30;3.54;28,79;0,70;;3
28/09/26;UNICAJA;PUT;Nov-26;3,70;3.54;21,62;-0,68;;3
28/09/26;UNICAJA;PUT;Dic-26;2,30;3.54;22,46;;;5
28/09/26;UNICAJA;PUT;Dic-26;2,50;3.54;22,37;;;4
28/09/26;UNICAJA;PUT;Dic-26;4,00;3.54;21,45;-0,89;;30
28/09/26;VIDRALA;CALL;Dic-26;80,00;89.1;21,23;0,88;;1
28/09/26;VIDRALA;CALL;Dic-26;88,00;89.1;19,35;0,60;;4
28/09/26;VIDRALA;CALL;Dic-26;90,00;89.1;19,03;0,50;;1
28/09/26;VIDRALA;CALL;Mar-27;84,00;89.1;19,43;0,73;;1
28/09/26;VIDRALA;CALL;Mar-27;90,00;89.1;18,52;0,52;;15
28/09/26;VIDRALA;PUT;Dic-26;60,00;89.1;26,52;;;1
28/09/26;VIDRALA;PUT;Dic-26;72,00;89.1;23,69;-0,02;;1
28/09/26;VIDRALA;PUT;Dic-26;74,00;89.1;23,22;-0,04;;3
28/09/26;VIDRALA;PUT;Dic-26;80,00;89.1;21,80;-0,13;;2
28/09/26;VIDRALA;PUT;Mar-27;58,00;89.1;22,90;;;1
28/09/26;VIDRALA;PUT;Mar-27;72,00;89.1;20,54;-0,06;;3
28/09/26;VIDRALA;PUT;Mar-27;76,00;89.1;19,87;-0,12;;10
28/09/26;VISCOFAN;CALL;Oct-26;55,02;53.7;16,03;0,27;;5
28/09/26;VISCOFAN;CALL;Oct-26;60,92;53.7;14,23;;;5
28/09/26;VISCOFAN;CALL;Nov-26;56,99;53.7;15,81;0,19;;4
28/09/26;VISCOFAN;CALL;Dic-26;62,89;53.7;14,62;0,01;;2
28/09/26;VISCOFAN;CALL;Dic-26;64,85;53.7;14,38;;;1
28/09/26;VISCOFAN;CALL;Mar-27;55,02;53.7;18,14;0,44;;1
28/09/26;VISCOFAN;CALL;Mar-27;56,99;53.7;18,08;0,32;;1
28/09/26;VISCOFAN;CALL;Mar-27;72,71;53.7;17,59;;;1
28/09/26;VISCOFAN;CALL;Jun-27;70,75;53.7;17,74;0,03;;5
28/09/26;VISCOFAN;CALL;Sep-27;60,92;53.7;18,56;0,26;;4
28/09/26;VISCOFAN;PUT;Oct-26;45,20;53.7;23,93;;;2
28/09/26;VISCOFAN;PUT;Oct-26;51,09;53.7;19,21;-0,11;;3
28/09/26;VISCOFAN;PUT;Oct-26;53,06;53.7;17,63;-0,36;;9
28/09/26;VISCOFAN;PUT;Oct-26;55,02;53.7;16,72;-0,73;;2
28/09/26;VISCOFAN;PUT;Nov-26;51,09;53.7;22,15;-0,25;1;4
28/09/26;VISCOFAN;PUT;Nov-26;53,06;53.7;20,53;-0,41;;2
28/09/26;VISCOFAN;PUT;Nov-26;55,02;53.7;19,74;-0,60;;10
28/09/26;VISCOFAN;PUT;Nov-26;56,99;53.7;19,35;-0,78;;10
28/09/26;VISCOFAN;PUT;Dic-26;40,29;53.7;32,85;-0,02;;2
28/09/26;VISCOFAN;PUT;Dic-26;42,25;53.7;31,17;-0,04;;1
28/09/26;VISCOFAN;PUT;Dic-26;43,23;53.7;30,33;-0,05;;1
28/09/26;VISCOFAN;PUT;Dic-26;44,22;53.7;29,48;-0,07;;12
28/09/26;VISCOFAN;PUT;Dic-26;45,20;53.7;28,64;-0,08;;1
28/09/26;VISCOFAN;PUT;Dic-26;47,16;53.7;26,96;-0,13;;2
28/09/26;VISCOFAN;PUT;Dic-26;48,15;53.7;26,11;-0,16;;1
28/09/26;VISCOFAN;PUT;Dic-26;49,13;53.7;25,27;-0,20;;5
28/09/26;VISCOFAN;PUT;Dic-26;51,09;53.7;23,60;-0,29;;11
28/09/26;VISCOFAN;PUT;Dic-26;53,06;53.7;21,91;-0,42;;13
28/09/26;VISCOFAN;PUT;Dic-26;55,02;53.7;21,20;-0,56;;2
28/09/26;VISCOFAN;PUT;Mar-27;44,22;53.7;22,05;-0,10;;1
28/09/26;VISCOFAN;PUT;Mar-27;48,15;53.7;19,49;-0,22;;2
28/09/26;VISCOFAN;PUT;Mar-27;49,13;53.7;18,85;-0,27;;7
28/09/26;VISCOFAN;PUT;Mar-27;51,09;53.7;17,57;-0,37;;13
28/09/26;VISCOFAN;PUT;Mar-27;53,06;53.7;16,29;-0,50;;7
28/09/26;VISCOFAN;PUT;Mar-27;55,02;53.7;15,83;-0,64;;12
28/09/26;VISCOFAN;PUT;Mar-27;56,99;53.7;15,77;-0,76;;5
28/09/26;VISCOFAN;PUT;Jun-27;43,23;53.7;20,81;-0,12;;3
28/09/26;VISCOFAN;PUT;Jun-27;44,22;53.7;20,29;-0,14;;2
28/09/26;VISCOFAN;PUT;Jun-27;45,20;53.7;19,78;-0,16;;5
28/09/26;VISCOFAN;PUT;Jun-27;47,16;53.7;18,76;-0,22;;2
28/09/26;VISCOFAN;PUT;Jun-27;51,09;53.7;16,71;-0,39;;2
28/09/26;VISCOFAN;PUT;Jun-27;53,06;53.7;15,68;-0,50;;3
28/09/26;VISCOFAN;PUT;Sep-27;43,23;53.7;19,95;-0,13;;1
28/09/26;VISCOFAN;PUT;Dic-27;44,22;53.7;19,09;-0,16;;1
28/09/26;VISCOFAN;PUT;Dic-28;44,22;53.7;18,16;-0,22;;1
